index,axis-0,axis-1,axis-2
0,2.0,1038.2766515612602,844.4219495952129
1,2.0,1038.3289774358273,1152.5879226624966
2,2.0,1036.688586562872,1055.544765472412
3,2.0,1036.633691906929,1030.198383629322
4,2.0,1037.2854293584824,749.2375277280807
5,2.0,1036.5824756026268,1309.7470100522041
6,2.0,1036.257576674223,848.6845244467258
7,2.0,1035.2769662737846,1364.6846123933792
8,2.0,1034.8549419939518,1141.5395410060883
9,2.0,1034.9633632302284,1125.108916476369
10,2.0,1035.3880533277988,741.3002099692822
11,2.0,1032.6553360819817,1132.6382530629635
12,2.0,1032.756999477744,1077.2816188037395
13,2.0,1033.0249054003507,1035.9764756392688
14,2.0,1032.700648099184,335.9211839437485
15,2.0,1031.907564908266,835.0592829808593
16,2.0,1031.4935005903244,303.35507971048355
17,2.0,1031.454160273075,1290.3434004485607
18,2.0,1031.3213862478733,860.2999813556671
19,2.0,1030.8782513588667,847.2293627262115
20,2.0,1030.7325021922588,743.6593255400658
21,2.0,1030.6051526665688,738.2053396105766
22,2.0,1031.4266046881676,324.5250385403633
23,2.0,1030.6855690181255,298.50188344717026
24,2.0,1029.8320220708847,1029.6210841238499
25,2.0,1030.3055055737495,840.5524722337723
26,2.0,1028.716160029173,1042.3113900125027
27,2.0,1028.2616631686687,1121.2664658427238
28,2.0,1025.586816340685,744.5802403688431
29,2.0,1024.8171369731426,1320.1588120162487
30,2.0,1025.0753180533648,751.1978672146797
31,2.0,1024.0368985123932,392.0538315437734
32,2.0,1022.5030069351196,1367.486521422863
33,2.0,1022.5861212611198,1314.712557286024
34,2.0,1022.2591423094273,1035.6306747198105
35,2.0,1020.7373279035091,1239.1982884258032
36,2.0,1020.5719566941261,805.5279094278812
37,2.0,1020.071548730135,1110.0670784190297
38,2.0,1018.4610312581062,451.3951587677002
39,2.0,1018.5923834443092,309.48686224222183
40,2.0,1014.632983893156,920.5784671008587
41,2.0,1012.8577434271574,1114.1246528178453
42,2.0,1010.7809473723173,323.369996458292
43,2.0,1010.5418996214867,756.4315561652184
44,2.0,1010.1797019392252,388.75457225739956
45,2.0,1010.4567205011845,349.60580310225487
46,2.0,1006.1345235258341,1116.5422801673412
47,2.0,1005.7057794034481,804.4971217513084
48,2.0,1003.5797745883465,771.4146064817905
49,2.0,1002.268514752388,1130.4040737450123
50,2.0,1001.4091537892818,765.503445148468
51,2.0,995.3831769227982,915.4608275592327
52,2.0,993.7361758947372,1095.4266175329685
53,2.0,991.7266807258129,931.8766301870346
54,2.0,992.250421077013,771.1156314238906
55,2.0,991.5387405455112,652.4400995671749
56,2.0,990.0400778464973,1053.048599038273
57,2.0,989.3749978840351,1018.3101944923401
58,2.0,987.5597194433212,1099.5949186980724
59,2.0,988.2284592539072,1088.7569960057735
60,2.0,988.5229460000992,762.5501550734043
61,2.0,986.8493487089872,1213.671498388052
62,2.0,986.8184895068407,328.7883621454239
63,2.0,983.3257131576538,725.3450998961926
64,2.0,981.5766617357731,657.884714230895
65,2.0,980.7755110710859,877.2755190432072
66,2.0,979.4940791130066,981.4354532361031
67,2.0,978.4247393012047,1252.53213134408
68,2.0,977.1508329212666,652.211521551013
69,2.0,975.7268682420254,310.71285274624825
70,2.0,976.4124075472355,147.40130880475044
71,2.0,974.5689903199673,712.3127257823944
72,2.0,973.8825199455023,647.1976521164179
73,2.0,974.431629627943,454.35872972011566
74,2.0,974.1664173156023,447.82708866894245
75,2.0,972.6948276460171,1054.7137761116028
76,2.0,972.6709957122803,767.3113035559654
77,2.0,972.682059109211,659.3131522238255
78,2.0,972.7876868247986,155.3195305764675
79,2.0,969.8727664351463,143.2937130331993
80,2.0,968.5022763311863,905.1781971901655
81,2.0,968.569376707077,889.5235885679722
82,2.0,968.6818816363811,717.3884098231792
83,2.0,967.6889030635357,273.5671333372593
84,2.0,967.1719830930233,1089.136957257986
85,2.0,966.4714332222939,2.0415773056447506
86,2.0,966.0876993685961,949.7600225061178
87,2.0,966.1894162595272,912.5273457467556
88,2.0,964.675849288702,938.5631156861782
89,2.0,964.5898771882057,440.3466698229313
90,2.0,964.3082834780216,144.43970108032227
91,2.0,961.7760221809149,455.31978565454483
92,2.0,960.74784719944,7.347846120595932
93,2.0,958.2348916232586,652.2626661658287
94,2.0,956.7210784554482,932.7061469852924
95,2.0,956.2696066498756,975.3049439191818
96,2.0,954.5580073595047,4.562331140041351
97,2.0,954.291584789753,781.1804152280092
98,2.0,954.4726576507092,619.5254900753498
99,2.0,953.384922683239,459.48619174957275
100,2.0,953.4875426590443,441.9846462709829
101,2.0,951.6509380638599,748.8257510364056
102,2.0,951.9764923788607,469.024165969342
103,2.0,950.6802890002728,1043.3617444634438
104,2.0,950.67927095294,953.4833776950836
105,2.0,949.58293145895,167.65649789571762
106,2.0,948.6560048758984,977.622107386589
107,2.0,948.7241099476814,941.4184626638889
108,2.0,948.7204521000385,760.4300706088543
109,2.0,948.303268045187,458.3993078172207
110,2.0,947.7333698570728,350.57279336452484
111,2.0,946.5681800544262,423.23182225227356
112,2.0,944.9351173862815,968.4068507254124
113,2.0,945.2235931605101,194.67315435409546
114,2.0,945.477747887373,18.787132367491722
115,2.0,943.2751672267914,898.7740734368563
116,2.0,941.6292015016079,156.62736627459526
117,2.0,940.7035984098911,1201.1835565268993
118,2.0,941.2135953009129,1104.4861459732056
119,2.0,941.1583403646946,973.017573395744
120,2.0,941.1191491633654,944.1272069364786
121,2.0,941.056719545275,470.3792016208172
122,2.0,940.7590593546629,40.35390242934227
123,2.0,940.3202864825726,456.58074420690536
124,2.0,938.7046076953411,697.5559788346291
125,2.0,939.3487931787968,184.4506957232952
126,2.0,937.7566857039928,797.6783301830292
127,2.0,936.1523123830557,1170.624409288168
128,2.0,935.8102247864008,1038.3102344870567
129,2.0,935.5999403595924,153.69265195727348
130,2.0,935.2711192965508,755.3386399745941
131,2.0,933.9140741303563,1031.8743548691273
132,2.0,933.3312293589115,614.5550578534603
133,2.0,932.4368034005165,1003.2643867731094
134,2.0,931.7530903071165,371.76834601163864
135,2.0,931.4577545523643,1222.4160661101341
136,2.0,931.4030255079269,1193.4782242178917
137,2.0,931.2246922254562,919.3012967705727
138,2.0,931.1901102215052,788.6549033224583
139,2.0,929.5071441233158,383.7123525440693
140,2.0,928.8157866299152,377.7610836029053
141,2.0,929.3776715993881,35.47119849920273
142,2.0,927.0009459613939,1189.4807327091694
143,2.0,925.1398531794548,920.5220342874527
144,2.0,925.1702736318111,915.18083961308
145,2.0,924.5920527279377,119.53262987732887
146,2.0,924.3660804033279,1031.4858684241772
147,2.0,922.4808401465416,1210.221013262868
148,2.0,923.4455466270447,362.5379324555397
149,2.0,923.3454953432083,108.69740915298462
150,2.0,922.4608529806137,1025.478439539671
151,2.0,921.632697224617,126.50895887613297
152,2.0,920.7943710237741,1202.5253380537033
153,2.0,920.3610106408596,468.3883842229843
154,2.0,919.2853114306927,748.4811744093895
155,2.0,919.4336235821247,245.55205497145653
156,2.0,918.0116391954944,906.0133332470432
157,2.0,918.3028128147125,623.2524345219135
158,2.0,915.7943991422653,653.6322968006134
159,2.0,914.6783326566219,809.3697146773338
160,2.0,915.4366369247437,630.5240659415722
161,2.0,914.0846528559923,890.8467047661543
162,2.0,912.206784337759,619.2761944234371
163,2.0,911.2186499238014,1202.4794286489487
164,2.0,910.6250138282776,1063.5938327908516
165,2.0,909.7530637234449,792.4119435846806
166,2.0,910.0868687033653,418.0687308162451
167,2.0,908.7426060140133,1075.2863924205303
168,2.0,908.5193862915039,409.4955421090126
169,2.0,908.3855450451374,366.51305359601974
170,2.0,906.8638689368963,1067.8811780586839
171,2.0,904.6663366556168,1172.8472938537598
172,2.0,904.7423304617405,1091.8033668547869
173,2.0,903.702384531498,1165.690703511238
174,2.0,900.8798302188516,820.9627798683941
175,2.0,900.1456776410341,829.470496237278
176,2.0,900.2134669423103,629.150648444891
177,2.0,898.5498262345791,457.57417356967926
178,2.0,899.1159301772714,197.77643355727196
179,2.0,897.7021895647049,1166.2936163246632
180,2.0,898.4321244955063,1089.549339234829
181,2.0,896.7975973933935,1171.5737146139145
182,2.0,896.4271585345268,1178.5023893117905
183,2.0,893.3565403223038,1302.4734604358673
184,2.0,893.2803400754929,188.59510004520416
185,2.0,892.0287597440183,1241.7855226695538
186,2.0,892.3038334548473,458.3948139846325
187,2.0,891.3484879136086,1151.3854922652245
188,2.0,891.4009635448456,819.4892387986183
189,2.0,891.398268699646,468.30641931295395
190,2.0,890.755620136857,401.8661978393793
191,2.0,891.2101876586676,176.22618989646435
192,2.0,889.5508424639702,1297.781294927001
193,2.0,888.6421250104904,1247.5147154331207
194,2.0,888.5749770402908,647.5517611503601
195,2.0,889.1068475171924,199.0473824776709
196,2.0,887.5385499596596,1240.2534949183464
197,2.0,887.0489167459309,1054.8745311200619
198,2.0,885.6928533315659,203.7210249900818
199,2.0,884.5463304519653,1322.5484447479248
200,2.0,885.2550977766514,795.5425685048103
201,2.0,885.4272675812244,143.5105604827404
202,2.0,884.4271995723248,641.7130972445011
203,2.0,882.9232330694795,1049.058932557702
204,2.0,882.2273864597082,1312.0485297702253
205,2.0,881.6373457610607,616.786123842001
206,2.0,882.1907089501619,208.73743331432343
207,2.0,880.576200813055,1163.3733809292316
208,2.0,879.3389143645763,215.5827478468418
209,2.0,879.3848785758018,189.21161031723022
210,2.0,877.1690816283226,1044.6554011404514
211,2.0,876.511436611414,1027.2507333755493
212,2.0,874.6882244646549,203.41467013955116
213,2.0,872.4629139304161,1307.373484134674
214,2.0,871.7093661427498,1142.6062901318073
215,2.0,871.5623835623264,1110.2533606886864
216,2.0,870.8005187809467,1023.6610038280487
217,2.0,870.4634578227997,1199.5098676681519
218,2.0,869.7133732438087,1036.1503778398037
219,2.0,869.4650477170944,545.331661105156
220,2.0,869.3318408131599,537.2301425635815
221,2.0,868.3573432266712,634.7617215067148
222,2.0,866.603100836277,1126.6929912567139
223,2.0,867.1286632865667,1027.6669027805328
224,2.0,866.7434981167316,521.3037970364094
225,2.0,867.0730088800192,198.54870772361755
226,2.0,865.111539490521,1189.6337146759033
227,2.0,865.3346310555935,549.3671155273914
228,2.0,863.3884496092796,156.47883319854736
229,2.0,859.2597777843475,542.3600833415985
230,2.0,858.762846365571,475.56018352508545
231,2.0,858.313735306263,1131.432526499033
232,2.0,856.7547942847013,1300.2668933868408
233,2.0,857.3298957645893,1200.4943239688873
234,2.0,855.5834229290485,470.3640506863594
235,2.0,855.198958709836,1193.1896611005068
236,2.0,853.5938977301121,1237.5706743001938
237,2.0,854.2103880792856,1156.3194797337055
238,2.0,854.2757653295994,162.23289899528027
239,2.0,852.6033437848091,466.37485897541046
240,2.0,852.3064794540405,255.65109154582024
241,2.0,852.3740813136101,193.7238471210003
242,2.0,851.4769950211048,1285.7380886375904
243,2.0,850.7083387076855,1172.6559148728848
244,2.0,850.7495994865894,158.20409797132015
245,2.0,850.4489199221134,1314.3838331699371
246,2.0,849.5025075376034,1012.5190380215645
247,2.0,848.3270412385464,1139.5255089998245
248,2.0,848.2608022689819,474.46321696043015
249,2.0,845.7393836677074,1298.7114996314049
250,2.0,845.5636901855469,248.4879915714264
251,2.0,845.5008123517036,1122.2064047008753
252,2.0,842.7695131003857,475.8227972686291
253,2.0,842.458839148283,1374.3362185060978
254,2.0,841.446240901947,124.50143924355507
255,2.0,839.0710152164102,1325.8471461236477
256,2.0,838.5559584200382,1292.2345006167889
257,2.0,839.2380048930645,1232.4915514588356
258,2.0,836.5869804620743,1359.4159373641014
259,2.0,833.3072390854359,1349.2661706507206
260,2.0,832.5608357787132,539.5495010018349
261,2.0,829.528881072998,438.4419384598732
262,2.0,828.6130177974701,393.53691640496254
263,2.0,827.2344659417868,452.67709904909134
264,2.0,825.326822578907,1364.443449407816
265,2.0,823.486939817667,1349.3496270775795
266,2.0,823.5150151848793,349.22820226848125
267,2.0,815.7737930715084,1364.4872767329216
268,2.0,814.3989435136318,160.51469790935516
269,2.0,810.2681421935558,1371.8881978318095
270,2.0,809.2478418052197,208.71238112449646
271,2.0,808.2210926711559,1389.887525677681
272,2.0,808.0930246338248,327.4999741613865
273,2.0,808.3137003779411,296.61797827482224
274,2.0,806.5033331513405,1325.482862830162
275,2.0,805.6153973340988,1373.4726059436798
276,2.0,798.2807469964027,553.322503477335
277,2.0,788.744391053915,274.85179603099823
278,2.0,789.0928145870566,255.84271551668644
279,2.0,786.0828393697739,1241.4546489417553
280,2.0,783.6220855414867,163.57208558917046
281,2.0,783.1142333298922,1278.4050518870354
282,2.0,780.4030574858189,245.41820994019508
283,2.0,780.4427500367165,240.39896994829178
284,2.0,779.7615799307823,170.37579482793808
285,2.0,778.568844050169,1348.4876740574837
286,2.0,779.3333815932274,890.4753823876381
287,2.0,778.3718771934509,261.2886409461498
288,2.0,774.7442304193974,1343.3746123611927
289,2.0,775.4256837964058,1313.7690034508705
290,2.0,774.4129945635796,1305.480157673359
291,2.0,768.39702886343,167.32539203763008
292,2.0,767.0326776355505,1304.9203644320369
293,2.0,766.8360071182251,1223.6033048927784
294,2.0,766.2980479598045,153.10854249447584
295,2.0,760.2811820805073,1281.9759974516928
296,2.0,759.3569971621037,1203.5044747591019
297,2.0,759.1398162990808,955.8525159358978
298,2.0,756.1280388981104,1312.089084789157
299,2.0,752.4925629794598,1327.3545388281345
300,2.0,750.6872695982456,1245.7835165262222
301,2.0,750.4739680886269,155.21661783754826
302,2.0,748.6579114198685,1238.3506556153297
303,2.0,735.1729711294174,884.8827066868544
304,2.0,731.7008096575737,216.64623746275902
305,2.0,729.6364051103592,1336.3966521322727
306,2.0,729.7813937067986,1246.5677140057087
307,2.0,729.0493510439992,1324.7598174363375
308,2.0,725.784758374095,1347.6495393812656
309,2.0,725.6699876785278,207.4294802248478
310,2.0,725.506551861763,221.28499162197113
311,2.0,724.0808202177286,1276.8336730748415
312,2.0,723.6686372160912,316.7952850610018
313,2.0,722.5652113556862,682.622751057148
314,2.0,719.7868657261133,690.6742060184479
315,2.0,719.4102160036564,676.6007930934429
316,2.0,718.1688027381897,1333.1603033393621
317,2.0,717.495443046093,1056.6666783690453
318,2.0,718.4327886104584,224.38863402605057
319,2.0,718.1776762604713,211.51090294122696
320,2.0,716.8284384459257,1036.4069282114506
321,2.0,716.3688457012177,894.5060512423515
322,2.0,714.6896211206913,1264.739845663309
323,2.0,713.8648177087307,877.2131761461496
324,2.0,713.0481644272804,1060.2881117761135
325,2.0,711.4887346029282,1065.3340241909027
326,2.0,712.1706689447165,1053.5158804655075
327,2.0,711.0080830156803,1281.8064174205065
328,2.0,709.6164582371712,1172.6596491336823
329,2.0,710.1173063963652,1075.7149839401245
330,2.0,710.3983409106731,868.9447800703347
331,2.0,710.2060942947865,855.6090974509716
332,2.0,709.5518582761288,841.6641426384449
333,2.0,709.9099232405424,346.2864265739918
334,2.0,705.5748380720615,1056.2147054970264
335,2.0,705.2358556985855,847.1949006617069
336,2.0,703.715576261282,887.5506421923637
337,2.0,701.5063056349754,829.3560025990009
338,2.0,699.7841729223728,1065.7330185472965
339,2.0,699.8200628757477,700.3371516168118
340,2.0,698.9906987780705,1358.0481174252927
341,2.0,698.5781390964985,1174.473169118166
342,2.0,699.5817955732346,1055.3164090812206
343,2.0,698.8586323410273,1041.7983786165714
344,2.0,698.5772133171558,887.6487911343575
345,2.0,697.1841617077589,1078.1350378245115
346,2.0,694.3051514327526,1329.1889339536428
347,2.0,694.3846743702888,339.4446330964565
348,2.0,692.6517090499401,1172.2976658344269
349,2.0,693.386285841465,365.4760647714138
350,2.0,692.0265267100185,1338.9979981684592
351,2.0,690.5496492981911,1374.2409348487854
352,2.0,691.5331951975822,1360.667111247778
353,2.0,691.3220687508583,1353.5064823031425
354,2.0,691.3364897072315,302.46808353066444
355,2.0,690.5603471398354,287.4818663597107
356,2.0,688.5341519713402,683.3519044816494
357,2.0,687.2539031505585,886.150309547782
358,2.0,682.6862030923367,1170.8262767344713
359,2.0,683.018004655838,327.93398356437683
360,2.0,682.4404477477074,691.4153288006783
361,2.0,682.2039202898741,291.5518407523632
362,2.0,680.1883264929056,1327.3517945706844
363,2.0,679.4328698813915,1241.5139996409416
364,2.0,677.4947532713413,1283.2171383351088
365,2.0,677.4992535710335,1163.660795122385
366,2.0,677.4421373009682,290.2449402809143
367,2.0,676.0771321803331,295.87451370060444
368,2.0,674.6923180818558,340.6517443060875
369,2.0,672.9906283961609,286.00790153909475
370,2.0,671.6522619128227,138.47689199447632
371,2.0,669.5465069115162,1275.3825078606606
372,2.0,668.5830345749855,288.5696339607239
373,2.0,666.0374044701457,349.9066214337945
374,2.0,663.5706631541252,652.5114290416241
375,2.0,663.7517897039652,143.7542523443699
376,2.0,662.7869278639555,128.80609112977982
377,2.0,660.5964341759682,657.5526786148548
378,2.0,660.447887212038,1331.1429009139538
379,2.0,660.358628988266,1182.2118087410927
380,2.0,658.6292573213577,468.32356280088425
381,2.0,655.5144724845886,1354.5105410814285
382,2.0,656.3478566408157,463.6535121500492
383,2.0,650.7354936301708,1248.519563704729
384,2.0,649.6519408226013,658.2503277957439
385,2.0,647.752489566803,1307.5238973498344
386,2.0,648.3779344856739,353.5807675719261
387,2.0,647.4060913920403,1121.5056771934032
388,2.0,645.2552856504917,1249.176633194089
389,2.0,644.5506058931351,455.3307780921459
390,2.0,644.674271017313,121.41773608326912
391,2.0,644.4265670180321,1111.2791113555431
392,2.0,642.4823605120182,326.3023000359535
393,2.0,640.7051745355129,1248.1034761741757
394,2.0,641.1176558881998,343.0354924350977
395,2.0,640.4208645820618,897.169769525528
396,2.0,638.7016690671444,210.45687347650528
397,2.0,638.8847816213965,117.18470387160778
398,2.0,638.3906829059124,1255.4928226470947
399,2.0,636.6229654848576,364.4541884958744
400,2.0,636.4489357173443,469.52596151828766
401,2.0,632.653297662735,62.255073338747025
402,2.0,631.5643310546875,917.4869834184647
403,2.0,630.5902037620544,811.4691173732281
404,2.0,630.85213278234,145.25163182616234
405,2.0,629.3089424669743,1366.4972941279411
406,2.0,629.2921369075775,1080.5019661784172
407,2.0,627.6750648617744,1330.3936270475388
408,2.0,622.8292869627476,110.60253497958183
409,2.0,622.2983162105083,61.61440324783325
410,2.0,620.39122864604,1236.4330591261387
411,2.0,620.4353202581406,142.50748091936111
412,2.0,615.2866145968437,206.48857113718987
413,2.0,614.1847215145826,800.7484345436096
414,2.0,613.5292795300484,505.60071009397507
415,2.0,610.6323144435883,1223.3085526823997
416,2.0,610.8377794623375,173.67635866999626
417,2.0,607.2044785320759,99.17324011027813
418,2.0,604.5945288538933,169.20859813690186
419,2.0,602.6999462544918,59.57141023874283
420,2.0,601.046858638525,122.01419462729245
421,2.0,599.679823756218,1246.5120397210121
422,2.0,600.20992423594,678.4933465719223
423,2.0,597.7248553931713,879.3616818189621
424,2.0,595.7346768081188,193.67356783151627
425,2.0,596.3123091757298,103.55231127142906
426,2.0,593.5468792319298,1384.5407085418701
427,2.0,594.433233499527,1326.4325749278069
428,2.0,594.3828268051147,1249.5074141323566
429,2.0,592.6414570510387,185.54378014802933
430,2.0,592.123645760119,111.65061902999878
431,2.0,591.5406023263931,48.546756595373154
432,2.0,591.340564519167,84.39370730519295
433,2.0,589.5980901420116,909.5091888904572
434,2.0,588.6785743236542,1383.4926421046257
435,2.0,589.433760792017,1331.3226877748966
436,2.0,588.5761432051659,77.35843053460121
437,2.0,587.5156232714653,502.5498788356781
438,2.0,587.0997491627932,1090.3755502700806
439,2.0,587.5230623483658,45.27680143713951
440,2.0,585.7364776432514,1219.3130688369274
441,2.0,584.3617801070213,1227.5830344557762
442,2.0,583.3887818753719,1321.6274601519108
443,2.0,581.7230603694916,95.82176722586155
444,2.0,582.2122683227062,62.512275248765945
445,2.0,581.5190734267235,899.5326246917248
446,2.0,579.6328471899033,1144.5045955479145
447,2.0,580.2762384414673,1088.6063877642155
448,2.0,579.7959020584822,1080.4175297021866
449,2.0,579.5785984098911,908.1720795482397
450,2.0,580.26478099823,121.68675112724304
451,2.0,578.6597732007504,290.4448287785053
452,2.0,577.5033368170261,972.5869190990925
453,2.0,577.2456265687943,1224.3724676966667
454,2.0,576.3960357308388,358.5873314142227
455,2.0,574.8446399569511,1342.8228963315487
456,2.0,574.5043395161629,185.29320973157883
457,2.0,572.7426267266273,660.3665134608746
458,2.0,572.3697237968445,1147.5029320120811
459,2.0,568.381477355957,1218.6581723093987
460,2.0,567.6256656944752,60.49343213438988
461,2.0,567.5246164798737,113.33458378911018
462,2.0,566.3155509233475,1357.511482566595
463,2.0,565.4035940766335,77.04973528534174
464,2.0,563.9588411413133,308.1613851636648
465,2.0,563.344323515892,302.5380482375622
466,2.0,561.5394983291626,1163.5830653607845
467,2.0,561.6817412078381,659.6198687851429
468,2.0,562.3609526157379,200.3521180152893
469,2.0,558.6230575740337,1343.8092180639505
470,2.0,558.5593906641006,1234.440823495388
471,2.0,557.5088197290897,761.2857172489166
472,2.0,558.1542514562607,168.17153742909431
473,2.0,555.6543673276901,1206.821274831891
474,2.0,556.3806504905224,146.26184624433517
475,2.0,555.512073636055,1351.3303809165955
476,2.0,555.0740657225251,990.2050675749779
477,2.0,554.204391181469,1222.7122213840485
478,2.0,554.5150853991508,746.3844598531723
479,2.0,553.6142446696758,311.6168553829193
480,2.0,553.3296011090279,1179.3465936779976
481,2.0,553.1972243487835,157.49549007415771
482,2.0,552.4336440861225,1201.3356890380383
483,2.0,550.7328253388405,968.2424820661545
484,2.0,546.9112550914288,315.7557679861784
485,2.0,543.712150812149,977.5514618456364
486,2.0,542.5791594088078,944.7403968572617
487,2.0,543.2459888607264,142.2414713948965
488,2.0,539.6169968545437,972.6556743085384
489,2.0,539.866748124361,77.58515897393227
490,2.0,538.57866153121,317.46886146068573
491,2.0,537.5907498896122,1332.5985785722733
492,2.0,538.0303349047899,61.73545441031456
493,2.0,535.7924731075764,1214.8971323519945
494,2.0,535.6563300192356,1208.2956368923187
495,2.0,535.4333325922489,1295.3883300423622
496,2.0,535.3297135531902,86.42123013734818
497,2.0,534.477490156889,1328.2967594265938
498,2.0,533.6812797188759,719.6504649221897
499,2.0,533.4441149532795,744.4057628810406
500,2.0,530.6440416574478,1292.4218111038208
501,2.0,530.273711591959,730.0775332227349
502,2.0,529.4408347904682,1128.4380402565002
503,2.0,528.7087701261044,1070.7584241628647
504,2.0,529.4754852354527,1054.4065628647804
505,2.0,527.3577838242054,1341.5386241078377
506,2.0,526.636428296566,1061.4655729234219
507,2.0,527.2057599127293,82.56690126657486
508,2.0,526.2719827592373,1124.6913488805294
509,2.0,526.4057159721851,63.450221478939056
510,2.0,525.1497050523758,1134.4922379255295
511,2.0,524.3040181696415,1174.5727183520794
512,2.0,523.1578260958195,1129.5499627292156
513,2.0,523.4368140995502,1049.4679619967937
514,2.0,521.7152774631977,1004.3850680887699
515,2.0,520.7337447106838,1330.2454608380795
516,2.0,520.5868316292763,1169.2732863724232
517,2.0,521.4050923287868,1055.344064205885
518,2.0,521.3213492035866,329.79952089488506
519,2.0,520.2772234678268,1341.4729575812817
520,2.0,518.0959934070706,1373.6721195876598
521,2.0,518.1062499210238,1158.0473003573716
522,2.0,515.2981326282024,356.4035720527172
523,2.0,514.4472176730633,1193.276891797781
524,2.0,513.6351939439774,1140.4948081374168
525,2.0,513.6397114098072,1118.5614501535892
526,2.0,514.4489435553551,1067.5468295812607
527,2.0,513.9478597044945,69.93389050662518
528,2.0,511.62501269578934,1175.2894997000694
529,2.0,510.5703426003456,727.2159713357687
530,2.0,509.56616082787514,1193.5452031493187
531,2.0,510.13320392370224,361.8913482055068
532,2.0,510.50899535417557,310.4545233845711
533,2.0,508.8388465195894,388.2508727610111
534,2.0,505.6610199213028,1200.3441042602062
535,2.0,506.113098859787,722.7312560975552
536,2.0,506.08028837293386,344.7630403935909
537,2.0,504.61523205041885,1185.6121757626534
538,2.0,504.89701617509127,705.0417660288513
539,2.0,504.548823595047,727.5546427369118
540,2.0,502.6186529099941,390.66845256090164
541,2.0,502.4611531794071,296.37855410575867
542,2.0,500.5820946097374,364.4719471335411
543,2.0,499.6940069794655,358.5864497423172
544,2.0,498.6652594804764,344.7257502377033
545,2.0,497.8115463703871,1311.6631488800049
546,2.0,497.7187185883522,1306.4018132984638
547,2.0,496.603867739439,1233.5453219413757
548,2.0,497.2219877690077,1172.2906151115894
549,2.0,495.57288414239883,1318.4797357022762
550,2.0,496.2373479604721,1035.1714495420456
551,2.0,495.231856867671,711.8445608317852
552,2.0,491.0653695091605,1390.0599047541618
553,2.0,491.3309669494629,1323.7441753447056
554,2.0,491.4183954000473,1195.7877847105265
555,2.0,489.4035672843456,1162.4589429497719
556,2.0,487.46697130799294,1246.3741264939308
557,2.0,487.2443726658821,220.68739759922028
558,2.0,486.0825759842992,1319.933910407126
559,2.0,486.2230895161629,1230.3405373990536
560,2.0,484.7522791326046,1376.727597951889
561,2.0,483.619820445776,945.3235513567924
562,2.0,479.0120168812573,226.04121758416295
563,2.0,478.49824315309525,1192.208190008998
564,2.0,477.74279993772507,961.5995462238789
565,2.0,478.0896453335881,948.1416395902634
566,2.0,478.2700786292553,200.38179469108582
567,2.0,475.3985776901245,938.7230436503887
568,2.0,475.31510430574417,204.48111787438393
569,2.0,474.05531331524253,1329.4451977908611
570,2.0,473.36188462376595,1383.3459081351757
571,2.0,472.420850366354,1292.4785357117653
572,2.0,471.18328335881233,1351.9075701832771
573,2.0,469.5439407527447,170.32288959622383
574,2.0,469.33976700901985,1322.537964463234
575,2.0,469.1066528186202,1232.1646474450827
576,2.0,467.27450463175774,1389.6912889778614
577,2.0,463.2331126332283,1268.441243082285
578,2.0,463.0482844039798,736.042373072356
579,2.0,463.30891355872154,169.53441634774208
580,2.0,462.3842278420925,233.47358977794647
581,2.0,461.2897340655327,1040.4520314335823
582,2.0,460.27847024798393,211.61279225349426
583,2.0,457.66715198755264,1350.8139198869467
584,2.0,458.08015639334917,1018.9205943346024
585,2.0,458.7876577973366,223.67718237638474
586,2.0,456.84600284695625,1170.7186455130577
587,2.0,455.58582931756973,1166.4159862101078
588,2.0,455.2528882622719,1383.2459984719753
589,2.0,455.4013902246952,1186.6806358397007
590,2.0,454.75628949701786,736.2400455325842
591,2.0,454.8092427700758,231.66687816381454
592,2.0,453.28938764333725,318.92404486984015
593,2.0,452.37264826893806,236.54718154668808
594,2.0,451.4563372731209,1256.4286470413208
595,2.0,451.4419479072094,212.1400346904993
596,2.0,450.41918355226517,1167.6097151637077
597,2.0,450.51114028692245,634.3366705775261
598,2.0,448.45682537555695,1271.553239941597
599,2.0,448.399899572134,1022.3107919692993
600,2.0,448.26424354314804,732.3943569660187
601,2.0,446.4847447872162,1035.6946183145046
602,2.0,447.4983709156513,130.49251931905746
603,2.0,445.2304876446724,1043.2645857334137
604,2.0,441.74740064144135,201.58763134479523
605,2.0,438.6911025047302,949.6086865663528
606,2.0,437.53267073631287,1267.4935347139835
607,2.0,435.3095142841339,445.4665622115135
608,2.0,433.5387706756592,911.4156008958817
609,2.0,431.61368185281754,895.3464217782021
610,2.0,429.63113191723824,178.49022787809372
611,2.0,424.2164376974106,1297.1805123835802
612,2.0,424.35911962389946,1007.458487033844
613,2.0,422.45666095614433,630.3186468183994
614,2.0,418.5750198662281,925.5558668375015
615,2.0,418.2572484612465,969.1878646314144
616,2.0,414.58852046728134,940.8185696154833
617,2.0,415.31618788838387,747.4620585441589
618,2.0,413.8929543271661,283.55443397164345
619,2.0,413.1331053227186,735.2606850266457
620,2.0,412.4906743168831,607.4840368628502
621,2.0,412.9008082598448,601.1711256504059
622,2.0,410.92138531059027,950.0232189819217
623,2.0,408.69614920020103,915.6783189177513
624,2.0,409.03734688833356,628.0351424440742
625,2.0,407.5765778720379,730.6414034366608
626,2.0,408.42623257637024,304.48913910984993
627,2.0,407.3862691819668,1262.5386128127575
628,2.0,407.0496619902551,725.7108579277992
629,2.0,406.4402976334095,851.6459475159645
630,2.0,405.408067971468,542.4069029092789
631,2.0,403.8580895215273,1017.3204822540283
632,2.0,403.5562134683132,501.50090938806534
633,2.0,403.65185809135437,447.6425439417362
634,2.0,402.56481060385704,1029.578638523817
635,2.0,402.89376340806484,589.1336681246758
636,2.0,402.2682551443577,736.3702240288258
637,2.0,402.2440452426672,597.4917314648628
638,2.0,401.4624724686146,194.76160234212875
639,2.0,400.24419581890106,940.6902227401733
640,2.0,399.58859714865685,339.5704423189163
641,2.0,399.1175868064165,1303.3283945322037
642,2.0,397.572795599699,792.6457398533821
643,2.0,397.2235169708729,1026.619121313095
644,2.0,396.0738364458084,452.1265883296728
645,2.0,393.6309514641762,368.7313832640648
646,2.0,393.7928355783224,359.26208594441414
647,2.0,394.3618093132973,306.55704548954964
648,2.0,390.4042819440365,524.1556006222963
649,2.0,388.689469397068,445.5457702577114
650,2.0,387.5324077010155,369.3755757510662
651,2.0,387.7604753822088,198.33511391282082
652,2.0,387.37390726804733,494.4111848473549
653,2.0,387.3748412132263,185.47352689504623
654,2.0,386.26919135451317,1315.7855150997639
655,2.0,384.7032754123211,1304.5603464841843
656,2.0,385.3878774344921,437.3073372244835
657,2.0,384.25798684358597,295.069764085114
658,2.0,383.2695144712925,1289.566872984171
659,2.0,383.3820153474808,452.5198241174221
660,2.0,382.4589447081089,352.73231440782547
661,2.0,382.34072947502136,196.32612749934196
662,2.0,378.71467316150665,370.7246249616146
663,2.0,378.2605466246605,776.8109008073807
664,2.0,377.2228033095598,716.9808351304382
665,2.0,376.59832698106766,533.5126021206379
666,2.0,375.75059801340103,324.82966309785843
667,2.0,374.1828814148903,1261.5774248540401
668,2.0,373.315320789814,500.51851773262024
669,2.0,373.0650455728173,319.11970446258783
670,2.0,372.93415892124176,86.08855806291103
671,2.0,371.58511316776276,121.39794817566872
672,2.0,371.27659687399864,295.86774511635303
673,2.0,370.4138240814209,716.4647935926914
674,2.0,369.23652698099613,1247.2069968134165
675,2.0,368.2602238059044,1260.204072713852
676,2.0,368.1171985641122,855.8286445736885
677,2.0,367.5108152329922,681.3039306402206
678,2.0,366.60128888487816,299.3314324617386
679,2.0,366.81518410146236,290.6116589605808
680,2.0,365.1727010309696,140.74290624260902
681,2.0,364.2527060508728,727.886682793498
682,2.0,360.4668899178505,800.5193230509758
683,2.0,359.3285314440727,703.2193702608347
684,2.0,359.15522637963295,544.4773957133293
685,2.0,359.43286779522896,143.6586380302906
686,2.0,358.37939488887787,1147.585108190775
687,2.0,356.6764551103115,286.5097926259041
688,2.0,356.33020800352097,656.5060411095619
689,2.0,355.44323191046715,666.6410943865776
690,2.0,355.39865174889565,641.4335905015469
691,2.0,354.7378434538841,575.7335066795349
692,2.0,355.322486191988,504.4301080405712
693,2.0,354.3772382438183,1119.5239743292332
694,2.0,354.3762720525265,891.3269003033638
695,2.0,354.2729984819889,132.59572026133537
696,2.0,353.11595782637596,1287.766650930047
697,2.0,352.4989052414894,1207.5293217897415
698,2.0,351.8601039201021,386.0598519220948
699,2.0,351.2030584514141,542.6758118569851
700,2.0,350.56308817863464,123.3772577047348
701,2.0,349.7705488204956,1195.7414759993553
702,2.0,350.32422837615013,1166.5136276483536
703,2.0,350.0121069159359,743.0514256879687
704,2.0,350.44672110676765,426.52402251958847
705,2.0,349.4094338417053,880.4305707216263
706,2.0,348.834245249629,537.2699745893478
707,2.0,349.49092641472816,526.3929365873337
708,2.0,347.4433207511902,507.3866379261017
709,2.0,347.3416691124439,138.35327929258347
710,2.0,346.3633931875229,656.3244547843933
711,2.0,345.40875747799873,303.4148830771446
712,2.0,343.53129929304123,1140.369301944971
713,2.0,344.3633540570736,430.4815762042999
714,2.0,343.88090179115534,187.8355724364519
715,2.0,344.38845375180244,87.48128634691238
716,2.0,342.6780129671097,602.733381986618
717,2.0,342.1584717929363,1031.0884903594851
718,2.0,341.55356934666634,460.43152287602425
719,2.0,341.4458522796631,585.6315304934978
720,2.0,340.4486380815506,802.480238109827
721,2.0,339.3547958135605,178.45404988527298
722,2.0,337.8828306272626,736.581567466259
723,2.0,338.4862153530121,578.6398128867149
724,2.0,337.2939583361149,1134.484898865223
725,2.0,337.39358299970627,449.64840134978294
726,2.0,336.854782640934,127.81830908358097
727,2.0,335.6995849609375,829.4823355972767
728,2.0,335.5588027834892,565.7595543563366
729,2.0,335.70018261671066,548.5360147356987
730,2.0,335.47965797781944,1331.395599514246
731,2.0,334.66473174095154,731.8822684437037
732,2.0,334.8900075107813,595.2018335312605
733,2.0,334.29773077368736,1201.188149139285
734,2.0,333.70347157120705,1179.7425952851772
735,2.0,333.6212700009346,82.69596317410469
736,2.0,332.30041351914406,1164.4923562407494
737,2.0,331.78736782073975,727.0856739133596
738,2.0,332.01732006296515,639.9500803016126
739,2.0,332.35739412903786,434.174745246768
740,2.0,332.23789294064045,236.2602037191391
741,2.0,331.30787017941475,1298.6461064517498
742,2.0,330.8840691819787,1026.513960659504
743,2.0,331.484536588192,87.48565566539764
744,2.0,330.04164500162005,837.9360387399793
745,2.0,329.3987483382225,732.3636972904205
746,2.0,329.5137346982956,102.2965757548809
747,2.0,328.42748230695724,845.844138354063
748,2.0,328.40180665254593,713.2847354114056
749,2.0,326.8860905468464,1196.1194766908884
750,2.0,326.3310122191906,1288.1971138715744
751,2.0,326.3985602557659,494.5038235783577
752,2.0,324.6081635057926,1262.648550927639
753,2.0,325.31434601545334,1177.2108605057
754,2.0,325.25560623407364,1168.4537806808949
755,2.0,323.9154384061694,1297.1401280164719
756,2.0,324.42601251602173,224.4633191227913
757,2.0,322.55840814113617,1332.5066580176353
758,2.0,323.3676257133484,1292.2550669312477
759,2.0,323.36572697758675,792.5191371440887
760,2.0,323.2245796471834,648.3699680864811
761,2.0,323.5210718512535,559.4656474292278
762,2.0,323.3901310265064,238.48161220550537
763,2.0,321.22478295862675,802.2652188837528
764,2.0,320.8966210335493,613.2117718756199
765,2.0,320.67020988464355,1.4589316248893738
766,2.0,320.3036607503891,1245.3685623705387
767,2.0,319.43929302692413,1187.4446395039558
768,2.0,317.60380670428276,1285.60163128376
769,2.0,317.58140048384666,722.2058294862509
770,2.0,316.931846819818,1200.1339445859194
771,2.0,317.1128006055951,1016.7805318534374
772,2.0,316.51223519444466,1000.5912707448006
773,2.0,317.4230569303036,846.4067064225674
774,2.0,315.6160497069359,717.6934404075146
775,2.0,315.34760931134224,507.3160574734211
776,2.0,315.2341875731945,17.461507201194763
777,2.0,314.06656762212515,1300.7683873325586
778,2.0,314.374535292387,616.5209377408028
779,2.0,314.3660089671612,567.4090419411659
780,2.0,312.1442450135946,864.1424082815647
781,2.0,311.2381066828966,859.6379806399345
782,2.0,310.7616311311722,225.5563836991787
783,2.0,311.5270525813103,120.33530896902084
784,2.0,309.51273477077484,611.2580794095993
785,2.0,310.38604336977005,7.654888391494751
786,2.0,309.30754685401917,1359.3792550563812
787,2.0,309.32591158151627,879.3971410393715
788,2.0,309.33325853943825,184.521463483572
789,2.0,306.6827782392502,1201.6247788071632
790,2.0,306.7869506627321,827.1870042383671
791,2.0,306.8484794050455,727.4276152253151
792,2.0,305.6386020183563,240.58372777700424
793,2.0,306.369625210762,234.56057196855545
794,2.0,305.68773353099823,220.61240574717522
795,2.0,304.65167409181595,1145.6322984695435
796,2.0,304.77246421575546,864.174868285656
797,2.0,303.2297509610653,1334.2967889606953
798,2.0,302.7852772921324,1205.443899512291
799,2.0,300.8014265745878,858.2719388306141
800,2.0,301.3712193071842,720.4145414531231
801,2.0,299.2174714654684,1150.586215287447
802,2.0,298.75396351516247,874.2508557736874
803,2.0,298.32903319597244,288.3329214155674
804,2.0,297.2909405827522,1331.4153634309769
805,2.0,296.38122004270554,1155.5073989331722
806,2.0,296.33165168762207,708.5106947720051
807,2.0,295.37689393758774,1353.3878600001335
808,2.0,295.16905887424946,1347.2979900240898
809,2.0,295.11398524791,1196.0770129859447
810,2.0,294.4748440980911,1134.2426456063986
811,2.0,294.5681811571121,992.6715867817402
812,2.0,294.25866851210594,1147.707628339529
813,2.0,292.8129230439663,354.6236974596977
814,2.0,288.6316872537136,678.4647912085056
815,2.0,288.3124683201313,610.204382956028
816,2.0,285.5465418994427,312.59458419680595
817,2.0,286.65249276161194,0.7857048958539963
818,2.0,285.2420129328966,249.32272991538048
819,2.0,283.644627481699,981.5037617981434
820,2.0,283.502001285553,659.2487307786942
821,2.0,281.34978756308556,1165.5303553938866
822,2.0,278.5926206409931,743.7059146463871
823,2.0,279.369238615036,359.59158793091774
824,2.0,276.2839757800102,613.7551167458296
825,2.0,275.56839233636856,412.3549320399761
826,2.0,276.3995001614094,35.374991089105606
827,2.0,274.3878171443939,667.172398597002
828,2.0,271.59173035621643,719.5035218894482
829,2.0,270.90049231797457,297.04493518546224
830,2.0,268.5304194688797,343.45760852098465
831,2.0,267.55191335082054,895.5028777718544
832,2.0,268.37703227996826,703.4914710819721
833,2.0,264.2507599592209,1146.515262067318
834,2.0,262.6472864449024,677.6888160705566
835,2.0,262.46837824583054,653.6329560279846
836,2.0,262.45982414484024,287.6399523317814
837,2.0,260.49350452423096,83.616794526577
838,2.0,260.19882391393185,690.6264209151268
839,2.0,259.85648088157177,77.83266082406044
840,2.0,258.6024616956711,24.169848799705505
841,2.0,257.7331111729145,758.7684040516615
842,2.0,258.08892327547073,303.3422263264656
843,2.0,256.7115404009819,1163.7553559988737
844,2.0,256.12084202468395,701.38199660182
845,2.0,256.3724955320358,111.62743327021599
846,2.0,254.68142864108086,1249.617474526167
847,2.0,254.55824840068817,329.4348536133766
848,2.0,253.6955091357231,1254.6619143486023
849,2.0,254.32506918907166,199.54750880599022
850,2.0,252.66665023565292,445.1735835969448
851,2.0,252.26675748825073,119.66865932941437
852,2.0,251.40682592988014,270.2121691852808
853,2.0,250.80985741317272,202.35585603117943
854,2.0,251.38306719064713,195.19688238203526
855,2.0,250.12269093841314,1152.754980072379
856,2.0,250.29975658655167,757.1867359280586
857,2.0,248.57631251215935,1246.4545107781887
858,2.0,247.638930529356,1253.4152272343636
859,2.0,248.22635945677757,1217.1843940764666
860,2.0,247.59252554178238,688.524669855833
861,2.0,248.35713583230972,261.3700362741947
862,2.0,246.77174085378647,345.27668660879135
863,2.0,246.79401941597462,317.3012018799782
864,2.0,247.3794469833374,301.35906144976616
865,2.0,247.40580600500107,50.50002130866051
866,2.0,244.5391771197319,42.526157200336456
867,2.0,244.31924659013748,1120.630981683731
868,2.0,242.2006355524063,235.85631354153156
869,2.0,241.36024445295334,1185.5130598545074
870,2.0,241.23133440315723,758.282487809658
871,2.0,240.8347261250019,122.56356790661812
872,2.0,239.61647787690163,765.5839992761612
873,2.0,239.39753103256226,258.3092869222164
874,2.0,237.60434284806252,1216.4941544532776
875,2.0,236.5364990234375,1221.3990923166275
876,2.0,236.72050336003304,1134.3288485109806
877,2.0,236.28990814089775,201.3265764415264
878,2.0,232.6954514682293,259.203077763319
879,2.0,232.49330765008926,1203.4555722177029
880,2.0,231.06827828288078,1147.0985324308276
881,2.0,230.6279343366623,151.2116685807705
882,2.0,228.6881331205368,251.0934825539589
883,2.0,226.7786230444908,1126.5831667780876
884,2.0,226.35764282941818,1259.5280536413193
885,2.0,225.75303015112877,91.2898682653904
886,2.0,225.55057176947594,74.37835669517517
887,2.0,226.33744218945503,13.558362066745758
888,2.0,223.87303614616394,1114.5116209983826
889,2.0,224.10012479126453,35.26265686750412
890,2.0,222.25197806954384,1151.6640883684158
891,2.0,221.12087920308113,1157.6742135882378
892,2.0,219.35109302401543,408.42937111854553
893,2.0,219.28278490900993,79.3980718255043
894,2.0,218.13932828605175,1258.359615713358
895,2.0,217.77905577421188,72.40697512030602
896,2.0,215.19887134432793,1207.117394477129
897,2.0,215.29374316334724,402.25290513038635
898,2.0,212.22226344048977,588.3974727988243
899,2.0,209.5295006930828,1149.5440231263638
900,2.0,209.33159172534943,575.6394779086113
901,2.0,208.41379472613335,409.77173115313053
902,2.0,207.34358793497086,607.2619777023792
903,2.0,205.8978750705719,1251.8684022426605
904,2.0,205.22480891644955,739.335849493742
905,2.0,202.4765287041664,1217.3212272822857
906,2.0,202.39996874332428,1176.3590514063835
907,2.0,201.21111638844013,605.2633309960365
908,2.0,200.03526641801,651.0769503936172
909,2.0,199.3870599269867,1287.2379983216524
910,2.0,197.69282546639442,350.69777551293373
911,2.0,195.44114860892296,1268.3359512984753
912,2.0,195.27362963557243,578.2263480275869
913,2.0,192.73373341560364,199.64154720306396
914,2.0,191.84250864386559,584.1440843194723
915,2.0,190.7306797504425,322.5951448380947
916,2.0,187.77637138962746,174.33321130275726
917,2.0,184.85893641412258,603.7031894028187
918,2.0,185.21487578749657,396.4007765650749
919,2.0,184.29346758127213,1195.4641489386559
920,2.0,184.32921794056892,598.8931135162711
921,2.0,184.16249519586563,309.5908550620079
922,2.0,183.4998453259468,315.43817788362503
923,2.0,180.68863597512245,1206.489274442196
924,2.0,181.29432368278503,186.35052931308746
925,2.0,179.06665234267712,1193.5535642802715
926,2.0,178.2152074277401,676.1421483457088
927,2.0,177.33107215166092,332.58829867839813
928,2.0,176.33996599912643,259.39423444867134
929,2.0,175.1259533315897,188.8037110567093
930,2.0,173.76987068355083,272.0750864222646
931,2.0,173.543653100729,203.51573944091797
932,2.0,170.953131955117,1238.0071622845717
933,2.0,171.47773310542107,642.4221787750721
934,2.0,170.70558407902718,182.0916712284088
935,2.0,169.3786555826664,1230.554034769535
936,2.0,166.47922813892365,1222.1676571369171
937,2.0,165.17545868456364,922.2559398114681
938,2.0,164.76894073188305,622.6815048456192
939,2.0,162.2401950210333,349.45455434918404
940,2.0,159.5490312576294,1341.6277553737164
941,2.0,160.23169095814228,280.36048766970634
942,2.0,157.80924178659916,938.6308469772339
943,2.0,154.38864681124687,509.5124261379242
944,2.0,153.48389104008675,928.346923738718
945,2.0,152.16269882023335,1354.6425769031048
946,2.0,151.78298519551754,1342.0854085609317
947,2.0,151.7368880212307,1201.9325242713094
948,2.0,149.97182063758373,215.92857548594475
949,2.0,148.34444603323936,1246.129660114646
950,2.0,146.09614395350218,1341.0373964607716
951,2.0,145.65435221791267,361.5163582265377
952,2.0,143.54385590553284,1347.6762938797474
953,2.0,144.30244299769402,295.90332708507776
954,2.0,144.42950785160065,223.31541550159454
955,2.0,141.64807653427124,811.6327412426472
956,2.0,139.1488055586815,876.1828708797693
957,2.0,138.25405538082123,276.42184484004974
958,2.0,136.7045615017414,294.7016204893589
959,2.0,136.96458415314555,188.88574872910976
960,2.0,131.7154433131218,291.2537941634655
961,2.0,131.84380872547626,226.72555232048035
962,2.0,129.61422464251518,795.627946138382
963,2.0,127.90105587989092,944.8049909323454
964,2.0,127.56280556321144,369.78406181931496
965,2.0,126.85355868935585,360.27060201764107
966,2.0,123.71848165988922,1349.2554963827133
967,2.0,123.32052421569824,807.8617712110281
968,2.0,122.63442528247833,519.4433364868164
969,2.0,123.30396944284439,490.2901954650879
970,2.0,123.08630914241076,444.9699594862759
971,2.0,122.71096503734589,403.4580412209034
972,2.0,121.00642457231879,1336.0159813687205
973,2.0,121.50012272596359,822.3688645064831
974,2.0,118.73618152737617,1353.547346740961
975,2.0,119.44515937566757,802.3576329350471
976,2.0,118.55665281414986,433.6056626737118
977,2.0,119.29621949791908,209.2782552242279
978,2.0,116.10214421898127,796.5727648437023
979,2.0,116.49689084291458,428.2167849391699
980,2.0,115.53498029708862,980.4130508899689
981,2.0,114.3916734457016,204.6836677789688
982,2.0,113.0918787792325,508.86767134070396
983,2.0,110.8705642670393,399.81821247935295
984,2.0,111.09582259505987,148.1119460836053
985,2.0,110.24745720624924,405.804913431406
986,2.0,110.40151554346085,286.60739305615425
987,2.0,108.7981275767088,1368.6123827397823
988,2.0,109.33066567778587,214.61813402175903
989,2.0,107.54493618011475,417.5949162840843
990,2.0,107.70864269137383,205.32632529735565
991,2.0,107.39131557941437,441.6838204860687
992,2.0,107.46965652704239,151.3634401857853
993,2.0,106.15540266036987,389.37525153160095
994,2.0,105.3666241466999,843.3126299381256
995,2.0,105.15789824724197,198.55943942070007
996,2.0,104.4724591076374,1348.4673119485378
997,2.0,104.27130201458931,546.2335962057114
998,2.0,103.14232169091702,1385.6545156538486
999,2.0,102.88051843643188,1223.347436338663
1000,2.0,102.92256212234497,431.9337885528803
1001,2.0,102.70009911060333,151.17416375875473
1002,2.0,102.09375179558992,1183.046251643449
1003,2.0,101.77188919484615,1006.4186922311783
1004,2.0,101.60634514689445,999.4688551425934
1005,2.0,101.3663419187069,962.403194963932
1006,2.0,101.47699189186096,840.5425266623497
1007,2.0,101.47061809897423,206.51840335130692
1008,2.0,99.74621307849884,572.6608808338642
1009,2.0,100.10313057899475,540.8498809337616
1010,2.0,99.06167295575142,1227.8711979836226
1011,2.0,98.60595226287842,945.4445970058441
1012,2.0,98.45143553614616,1366.7909633219242
1013,2.0,96.83578544855118,145.86764036118984
1014,2.0,95.63129711151123,1010.6969609856606
1015,2.0,95.27546146512032,1003.1375733017921
1016,2.0,93.51288652420044,548.4556859433651
1017,2.0,91.89245956391096,517.509160220623
1018,2.0,91.51996150612831,174.5708028972149
1019,2.0,90.36329799890518,1182.173333927989
1020,2.0,88.51227861642838,1218.3307420909405
1021,2.0,87.56054484844208,387.3403718173504
1022,2.0,87.23245839774609,1386.8164306879044
1023,2.0,87.3623036146164,529.3982042968273
1024,2.0,87.04686254262924,177.67867505550385
1025,2.0,83.6342975795269,970.3094229698181
1026,2.0,82.35292965173721,406.5087811052799
1027,2.0,82.36331710219383,173.44720125198364
1028,2.0,79.72530725598335,695.8068822473288
1029,2.0,79.75434523820877,390.7445993423462
1030,2.0,79.10260476917028,974.1716372072697
1031,2.0,77.51441895961761,987.379954457283
1032,2.0,78.23958745598793,133.6809537112713
1033,2.0,74.61106386780739,1179.470007300377
1034,2.0,75.43203645944595,77.51977589726448
1035,2.0,73.21859773993492,677.52972894907
1036,2.0,73.40354731678963,539.4664104878902
1037,2.0,72.2118027806282,1125.4437189996243
1038,2.0,70.96481462568045,1196.035434179008
1039,2.0,69.44177091121674,172.49277755618095
1040,2.0,69.22730627655983,101.50731867551804
1041,2.0,68.26969146728516,1161.424843519926
1042,2.0,67.26763838529587,1136.330448448658
1043,2.0,66.07875692844391,1123.8982622995973
1044,2.0,66.25533226132393,129.634123057127
1045,2.0,65.46077060699463,115.24992208182812
1046,2.0,61.391152024269104,961.5007412433624
1047,2.0,61.37619608640671,119.71343106031418
1048,2.0,54.44409677386284,542.5282065570354
1049,2.0,52.71312600374222,1142.4785277843475
1050,2.0,52.69790405035019,346.2821079790592
1051,2.0,52.6241469681263,87.39082062244415
1052,2.0,50.3144825398922,671.4544021487236
1053,2.0,49.21104957163334,160.3526528775692
1054,2.0,46.21792243421078,124.54427656531334
1055,2.0,45.846273466944695,78.65005362033844
1056,2.0,44.638279497623444,684.3838375508785
1057,2.0,40.522598683834076,53.31964087486267
1058,2.0,41.48642173409462,29.180759459733963
1059,2.0,36.574205845594406,70.64102911949158
1060,2.0,36.48379239439964,635.7700627297163
1061,2.0,29.54597580432892,680.4101822674274
1062,2.0,28.864478781819344,113.22261779010296
1063,2.0,27.690192013978958,102.34523287415504
1064,2.0,22.43754044175148,638.8092515468597
1065,2.0,20.346639931201935,652.5775167346001
1066,2.0,18.567051947116852,690.5897235870361
1067,2.0,13.372701227664948,637.5063474476337
1068,2.0,13.15213631093502,631.2566537559032
1069,2.0,8.535300463438034,684.6810285449028
1070,2.0,4.965954005718231,627.0345708616078
1071,3.0,1037.929736495018,1300.9594340883195
1072,3.0,1038.3703791499138,837.2005392611027
1073,3.0,1038.3230001926422,1152.6941854953766
1074,3.0,1036.8097764998674,1309.847515001893
1075,3.0,1037.0883123353124,1049.167980849743
1076,3.0,1036.8334624022245,828.8074081391096
1077,3.0,1037.2573901414871,749.3331501185894
1078,3.0,1036.2185114622116,848.2116561979055
1079,3.0,1036.2479111850262,741.1315287947655
1080,3.0,1035.1373879909515,1042.9512607753277
1081,3.0,1034.4889300465584,1301.5254902541637
1082,3.0,1034.408249437809,1141.4459765851498
1083,3.0,1033.461696177721,1035.5127940177917
1084,3.0,1033.4508696496487,832.4215639233589
1085,3.0,1032.523659646511,335.5041417479515
1086,3.0,1032.3427386581898,1317.4986898303032
1087,3.0,1032.3025140464306,1152.286760866642
1088,3.0,1030.9776341002434,750.0354701168835
1089,3.0,1030.8707455694675,738.2788160443306
1090,3.0,1031.2823801636696,324.3646131157875
1091,3.0,1030.2482116669416,840.4516444802284
1092,3.0,1028.5119043886662,1121.5562244057655
1093,3.0,1028.7806201279163,1048.7513350695372
1094,3.0,1028.6693142950535,1042.7762299478054
1095,3.0,1025.4856505393982,742.4834268987179
1096,3.0,1024.7244721651077,1320.2529138624668
1097,3.0,1025.3245930373669,1147.704099535942
1098,3.0,1025.4581035673618,751.889072664082
1099,3.0,1024.2603772878647,392.24734714627266
1100,3.0,1022.6055302023888,1314.4889692366123
1101,3.0,1022.7697161883116,1035.650611937046
1102,3.0,1022.7892314046621,397.907715447247
1103,3.0,1017.5944340825081,321.3530844449997
1104,3.0,1018.3261760473251,309.33874785900116
1105,3.0,1017.209111303091,1146.1436266303062
1106,3.0,1014.5220750272274,920.5273954868317
1107,3.0,1015.5395525693893,391.5520619750023
1108,3.0,1015.344337195158,329.4201506972313
1109,3.0,1012.9008793756366,1129.9503657408059
1110,3.0,1012.4613944888115,1124.3517951369286
1111,3.0,1012.3397404551506,1114.7238278985023
1112,3.0,1010.5232817530632,909.7533162087202
1113,3.0,1010.3631104230881,756.4666736125946
1114,3.0,1010.4594354331493,388.30472180247307
1115,3.0,1010.3222984671593,323.49359822273254
1116,3.0,1007.0906569883227,905.0366848856211
1117,3.0,1007.3555020391941,772.178208142519
1118,3.0,1006.3095626533031,1116.2871232926846
1119,3.0,1005.394192814827,1124.5047641694546
1120,3.0,1005.3105081617832,914.585512727499
1121,3.0,1005.429267257452,391.59059050679207
1122,3.0,1003.6397512853146,386.3013180196285
1123,3.0,1002.1286279112101,1130.124723687768
1124,3.0,1002.3425360023975,909.8443816900253
1125,3.0,1001.6259399354458,765.5385303497314
1126,3.0,998.1548551470041,779.133934751153
1127,3.0,995.7286041378975,1109.6702864170074
1128,3.0,995.2483586370945,1119.5425088107586
1129,3.0,995.2658873200417,915.6032188534737
1130,3.0,995.09599288553,661.9140010178089
1131,3.0,993.6563118994236,1095.5432400107384
1132,3.0,993.4297716319561,1102.3431628346443
1133,3.0,992.60444393754,771.4133425056934
1134,3.0,991.7141346931458,652.3556313812733
1135,3.0,991.1952538490295,785.3209326267242
1136,3.0,988.5218590795994,1088.4728663563728
1137,3.0,989.3812742233276,658.5561075508595
1138,3.0,987.5441511571407,1099.511158645153
1139,3.0,988.3491241931915,762.3759172856808
1140,3.0,983.1657646298409,725.3158398866653
1141,3.0,981.3677079081535,657.5842294692993
1142,3.0,978.3911314606667,738.4399879872799
1143,3.0,977.8010313212872,652.7498409450054
1144,3.0,975.638396769762,726.6558408439159
1145,3.0,976.4321707189083,147.31557232141495
1146,3.0,974.5654231011868,454.7197400331497
1147,3.0,974.9381823986769,142.94752780720592
1148,3.0,974.4548983871937,772.7395223975182
1149,3.0,973.7612514197826,732.4515375196934
1150,3.0,974.3773584365845,712.4007685780525
1151,3.0,974.0623202882707,129.0992268025875
1152,3.0,972.8159023225307,767.1738311201334
1153,3.0,973.1443739384413,647.5661550164223
1154,3.0,968.7621519416571,777.6751117110252
1155,3.0,969.4495126605034,143.53419920802116
1156,3.0,968.2822962105274,717.3354487419128
1157,3.0,967.6487157344818,134.28373304009438
1158,3.0,965.0683110877872,976.763518050313
1159,3.0,964.1967544704676,938.215457752347
1160,3.0,964.4023813605309,144.38516101241112
1161,3.0,961.5739044249058,455.38902458548546
1162,3.0,962.4191571176052,17.670535683631897
1163,3.0,960.5380728542805,7.466279149055481
1164,3.0,958.8121254742146,787.789686024189
1165,3.0,958.8143879175186,652.1909004449844
1166,3.0,956.7886803001165,975.838960185647
1167,3.0,954.5590736865997,4.705042392015457
1168,3.0,953.8506251424551,979.3433766067028
1169,3.0,954.2945637106895,781.2887604236603
1170,3.0,953.4240755736828,459.46372723579407
1171,3.0,953.2055524736643,450.1859082877636
1172,3.0,953.3614312410355,441.48549222946167
1173,3.0,953.2570098042488,15.226925745606422
1174,3.0,950.2001152038574,953.8544504791498
1175,3.0,948.2195165455341,977.2393401563168
1176,3.0,948.3727689385414,941.4356333315372
1177,3.0,948.0745904073119,458.89861933887005
1178,3.0,947.9380539543927,12.01276922877878
1179,3.0,946.2629531025887,644.4529672265053
1180,3.0,945.2261923104525,18.24149176478386
1181,3.0,943.6414986550808,659.4894937574863
1182,3.0,940.6007657945156,1201.814597606659
1183,3.0,941.3593229949474,973.5366477370262
1184,3.0,941.3425056636333,944.4913256168365
1185,3.0,941.4984215199947,939.3695560395718
1186,3.0,938.5321574807167,666.4504592120647
1187,3.0,937.2462252527475,986.4977575540543
1188,3.0,935.8514103293419,946.8749357908964
1189,3.0,936.4568067491055,646.4268586337566
1190,3.0,934.7739780545235,654.5788561105728
1191,3.0,933.7464589476585,1031.208363905549
1192,3.0,933.5284979343414,1036.620743215084
1193,3.0,931.6470764279366,371.57205191254616
1194,3.0,929.2750492990017,129.45842599868774
1195,3.0,928.3119638264179,1027.3113723099232
1196,3.0,927.6580269634724,383.472058981657
1197,3.0,928.0600205250084,377.7595098465681
1198,3.0,927.6302201747894,368.57612723112106
1199,3.0,926.5347057580948,1189.3398935198784
1200,3.0,925.6672476530075,920.6500292122364
1201,3.0,925.3708926141262,915.3499623537064
1202,3.0,924.4120720624924,1031.5472241938114
1203,3.0,923.5549067258835,362.97338439151645
1204,3.0,924.2822930216789,119.61466535925865
1205,3.0,923.1858797967434,108.54783323407173
1206,3.0,922.4890924394131,1210.3949859142303
1207,3.0,922.4848810434341,1025.62543836236
1208,3.0,920.6697264909744,928.3912573158741
1209,3.0,921.3489492237568,370.75655537843704
1210,3.0,921.4552376568317,126.55696806311607
1211,3.0,920.2013318389654,1202.5874466896057
1212,3.0,918.5935317873955,1063.5467423796654
1213,3.0,919.1047485917807,117.68744152784348
1214,3.0,918.3890128731728,1032.4414779245853
1215,3.0,918.2757170498371,906.2875215113163
1216,3.0,918.0537510886788,623.130205526948
1217,3.0,916.4127370417118,113.46081373095512
1218,3.0,915.1538353413343,1201.1064910069108
1219,3.0,915.347304970026,630.3095474243164
1220,3.0,914.1292759627104,922.3120379447937
1221,3.0,912.653932094574,1083.4195539951324
1222,3.0,912.373064249754,619.4779315292835
1223,3.0,911.2322140932083,1068.5813472270966
1224,3.0,910.8226713389158,1063.1528376936913
1225,3.0,911.3170763850212,612.3707200586796
1226,3.0,908.7066360116005,1205.312899172306
1227,3.0,908.8252027332783,1075.3974217176437
1228,3.0,908.4111774265766,1176.6203933656216
1229,3.0,907.8084882944822,464.3128907382488
1230,3.0,906.0308852419257,1067.1430655568838
1231,3.0,905.251626521349,813.0443280078471
1232,3.0,904.2330968081951,1172.5357988476753
1233,3.0,903.596082419157,1165.5258143544197
1234,3.0,904.1547495424747,623.2519210278988
1235,3.0,903.4018841385841,1181.4429661631584
1236,3.0,902.652058750391,918.4246332645416
1237,3.0,903.0538883469999,469.03151957318187
1238,3.0,903.3554668426514,404.3674703836441
1239,3.0,900.779771655798,829.3642829358578
1240,3.0,900.5813779830933,820.5052812695503
1241,3.0,900.5547892451286,629.5902396738529
1242,3.0,899.8515104800463,813.8176037222147
1243,3.0,899.5542988479137,393.23674945533276
1244,3.0,898.6259140968323,457.50872910022736
1245,3.0,897.6408251225948,1166.4234231114388
1246,3.0,896.7008103132248,465.2393341809511
1247,3.0,896.4648291170597,1246.3912767767906
1248,3.0,896.0604798309505,1178.2433407306671
1249,3.0,895.4282830953598,396.68832767009735
1250,3.0,893.4389170110226,1302.3178575634956
1251,3.0,892.0770101472735,1241.086182422936
1252,3.0,892.3298232853413,458.46803522109985
1253,3.0,890.7787163853645,1319.23581238091
1254,3.0,890.8292910754681,1147.0456788614392
1255,3.0,891.4807449579239,819.4622983634472
1256,3.0,891.2431373745203,468.52104276418686
1257,3.0,890.5483136475086,401.3807467520237
1258,3.0,889.6198134422302,1297.5766743123531
1259,3.0,888.6538510620594,1247.3957002162933
1260,3.0,888.6785449683666,391.3015349507332
1261,3.0,887.6049445569515,1240.6403641998768
1262,3.0,886.7306024730206,1157.2946276068687
1263,3.0,886.4322822093964,397.4671223759651
1264,3.0,884.7369038164616,1244.0875414386392
1265,3.0,885.1592099219561,203.13867461681366
1266,3.0,884.5096082687378,1322.6432739198208
1267,3.0,884.4470040798187,815.7001568675041
1268,3.0,882.7322832942009,208.3567699790001
1269,3.0,882.2651385962963,1312.7514303475618
1270,3.0,880.4029657244682,1163.7556771337986
1271,3.0,879.6314379870892,1023.5331137776375
1272,3.0,879.6602467894554,197.56794807314873
1273,3.0,877.8533885627985,1157.2468310296535
1274,3.0,876.6224979758263,1244.5449404418468
1275,3.0,877.3090587258339,1038.5668597519398
1276,3.0,876.5521323382854,1027.519196242094
1277,3.0,875.3357823193073,1307.7894631773233
1278,3.0,874.6022717654705,544.6255733966827
1279,3.0,874.3135462999344,1149.6913391053677
1280,3.0,874.0786384493113,203.65861389040947
1281,3.0,872.3867029845715,1177.5223499536514
1282,3.0,871.8801008090377,1142.734428346157
1283,3.0,870.0893248990178,1199.0869322270155
1284,3.0,869.6775971055031,1036.5622757077217
1285,3.0,869.1814776659012,545.1988806724548
1286,3.0,869.0740107297897,537.1627448499203
1287,3.0,868.6411191225052,208.59651446342468
1288,3.0,867.5629336535931,1152.4689224362373
1289,3.0,867.7937378436327,198.3550929427147
1290,3.0,867.1582683026791,1027.322301030159
1291,3.0,867.318498313427,1018.6784464716911
1292,3.0,865.4964345991611,1196.6037663519382
1293,3.0,865.1309983432293,1140.9818850625306
1294,3.0,865.0367899164557,549.3170402348042
1295,3.0,865.1442158073187,243.84460419416428
1296,3.0,863.6302557587624,156.3444221317768
1297,3.0,862.4086476862431,1135.3670235276222
1298,3.0,862.4564601778984,248.66937255859375
1299,3.0,859.4937683343887,1188.195179373026
1300,3.0,859.6435072720051,542.1770975738764
1301,3.0,858.7628334909678,1131.2034628987312
1302,3.0,858.8830693438649,475.773861721158
1303,3.0,859.0872506052256,165.1823968887329
1304,3.0,858.5080559253693,159.60326281189919
1305,3.0,857.578769415617,257.42386704683304
1306,3.0,857.0990862697363,1200.7333712875843
1307,3.0,855.7179450690746,1193.323955744505
1308,3.0,855.8921597823501,470.1851828545332
1309,3.0,856.4919876158237,152.52336984872818
1310,3.0,853.9329794421792,162.50926440954208
1311,3.0,852.5360324978828,255.1379967778921
1312,3.0,850.9505818970501,1314.778027921915
1313,3.0,850.867111697793,554.3066142201424
1314,3.0,850.5062804818153,158.40765392780304
1315,3.0,848.5117732286453,1139.3277161419392
1316,3.0,848.6208704710007,494.06474164128304
1317,3.0,848.7297326624393,474.539825797081
1318,3.0,845.8124491721392,1326.372166633606
1319,3.0,845.6185575425625,248.0652211010456
1320,3.0,843.5688673853874,1316.3433479368687
1321,3.0,842.0565773360431,1143.4203156530857
1322,3.0,841.549332857132,487.4781824350357
1323,3.0,842.3764409720898,475.6972013115883
1324,3.0,839.2260155826807,1325.1679181456566
1325,3.0,839.0504409782588,445.2350961267948
1326,3.0,838.213726580143,247.7308152616024
1327,3.0,829.3167898356915,1314.657419681549
1328,3.0,829.3576353192329,438.17500288784504
1329,3.0,828.6149238348007,432.63931635022163
1330,3.0,828.4498988389969,1324.588424026966
1331,3.0,825.8761433437467,1364.757511407137
1332,3.0,826.0501175038517,450.1119662448764
1333,3.0,824.3785245418549,1370.4841446876526
1334,3.0,822.132047533989,441.899764560163
1335,3.0,820.8730730712414,1375.177888289094
1336,3.0,821.5200242400169,430.51406785845757
1337,3.0,815.4541702270508,1364.5273922681808
1338,3.0,810.8006482869387,1371.6590098142624
1339,3.0,805.5913074314594,1373.4964765310287
1340,3.0,791.2314122766256,1349.8726611286402
1341,3.0,790.1527969390154,1340.591129988432
1342,3.0,789.7208269238472,255.9038036838174
1343,3.0,788.2627848088741,245.3790967464447
1344,3.0,788.4866345524788,237.42485523223877
1345,3.0,784.1332581192255,172.11682511866093
1346,3.0,783.2007576525211,1346.1233827024698
1347,3.0,782.6229163706303,1302.6164543926716
1348,3.0,783.107706323266,163.16820096969604
1349,3.0,780.6502895951271,245.62904205918312
1350,3.0,780.7771340608597,240.25017303228378
1351,3.0,779.9012301564217,170.02572787553072
1352,3.0,779.2877976298332,1354.615031272173
1353,3.0,778.2332285940647,1348.254144102335
1354,3.0,777.7263502180576,254.51860204339027
1355,3.0,775.6054412126541,1313.5403988659382
1356,3.0,774.3543931245804,1343.2473839372396
1357,3.0,774.159784913063,1305.3687896728516
1358,3.0,773.0627547129989,181.1111827492714
1359,3.0,767.6498010158539,1318.6614265143871
1360,3.0,767.4568459689617,1304.4384828805923
1361,3.0,766.863519012928,153.35749027132988
1362,3.0,762.6574192643166,1231.6198315024376
1363,3.0,758.7253466844559,1234.677210688591
1364,3.0,756.6528299152851,1312.2376891821623
1365,3.0,756.4942184090614,162.2697722017765
1366,3.0,750.7887921780348,1245.479734301567
1367,3.0,748.7007995247841,1238.3333277702332
1368,3.0,743.8477885574102,1247.3875624537468
1369,3.0,734.3589714169502,1234.7385928034782
1370,3.0,731.3244494497776,216.45555067062378
1371,3.0,729.7518403083086,1324.1591348350048
1372,3.0,727.745832324028,1332.6904193460941
1373,3.0,727.5457129478455,211.4637432396412
1374,3.0,725.7556031495333,1347.6561435461044
1375,3.0,725.4581703543663,221.77285766601562
1376,3.0,722.0581777356565,682.8540296852589
1377,3.0,722.2556447982788,212.83023266494274
1378,3.0,721.4371255636215,1326.3658293187618
1379,3.0,719.850481107831,676.6758673489094
1380,3.0,719.1327967941761,1338.1865350157022
1381,3.0,719.1210396662354,690.5874680876732
1382,3.0,718.5703583955765,215.40029230713844
1383,3.0,718.2458189725876,1333.23794901371
1384,3.0,718.3784136474133,224.47158455848694
1385,3.0,717.4426814317703,1056.431688964367
1386,3.0,716.1870284676552,894.5682119131088
1387,3.0,713.7886070609093,1060.295463502407
1388,3.0,712.6193804442883,1069.7423437833786
1389,3.0,712.7908013314009,1053.0372120849788
1390,3.0,710.7181240320206,855.5591685175896
1391,3.0,709.9035291448236,1172.0272538140416
1392,3.0,710.3373612463474,864.2899450361729
1393,3.0,709.4483161866665,841.368320018053
1394,3.0,708.6631273925304,680.6422759890556
1395,3.0,708.5884355902672,352.26313930749893
1396,3.0,709.3042056262493,346.65250381827354
1397,3.0,707.5747849345207,1049.6931313872337
1398,3.0,707.9419055506587,891.2658907473087
1399,3.0,705.8877025321126,847.1702496707439
1400,3.0,704.789458334446,1055.141606733203
1401,3.0,703.5122424662113,887.5406747460365
1402,3.0,704.0840457379818,670.0996008962393
1403,3.0,703.146338224411,858.3374265432358
1404,3.0,702.663788497448,338.36556699872017
1405,3.0,701.1868934780359,896.1454835981131
1406,3.0,701.2118851095438,675.6710991859436
1407,3.0,699.5447360873222,1055.650408089161
1408,3.0,698.7284629046917,1358.8051835000515
1409,3.0,698.6968493461609,1174.4212015271187
1410,3.0,698.8174619972706,1072.8160240650177
1411,3.0,699.2001964896917,1065.1332633942366
1412,3.0,698.5150944292545,887.4049673676491
1413,3.0,697.611748367548,1078.4524168372154
1414,3.0,698.3555498719215,842.6665719151497
1415,3.0,695.2420346289873,290.62411001324654
1416,3.0,693.5800883769989,1073.4076350331306
1417,3.0,694.2710646986961,339.547558426857
1418,3.0,692.7789342999458,1083.7803750485182
1419,3.0,691.6755775809288,1353.2884480953217
1420,3.0,692.4482693076134,1172.6895040869713
1421,3.0,690.8738328069448,1374.1136049851775
1422,3.0,689.9026129171252,359.9511552453041
1423,3.0,690.3206062912941,287.51070404052734
1424,3.0,686.8053129017353,1367.7557916939259
1425,3.0,687.0293722301722,1173.1519533097744
1426,3.0,686.317124158144,882.5128575265408
1427,3.0,686.2648633420467,355.53156012296677
1428,3.0,682.7138316333294,1370.4574072659016
1429,3.0,682.5478197336197,1170.3759160637856
1430,3.0,682.7368583977222,291.9503306299448
1431,3.0,681.1875466406345,1352.5710002183914
1432,3.0,677.6267611384392,145.47512882947922
1433,3.0,677.336313188076,1173.287042826414
1434,3.0,676.5310562252998,295.5488242805004
1435,3.0,677.3449707627296,290.1563373655081
1436,3.0,673.3873289823532,286.4842623472214
1437,3.0,671.7598643302917,138.14566150307655
1438,3.0,670.3666599690914,147.4217844903469
1439,3.0,664.5308545529842,660.6273158788681
1440,3.0,665.3953492343426,138.66813266277313
1441,3.0,663.8918588683009,652.9610659256577
1442,3.0,663.6943756639957,143.2967114150524
1443,3.0,662.7241704165936,128.13677516579628
1444,3.0,660.3643529415131,657.521720200777
1445,3.0,659.173003166914,665.7869224399328
1446,3.0,656.7252806425095,463.3475071489811
1447,3.0,654.979736411944,328.1584540307522
1448,3.0,654.1710163801908,320.09712571650743
1449,3.0,651.8686180561781,471.57302263379097
1450,3.0,650.3817838728428,1248.311103373766
1451,3.0,650.3673484027386,663.5022523403168
1452,3.0,649.9067724347115,658.0703426599503
1453,3.0,649.2986139655113,328.71083983778954
1454,3.0,646.4925897419453,1263.4529039859772
1455,3.0,645.1102076172829,1249.6926271617413
1456,3.0,644.8194873929024,455.79490108788013
1457,3.0,643.6246986985207,1258.502758026123
1458,3.0,644.2440233826637,472.568893969059
1459,3.0,643.6979174315929,333.1980432420969
1460,3.0,642.6707108616829,326.67934584617615
1461,3.0,641.5161070525646,343.63437128067017
1462,3.0,639.5685751140118,1247.8433959335089
1463,3.0,638.5670228302479,1255.4791278243065
1464,3.0,637.2082649618387,84.07439981400967
1465,3.0,636.0959312021732,469.6409247517586
1466,3.0,634.570645570755,69.48118776082993
1467,3.0,632.1727140396833,62.78794763982296
1468,3.0,629.0321513488889,91.96052883565426
1469,3.0,627.3179294764996,463.28627440333366
1470,3.0,627.1955697387457,70.34061396121979
1471,3.0,622.193229675293,77.69625848531723
1472,3.0,622.4260201156139,61.31268310546875
1473,3.0,605.5405122339725,1219.3631655871868
1474,3.0,605.4098545312881,1382.6494089066982
1475,3.0,605.4793867170811,1212.389911532402
1476,3.0,600.0291469525546,1361.5699699223042
1477,3.0,599.0990261510015,1217.6098132133484
1478,3.0,598.2844425737858,70.21085381507874
1479,3.0,595.6248355805874,1335.9531448632479
1480,3.0,595.3778804838657,1390.3432222008705
1481,3.0,595.363410025835,193.37859681248665
1482,3.0,593.8876865133643,1384.758271202445
1483,3.0,594.1365457177162,1326.8377068787813
1484,3.0,594.2463377863169,107.91748315095901
1485,3.0,592.6330297589302,185.54100427031517
1486,3.0,592.3604145944118,179.3780565559864
1487,3.0,589.5935008823872,1373.6801606714725
1488,3.0,590.3810579776764,1218.4794102311134
1489,3.0,589.0890608653426,1331.8429066091776
1490,3.0,589.499184012413,909.5034353137016
1491,3.0,588.3297882676125,1383.5831301510334
1492,3.0,588.3596931099892,1326.2383223176003
1493,3.0,588.0980799719691,77.20536406338215
1494,3.0,587.3312973082066,1090.420090764761
1495,3.0,586.7224739193916,113.70051175355911
1496,3.0,587.4766523241997,108.47269263863564
1497,3.0,585.649701833725,1219.43165782094
1498,3.0,586.1541074812412,1085.0727695971727
1499,3.0,584.5781108140945,1227.4783620238304
1500,3.0,585.374374628067,914.2342598736286
1501,3.0,585.4331629872322,906.1303903311491
1502,3.0,583.7324042022228,1321.2951138615608
1503,3.0,584.1532471626997,1075.5868183374405
1504,3.0,582.41036850214,62.60071823000908
1505,3.0,581.2308282703161,899.8777110278606
1506,3.0,580.9483872875571,121.0900101736188
1507,3.0,581.3955438137054,95.48110371828079
1508,3.0,580.5936581790447,70.36030352115631
1509,3.0,580.422774463892,1088.485057771206
1510,3.0,579.2219119369984,1144.0828320756555
1511,3.0,579.3549392521381,1080.4989410340786
1512,3.0,579.1322803944349,908.2296406924725
1513,3.0,577.8569349646568,189.15118573606014
1514,3.0,577.2145891338587,1322.387435078621
1515,3.0,576.4146212041378,1372.3925685584545
1516,3.0,574.5919642746449,1342.341676056385
1517,3.0,573.6563028693199,1141.2579712867737
1518,3.0,574.3608432412148,900.4013651013374
1519,3.0,574.3422996401787,185.53282755613327
1520,3.0,572.6129052042961,1147.6070264577866
1521,3.0,573.1695280522108,70.71085968613625
1522,3.0,572.0924937576056,1155.8666748553514
1523,3.0,572.2951331138611,298.65862917900085
1524,3.0,570.7389754652977,1166.5334011912346
1525,3.0,568.7265219688416,1341.1880996525288
1526,3.0,568.6241862475872,1218.6445766091347
1527,3.0,568.6893844306469,1089.5256643891335
1528,3.0,567.6199850142002,113.5075190961361
1529,3.0,566.4855823814869,1357.3391971588135
1530,3.0,565.8972817361355,1207.690049380064
1531,3.0,565.2038439661264,77.52267941832542
1532,3.0,563.7399977743626,308.79367373883724
1533,3.0,563.4466338455677,302.32972779870033
1534,3.0,562.588564902544,200.50303047895432
1535,3.0,561.5987903177738,1225.3525917828083
1536,3.0,562.2119493335485,1212.8292277008295
1537,3.0,561.569554746151,1163.3843145370483
1538,3.0,561.6659653782845,314.7311409711838
1539,3.0,558.9688432533294,1343.0238675251603
1540,3.0,558.7401972413063,1234.3347317576408
1541,3.0,556.4946450591087,146.40209859609604
1542,3.0,555.5128834247589,1351.4000128805637
1543,3.0,556.3304505944252,309.33102598786354
1544,3.0,554.2600826323032,1222.0871188789606
1545,3.0,554.3767626583576,746.4826609194279
1546,3.0,553.6234958767891,157.51919734477997
1547,3.0,553.3383356630802,1358.6597947776318
1548,3.0,552.6981767416,152.38638600707054
1549,3.0,550.6291131973267,968.4319788217545
1550,3.0,551.4975580871105,731.545256793499
1551,3.0,548.5178983807564,142.2292859107256
1552,3.0,546.8806902468204,161.1151732802391
1553,3.0,546.2558996975422,315.50731831789017
1554,3.0,545.2030842900276,732.3759656250477
1555,3.0,544.346064478159,148.62625509500504
1556,3.0,543.2242422997952,977.6145077347755
1557,3.0,540.799255117774,992.5554849803448
1558,3.0,541.144606038928,741.0627249628305
1559,3.0,539.4772056341171,972.4060449302197
1560,3.0,539.1731178760529,77.27144858241081
1561,3.0,538.6830927729607,61.55986902117729
1562,3.0,537.5513810515404,1332.5510710179806
1563,3.0,538.1327789574862,733.7096720337868
1564,3.0,534.8019490391016,1328.6225798130035
1565,3.0,534.7153809070587,975.2055488228798
1566,3.0,532.6284682154655,1319.7482826709747
1567,3.0,533.4053817391396,744.5222029089928
1568,3.0,531.3703754544258,1333.528543651104
1569,3.0,531.522153377533,968.4326884448528
1570,3.0,529.6750807464123,1054.244420081377
1571,3.0,527.6955019235611,1341.5010741949081
1572,3.0,528.3302906155586,1070.2987094521523
1573,3.0,527.4403676688671,82.4107255935669
1574,3.0,526.336128950119,1348.8865307569504
1575,3.0,526.4806771576405,1124.4251761734486
1576,3.0,526.4346204698086,1061.3135997354984
1577,3.0,525.3664541840553,1134.485776424408
1578,3.0,523.7905824035406,1129.832070812583
1579,3.0,523.1167873740196,1049.1444419622421
1580,3.0,521.6679039001465,68.34963175654411
1581,3.0,520.3380764126778,1169.3337047696114
1582,3.0,519.8292749077082,1138.3469454944134
1583,3.0,518.5758846700191,1174.5708371400833
1584,3.0,518.5817744135857,1049.7813348323107
1585,3.0,516.7605722397566,1131.4493227005005
1586,3.0,516.6403687596321,1058.4806213974953
1587,3.0,516.7322069108486,65.21191528439522
1588,3.0,515.4212037622929,356.3928587734699
1589,3.0,513.8417147696018,69.65512669086456
1590,3.0,512.8658317774534,1167.065783560276
1591,3.0,512.4973292350769,1317.31639829278
1592,3.0,511.45298436284065,1175.2089013904333
1593,3.0,510.6302343904972,727.6383931338787
1594,3.0,510.3084775209427,361.18723855912685
1595,3.0,508.6507905125618,1126.7791203707457
1596,3.0,509.39477971196175,311.1505561321974
1597,3.0,507.4655664861202,1195.3769976198673
1598,3.0,506.9428937025368,1179.2067225724459
1599,3.0,506.83642649650574,344.58543941378593
1600,3.0,506.3552817106247,722.3296315073967
1601,3.0,505.32715997099876,1200.5237589478493
1602,3.0,504.80003479123116,1185.1344093978405
1603,3.0,504.85313706099987,727.7179075777531
1604,3.0,504.57484567165375,705.2086417376995
1605,3.0,504.4142294228077,1191.5962626934052
1606,3.0,503.5932000875473,352.2725605368614
1607,3.0,501.73920318484306,317.2054146081209
1608,3.0,502.39883601665497,296.6321922838688
1609,3.0,501.1906419992447,718.1992791742086
1610,3.0,499.7939828634262,1379.4345799982548
1611,3.0,499.179225102067,358.6657393872738
1612,3.0,497.6883475482464,956.7459699213505
1613,3.0,497.8477427959442,721.7053804695606
1614,3.0,498.18082827329636,344.6433619558811
1615,3.0,497.68631860613823,302.3451079726219
1616,3.0,497.3210443556309,1311.5315822958946
1617,3.0,497.35014656186104,1306.0663240551949
1618,3.0,497.40751457214355,1172.4712911248207
1619,3.0,496.83447378873825,295.85062025487423
1620,3.0,492.5872839987278,205.697588711977
1621,3.0,492.1263701915741,1304.7436158955097
1622,3.0,491.81998424232006,1195.6124148368835
1623,3.0,491.21792781352997,1323.2346358299255
1624,3.0,490.10353764891624,1381.0551270022988
1625,3.0,490.2187703102827,294.3522673547268
1626,3.0,489.10252463817596,951.2783440053463
1627,3.0,487.2639151215553,220.1231815814972
1628,3.0,484.29592087864876,1376.4899835586548
1629,3.0,484.089489325881,1319.2884700596333
1630,3.0,483.64143136143684,945.2238193303347
1631,3.0,478.6508541405201,1388.5967444777489
1632,3.0,479.45367857813835,226.36735340952873
1633,3.0,478.43615210056305,948.4979777932167
1634,3.0,475.50531736016273,938.2931536436081
1635,3.0,475.7937403768301,204.67703968286514
1636,3.0,473.73646569252014,1383.5691438913345
1637,3.0,473.10922841727734,216.11427360773087
1638,3.0,469.33324924111366,948.2409396022558
1639,3.0,467.4601374864578,1389.557058751583
1640,3.0,468.32721814513206,1023.5841263234615
1641,3.0,466.7592412531376,730.322290122509
1642,3.0,466.3572405874729,219.27155166864395
1643,3.0,464.55039542913437,1027.1163850203156
1644,3.0,463.707140237093,736.7821601480246
1645,3.0,462.4128282368183,1041.3771087527275
1646,3.0,462.19882321357727,233.2954592704773
1647,3.0,460.634558737278,1034.543651998043
1648,3.0,461.2849966585636,728.8091104775667
1649,3.0,458.15637424588203,1018.1910319328308
1650,3.0,456.5682594180107,1173.3305508494377
1651,3.0,455.771851092577,1186.630762130022
1652,3.0,455.2068001180887,1166.2664814591408
1653,3.0,454.8395385146141,231.7038992345333
1654,3.0,455.0037736084778,216.1229433566332
1655,3.0,454.4297114908695,1180.5028509497643
1656,3.0,454.368904620409,736.3805024027824
1657,3.0,454.3054590821266,731.3163957297802
1658,3.0,454.15451849997044,221.15549430251122
1659,3.0,451.6857180297375,1256.6110698580742
1660,3.0,452.28523325920105,236.5069449543953
1661,3.0,450.71856248378754,1158.8328829556704
1662,3.0,450.35931584239006,1167.799603074789
1663,3.0,449.74185836315155,221.64804914593697
1664,3.0,448.3982984125614,1271.1710500866175
1665,3.0,448.0351702719927,1261.1466762721539
1666,3.0,448.2573104798794,732.3160752654076
1667,3.0,446.5697876214981,1035.595885425806
1668,3.0,446.2127358466387,227.65503600239754
1669,3.0,437.1187048777938,1267.5814724862576
1670,3.0,433.86761954426765,911.2862065136433
1671,3.0,431.4048891067505,1262.80680590868
1672,3.0,425.589847356081,919.7522938549519
1673,3.0,422.6028760075569,1263.3405407369137
1674,3.0,421.78512628376484,910.2832628786564
1675,3.0,419.15259386599064,916.509209394455
1676,3.0,419.06476981937885,589.7796965539455
1677,3.0,418.2664718031883,925.820249736309
1678,3.0,413.6157561838627,735.6894148886204
1679,3.0,413.9615301974118,595.984029468149
1680,3.0,412.7148360610008,601.7994267046452
1681,3.0,412.2302829325199,727.4757027029991
1682,3.0,408.7460326850414,915.5592532157898
1683,3.0,409.12499007582664,605.7897146940231
1684,3.0,407.87454847991467,596.760904237628
1685,3.0,407.24855476617813,737.39663413167
1686,3.0,407.23086580634117,730.5050340592861
1687,3.0,407.26161631941795,725.4552586376667
1688,3.0,405.7721067070961,1011.8058410435915
1689,3.0,405.1457420885563,194.0790182799101
1690,3.0,403.4967334866524,447.58106234669685
1691,3.0,403.1587033867836,1017.0953196510673
1692,3.0,402.50035271048546,597.2814592421055
1693,3.0,402.26014444231987,1321.4764055609703
1694,3.0,402.34180438518524,1029.4718376398087
1695,3.0,402.36551889777184,736.509666711092
1696,3.0,400.06124598532915,1011.033056113869
1697,3.0,399.3567871451378,1303.410736322403
1698,3.0,397.61193388700485,1026.6924992501736
1699,3.0,398.4962449967861,182.34774899482727
1700,3.0,397.35455399751663,1017.2362552434206
1701,3.0,396.57894971966743,452.54803162813187
1702,3.0,395.01002463605255,956.0177296809852
1703,3.0,393.2961072027683,441.75129844248295
1704,3.0,393.4342059791088,359.49500608444214
1705,3.0,393.30932316184044,201.40891548991203
1706,3.0,390.3679900467396,377.0766589269042
1707,3.0,388.4722259044647,445.628161162138
1708,3.0,387.62971246242523,198.64469373226166
1709,3.0,387.27169024944305,369.2894348502159
1710,3.0,387.2176361232996,185.26928222179413
1711,3.0,386.247800052166,1315.2093614786863
1712,3.0,385.61931270360947,361.6106236577034
1713,3.0,384.65588241815567,295.3344063460827
1714,3.0,384.1301366388798,1304.1197170987725
1715,3.0,383.53553649783134,452.3862870335579
1716,3.0,382.6338135302067,196.3634181022644
1717,3.0,382.4577868282795,373.5843375623226
1718,3.0,382.2341987490654,352.2133425027132
1719,3.0,381.5664615035057,104.45696139335632
1720,3.0,381.29800951480865,436.2314508408308
1721,3.0,381.1712388396263,333.58382976055145
1722,3.0,380.79573760926723,300.3052567541599
1723,3.0,379.624109685421,287.48296397924423
1724,3.0,379.10130801796913,96.08324752002954
1725,3.0,378.485278904438,370.54485899209976
1726,3.0,378.37381771206856,311.45799893140793
1727,3.0,377.12795682251453,1311.6229340434074
1728,3.0,375.21390475332737,324.6706208586693
1729,3.0,375.5142619609833,106.6221449971199
1730,3.0,373.9277561083436,309.37340849637985
1731,3.0,373.1022821739316,319.3958411216736
1732,3.0,372.7650239467621,86.74399304389954
1733,3.0,372.1978148818016,314.59240144491196
1734,3.0,371.5041854381561,295.6734009683132
1735,3.0,371.14994119107723,98.6188071668148
1736,3.0,369.59660694003105,1313.2850686907768
1737,3.0,370.36303532123566,286.5418525636196
1738,3.0,368.7807907164097,1260.679506868124
1739,3.0,369.2259534448385,1247.7340755164623
1740,3.0,367.24684070050716,681.4795596003532
1741,3.0,366.61764124035835,534.8266037255526
1742,3.0,364.5829117000103,1239.5545173585415
1743,3.0,364.4387887120247,727.3623678982258
1744,3.0,363.49963968992233,133.57914876937866
1745,3.0,362.48572462797165,715.6450780332088
1746,3.0,361.5724624097347,426.4142776429653
1747,3.0,361.17839427292347,1250.1411999166012
1748,3.0,361.1481128334999,499.88394466787577
1749,3.0,360.3749047219753,531.3040329813957
1750,3.0,359.788388222456,143.12607994675636
1751,3.0,359.428435087204,1240.712945818901
1752,3.0,359.0642467215657,703.0401754565537
1753,3.0,358.75863641500473,682.3618304729462
1754,3.0,359.0933086127043,673.607363909483
1755,3.0,359.19631396234035,544.5416450500488
1756,3.0,357.7026232779026,708.3829638659954
1757,3.0,358.509468793869,443.44331669807434
1758,3.0,358.2881216406822,95.56564655900002
1759,3.0,356.6060219705105,148.63781067728996
1760,3.0,356.118385694921,1289.1918007433414
1761,3.0,356.2549396753311,656.5153007805347
1762,3.0,355.74491342902184,513.5624184012413
1763,3.0,356.26898750662804,286.3609893620014
1764,3.0,355.1590877324343,666.4890823364258
1765,3.0,355.2347012460232,504.6501462161541
1766,3.0,354.6672860085964,430.7591731995344
1767,3.0,354.2059892565012,575.2022438496351
1768,3.0,354.31837967038155,437.6320912241936
1769,3.0,354.10615034401417,132.3533416390419
1770,3.0,353.1350336819887,1123.1403704881668
1771,3.0,352.5069910287857,157.79875315725803
1772,3.0,351.89186975359917,1131.8725765049458
1773,3.0,352.3157290816307,715.3241110742092
1774,3.0,351.6530166566372,542.2681270539761
1775,3.0,350.66312035918236,1180.318227648735
1776,3.0,350.5708424448967,1166.2014887034893
1777,3.0,350.9673459418118,426.10515554994345
1778,3.0,349.87164199352264,526.8056397885084
1779,3.0,347.6248697042465,838.1442197114229
1780,3.0,348.1095644980669,537.1939221769571
1781,3.0,347.7627548724413,138.13535092771053
1782,3.0,346.72836887836456,1122.7701803147793
1783,3.0,346.61211982369423,656.1813063919544
1784,3.0,347.23009315133095,571.5590116977692
1785,3.0,347.35083532333374,507.44634187221527
1786,3.0,345.601869314909,595.1849021315575
1787,3.0,345.6904074847698,80.35516560077667
1788,3.0,344.70573711395264,1186.657993197441
1789,3.0,344.5544390678406,705.3307176530361
1790,3.0,345.29312494397163,603.5030482113361
1791,3.0,344.8748330324888,430.41351944208145
1792,3.0,343.70229187607765,1140.4313076138496
1793,3.0,344.2235023379326,499.95872216671705
1794,3.0,344.3797588944435,87.33425611257553
1795,3.0,342.8675347715616,1237.3216570317745
1796,3.0,342.41778776049614,1031.4706245064735
1797,3.0,341.93517092615366,585.6781246960163
1798,3.0,340.5472240447998,1326.7337529361248
1799,3.0,340.5035260915756,509.39740002155304
1800,3.0,339.42639711499214,1286.571812003851
1801,3.0,338.61233854293823,834.4459598362446
1802,3.0,339.2276042252779,808.2811326086521
1803,3.0,339.5435000658035,555.4735880494118
1804,3.0,338.16759015619755,1176.1891983747482
1805,3.0,337.799417540431,1134.1787136644125
1806,3.0,338.2888987362385,578.5097486972809
1807,3.0,337.5652964711189,93.42079517245293
1808,3.0,338.44269892573357,81.6535758972168
1809,3.0,337.3879909515381,1188.6327850222588
1810,3.0,336.83932089805603,840.8144252002239
1811,3.0,335.82749223709106,829.8100708425045
1812,3.0,335.4566916823387,565.3228786587715
1813,3.0,336.0773812532425,560.4207354485989
1814,3.0,335.18321216106415,1331.8012968301773
1815,3.0,334.8313381820917,731.9093673154712
1816,3.0,335.20620046555996,723.760076418519
1817,3.0,334.70111283659935,595.6457145512104
1818,3.0,335.25204902887344,548.137192055583
1819,3.0,333.58392068743706,1179.7857007533312
1820,3.0,333.12758676707745,715.7768757790327
1821,3.0,333.3728731870651,82.2875362932682
1822,3.0,331.6802869439125,1298.785688444972
1823,3.0,331.56734466552734,1136.3730299174786
1824,3.0,331.6046250164509,727.329139828682
1825,3.0,331.78571447730064,87.6902636885643
1826,3.0,330.55753976106644,1026.3061764836311
1827,3.0,331.31185978651047,1015.5870001018047
1828,3.0,330.86906585097313,792.6661668717861
1829,3.0,330.51139587163925,837.8378618508577
1830,3.0,329.85579240322113,732.8553650379181
1831,3.0,329.7643145620823,6.255253255367279
1832,3.0,328.9177911579609,845.95189024508
1833,3.0,328.6414927840233,803.4617811739445
1834,3.0,328.19278824329376,738.7093347907066
1835,3.0,328.23694202303886,713.5230143368244
1836,3.0,326.9277943894267,1288.1894656270742
1837,3.0,327.2554023563862,798.2628466486931
1838,3.0,327.15673729777336,228.5460782945156
1839,3.0,326.43797358870506,1018.6282206773758
1840,3.0,326.48260819911957,551.4010114967823
1841,3.0,325.5582629442215,9.647896945476532
1842,3.0,324.8755350038409,1013.1985808461905
1843,3.0,323.6048144996166,238.60316491127014
1844,3.0,324.1418882161379,224.22604674100876
1845,3.0,322.8871615976095,1332.6234248280525
1846,3.0,323.1888864040375,1322.6950708329678
1847,3.0,323.25553783774376,1297.4959265589714
1848,3.0,323.5839622616768,1292.46378749609
1849,3.0,323.37889340519905,792.5000675618649
1850,3.0,322.11507695168257,1312.7085056304932
1851,3.0,321.3954249918461,802.5885955393314
1852,3.0,320.64806538820267,1.7361705303192139
1853,3.0,319.73296678066254,709.9988191601587
1854,3.0,319.44501477479935,13.134329468011856
1855,3.0,317.72769609093666,1285.6792533397675
1856,3.0,317.72889786958694,704.4166470468044
1857,3.0,316.87670972943306,1200.3146008253098
1858,3.0,317.462700098753,1016.4559997916222
1859,3.0,316.66592785716057,722.314673691988
1860,3.0,315.376173555851,717.4023896753788
1861,3.0,315.4591494202614,17.721337020397186
1862,3.0,314.1192644909024,1328.7766829431057
1863,3.0,314.3930883407593,616.6445905268192
1864,3.0,313.69111120700836,604.346171438694
1865,3.0,312.6441293358803,873.6115026772022
1866,3.0,312.93915383145213,864.5584034919739
1867,3.0,311.0664730221033,859.5449324846268
1868,3.0,309.7383222579956,879.3561889231205
1869,3.0,309.51871144771576,611.6910891830921
1870,3.0,310.0315843708813,225.16798041760921
1871,3.0,310.0046915728599,7.044712591916323
1872,3.0,306.4728551506996,1201.4792366921902
1873,3.0,307.2679922580719,1156.3211130797863
1874,3.0,306.7745352983475,870.7542620897293
1875,3.0,306.17420610785484,234.89683482050896
1876,3.0,304.615242511034,1145.5438222885132
1877,3.0,305.37990656495094,240.57969281077385
1878,3.0,304.4456963837147,864.4310324788094
1879,3.0,302.89293090999126,1205.4121637642384
1880,3.0,301.7592088729143,1194.0898862555623
1881,3.0,301.7783777564764,627.2900861799717
1882,3.0,301.13297675549984,720.6112828850746
1883,3.0,299.4837406873703,1150.4071736633778
1884,3.0,296.6058943271637,621.4531266093254
1885,3.0,296.41403964161873,1155.663626551628
1886,3.0,295.3433753848076,1196.4101090729237
1887,3.0,294.3931761980057,1147.3676579594612
1888,3.0,292.5945176780224,625.591411113739
1889,3.0,292.2716928124428,1140.6754323542118
1890,3.0,291.4707846045494,1202.3276320397854
1891,3.0,268.61023980379105,703.202689960599
1892,3.0,268.48269286751747,343.32379829883575
1893,3.0,262.01182471681386,50.878124460577965
1894,3.0,260.6556212902069,690.2525120675564
1895,3.0,260.34667670726776,202.3642315864563
1896,3.0,258.83068680763245,303.2880207002163
1897,3.0,258.43727043271065,348.3437788784504
1898,3.0,258.33237996697426,94.25655969977379
1899,3.0,257.07383816689253,758.2072300612926
1900,3.0,256.75778599083424,701.2794836461544
1901,3.0,257.476440012455,194.51564955711365
1902,3.0,256.70794197916985,111.47406858205795
1903,3.0,254.80226111412048,1249.1083521172404
1904,3.0,254.9860612154007,307.9836229644716
1905,3.0,254.53936740756035,300.2418237775564
1906,3.0,253.7335718870163,1254.4743321239948
1907,3.0,254.04925764352083,695.0530469790101
1908,3.0,253.86274993419647,353.07010289281607
1909,3.0,254.47858554124832,199.31903657317162
1910,3.0,252.84533788263798,119.24139052629471
1911,3.0,252.82517410814762,54.784352883696556
1912,3.0,252.4518620967865,765.5519478917122
1913,3.0,251.80492934584618,110.84223668277264
1914,3.0,251.33033061027527,710.3387007713318
1915,3.0,251.47140049934387,326.33525651693344
1916,3.0,251.26853781938553,270.602913826704
1917,3.0,251.48824128508568,195.38122221827507
1918,3.0,249.6304476261139,338.49242705106735
1919,3.0,250.17526046931744,202.2024711817503
1920,3.0,247.61905381083488,1270.7076936364174
1921,3.0,248.32186043262482,1246.4493133723736
1922,3.0,248.50981318950653,1217.3677368164062
1923,3.0,248.16698321700096,769.3207947313786
1924,3.0,248.16585797071457,261.5901402235031
1925,3.0,247.45610308647156,1253.4851754307747
1926,3.0,247.20751802623272,688.6307699084282
1927,3.0,246.6359852552414,345.3937040269375
1928,3.0,246.8292200565338,317.434502273798
1929,3.0,247.2647667825222,301.3491413295269
1930,3.0,247.32834655046463,50.502434492111206
1931,3.0,246.45109993219376,1258.8746206909418
1932,3.0,244.56861114501953,1200.5336504876614
1933,3.0,245.41361778974533,755.7299601435661
1934,3.0,244.66346922516823,111.9041129797697
1935,3.0,244.3639448583126,307.16897816956043
1936,3.0,243.66205701231956,250.78874108195305
1937,3.0,244.05625378713012,42.76418015360832
1938,3.0,243.524769872427,29.793136030435562
1939,3.0,241.30723750591278,758.6030934154987
1940,3.0,239.55954918265343,765.6260201334953
1941,3.0,239.43033549189568,258.73816725611687
1942,3.0,238.35584357380867,1216.1441201716661
1943,3.0,238.27927455306053,301.59841430187225
1944,3.0,236.6571827530861,1221.8055314272642
1945,3.0,236.53465750813484,1134.724048346281
1946,3.0,236.58872783184052,110.50792223215103
1947,3.0,237.41378712654114,29.267956882715225
1948,3.0,236.3406348824501,201.48832947015762
1949,3.0,235.30653554201126,1207.6344932615757
1950,3.0,234.8603394329548,1125.0866273194551
1951,3.0,235.23455294966698,246.2881535589695
1952,3.0,232.9048253595829,1203.611525863409
1953,3.0,232.3140346109867,259.18118703365326
1954,3.0,231.4834507703781,1266.7582516372204
1955,3.0,230.70570993423462,1114.5658140182495
1956,3.0,226.56035643815994,1163.562167018652
1957,3.0,226.4530239701271,1259.3838400542736
1958,3.0,226.03607574477792,1126.8077026158571
1959,3.0,226.33542928099632,1118.3784638643265
1960,3.0,224.4655150771141,35.37509626150131
1961,3.0,223.402407258749,1171.2887624502182
1962,3.0,223.1622964590788,1114.1864805221558
1963,3.0,222.24362982809544,1151.2087770998478
1964,3.0,220.09722708910704,1170.6281785666943
1965,3.0,220.44837215542793,1162.001357869478
1966,3.0,220.34530207514763,581.3526687324047
1967,3.0,219.39355099201202,408.42790269851685
1968,3.0,218.10003089904785,1258.644633114338
1969,3.0,217.51521122455597,1270.6261608600616
1970,3.0,216.27178111672401,1166.7789957523346
1971,3.0,215.36978667974472,402.44220596551895
1972,3.0,212.31841441988945,647.2368430495262
1973,3.0,212.02810880169272,588.3383067846298
1974,3.0,209.70929464697838,1271.2894840240479
1975,3.0,209.60550546646118,575.5201699137688
1976,3.0,209.39702162146568,1149.6618467867374
1977,3.0,208.06910114735365,408.99799097771756
1978,3.0,207.33581963181496,644.0325130447745
1979,3.0,206.6523081958294,639.5518254935741
1980,3.0,207.20724183321,607.8854110389948
1981,3.0,205.4213975071907,1251.4540400505066
1982,3.0,204.42680740356445,1187.384582400322
1983,3.0,204.62354010343552,1181.3541501164436
1984,3.0,204.5025364458561,415.39897632598877
1985,3.0,201.517670661211,192.67830675840378
1986,3.0,201.45329585671425,657.4676252901554
1987,3.0,200.90685614198446,651.291981369257
1988,3.0,196.6282108426094,640.3137829303741
1989,3.0,196.1953103542328,407.2734977900982
1990,3.0,195.31000891327858,1268.2102537453175
1991,3.0,195.029971588403,578.2746832370758
1992,3.0,193.6269593834877,184.30336797237396
1993,3.0,193.28188833594322,303.51005017757416
1994,3.0,191.74937918782234,585.0457548089325
1995,3.0,189.51683950424194,1189.444647014141
1996,3.0,190.35528230667114,1178.5607109963894
1997,3.0,188.68895715475082,190.533062428236
1998,3.0,187.94427075237036,184.4200104176998
1999,3.0,187.20772936940193,400.5615859925747
2000,3.0,184.8518169671297,1195.8611719310284
2001,3.0,184.33508551120758,309.3928414285183
2002,3.0,183.7371147274971,315.3437369167805
2003,3.0,182.2909514605999,178.4515792131424
2004,3.0,181.26456475257874,186.11023365706205
2005,3.0,179.66317197680473,1193.477266073227
2006,3.0,179.91183020174503,306.15668211877346
2007,3.0,177.64356669783592,947.7155658900738
2008,3.0,177.7603361606598,332.4951152205467
2009,3.0,173.2695183455944,310.45313888788223
2010,3.0,171.77561137080193,937.2483118921518
2011,3.0,165.5643818974495,932.2625942230225
2012,3.0,165.48313856124878,922.4960350990295
2013,3.0,162.6920114159584,349.4853225052357
2014,3.0,162.3415513932705,1351.216378569603
2015,3.0,159.4021989107132,1334.4246658086777
2016,3.0,157.76864564418793,938.310972481966
2017,3.0,153.291188955307,934.4151978492737
2018,3.0,152.35508266091347,1354.516812801361
2019,3.0,151.16476035118103,1342.6497468948364
2020,3.0,150.69394925236702,361.52889692783356
2021,3.0,147.5237841308117,356.29368767142296
2022,3.0,148.29925099015236,292.58002108335495
2023,3.0,146.59517309069633,1355.5694831609726
2024,3.0,146.27456477284431,1341.5270946025848
2025,3.0,145.4153355062008,361.8142287582159
2026,3.0,144.79591040313244,295.745687186718
2027,3.0,142.24693873524666,353.3927333056927
2028,3.0,139.71830892562866,362.7696048617363
2029,3.0,136.7755021303892,294.33529537916183
2030,3.0,131.67306089401245,296.51359552145004
2031,3.0,131.68990570306778,291.60424745082855
2032,3.0,131.24543957412243,510.25609108805656
2033,3.0,129.54483449459076,795.7590797245502
2034,3.0,128.40485107898712,814.4200056195259
2035,3.0,128.24391335248947,498.1745902001858
2036,3.0,126.52105936408043,396.70842680335045
2037,3.0,126.32285818457603,800.4465415775776
2038,3.0,125.48314833641052,508.2852620780468
2039,3.0,125.7063952088356,282.4948368668556
2040,3.0,124.5145653784275,433.1099918112159
2041,3.0,123.57839578390121,502.82128997147083
2042,3.0,123.53543704748154,444.68003901839256
2043,3.0,124.36909538507462,438.3238835334778
2044,3.0,123.30333432555199,807.8040837943554
2045,3.0,122.41746550798416,519.5116857290268
2046,3.0,120.24709345400333,405.663292914629
2047,3.0,119.38425382971764,802.1095174401999
2048,3.0,118.54868647456169,433.42673057317734
2049,3.0,116.37259042263031,796.4637307524681
2050,3.0,116.34389811754227,428.5886256098747
2051,3.0,114.52721491456032,204.47547408938408
2052,3.0,113.79910910129547,508.5520552992821
2053,3.0,113.74415570497513,409.7902083992958
2054,3.0,111.8203686773777,148.06891085207462
2055,3.0,110.50586053729057,1222.2969407141209
2056,3.0,110.59252032637596,143.74662318825722
2057,3.0,110.38108405470848,405.48450314998627
2058,3.0,110.13256078958511,399.6021970510483
2059,3.0,109.4720308482647,214.5270595550537
2060,3.0,108.24150578677654,1368.6299352943897
2061,3.0,107.620865046978,184.59870514273643
2062,3.0,106.5915998518467,987.3739483058453
2063,3.0,107.40573534369469,441.6770265698433
2064,3.0,107.48548477888107,205.52655723690987
2065,3.0,107.27281081676483,151.24969358742237
2066,3.0,106.49138641357422,389.46369248628616
2067,3.0,103.69643226265907,1385.468497633934
2068,3.0,104.36161774396896,553.6532888412476
2069,3.0,104.2675231397152,546.5018351376057
2070,3.0,104.42479717731476,142.22242510318756
2071,3.0,102.53386548161507,1223.2065067738295
2072,3.0,101.72008070349693,206.40359112620354
2073,3.0,102.42156684398651,151.27471405267715
2074,3.0,101.31670421361923,1376.1778753101826
2075,3.0,101.11357180029154,1006.3872406482697
2076,3.0,100.57170605659485,540.5427485704422
2077,3.0,99.65251815319061,572.4473252296448
2078,3.0,99.20161582529545,1227.7529250979424
2079,3.0,98.35517790913582,1366.3785988986492
2080,3.0,97.28550791740417,987.4957204461098
2081,3.0,96.63897460699081,145.38647919893265
2082,3.0,95.76901485025883,1386.7410953342915
2083,3.0,95.64686778187752,1003.2209187597036
2084,3.0,95.17618177831173,1374.1850454807281
2085,3.0,95.21370348334312,1010.5475752949715
2086,3.0,94.45176190137863,1221.386172235012
2087,3.0,94.38083702325821,1213.5704042315483
2088,3.0,93.6434930562973,548.4360546767712
2089,3.0,93.67411747574806,196.32138314843178
2090,3.0,91.44017770886421,174.50127243995667
2091,3.0,89.20987090468407,1005.2452126443386
2092,3.0,89.24546879529953,542.1145463585854
2093,3.0,88.04911068826914,1218.6659759879112
2094,3.0,87.27009159326553,177.2992730140686
2095,3.0,86.19323414564133,981.1948264837265
2096,3.0,85.65470612049103,121.33146157860756
2097,3.0,84.78514865040779,217.1908818334341
2098,3.0,83.36340722441673,970.3211751878262
2099,3.0,82.31601881980896,173.2419767677784
2100,3.0,80.51231822371483,966.5663176774979
2101,3.0,79.46450254321098,980.6099269390106
2102,3.0,79.50419628620148,974.4127787351608
2103,3.0,78.30515113472939,133.4490152001381
2104,3.0,77.0841353237629,987.347415626049
2105,3.0,72.68993285298347,1125.247118756175
2106,3.0,71.19977098703384,1109.2391703873873
2107,3.0,70.62501409649849,122.6873015165329
2108,3.0,70.94245767965913,113.60253328084946
2109,3.0,69.78416788578033,172.74072754383087
2110,3.0,67.63430988788605,1136.5568074584007
2111,3.0,66.53224465250969,1123.3825074732304
2112,3.0,65.53776621818542,115.58973908424377
2113,3.0,64.3110845386982,177.68807190656662
2114,3.0,62.70366317033768,1106.7296638190746
2115,3.0,61.68807506561279,119.58110848069191
2116,3.0,58.506276696920395,1115.5152873396873
2117,3.0,57.754789516329765,50.69535571336746
2118,3.0,56.41525822877884,64.33639866113663
2119,3.0,49.59544435143471,69.25199145078659
2120,3.0,45.37544006109238,78.31644320487976
2121,3.0,44.33298110961914,684.5049703717232
2122,3.0,40.58398672938347,53.43632000684738
2123,3.0,34.22336480021477,61.12239711731672
2124,3.0,29.354482233524323,685.6936347484589
2125,3.0,20.514622509479523,652.6520639061928
2126,3.0,18.69279584288597,690.5332753956318
2127,3.0,17.69523584842682,661.8083237409592
2128,3.0,14.371795624494553,678.535996824503
2129,3.0,13.532389670610428,637.3289984762669
2130,3.0,13.582555502653122,631.5147657394409
2131,3.0,8.72600781917572,684.643890619278
2132,3.0,9.074779100716114,642.080339089036
2133,3.0,8.255434334278107,647.7219837903976
2134,3.0,2.3038738667964935,643.0863068178296
2135,4.0,1038.3831460475922,1317.9413679279387
2136,4.0,1038.4696701169014,1280.1726920604706
2137,4.0,1038.33629488945,1032.43659979105
2138,4.0,1037.7700086683035,316.7468042075634
2139,4.0,1036.8918213248253,1122.0791990086436
2140,4.0,1036.6023028492928,797.6480332612991
2141,4.0,1037.2082525789738,766.124646268785
2142,4.0,1036.6203535199165,754.5083904266357
2143,4.0,1035.8441549241543,1131.9422135613859
2144,4.0,1036.2054477334023,1107.8841211348772
2145,4.0,1036.1753435134888,847.676055431366
2146,4.0,1035.6093938052654,322.59248048067093
2147,4.0,1034.6191401183605,1075.6599093973637
2148,4.0,1034.9377720728517,832.9404252544045
2149,4.0,1034.7855615615845,732.5949253737926
2150,4.0,1034.900087915361,333.29884749650955
2151,4.0,1034.3462537825108,1043.367849767208
2152,4.0,1033.756143450737,826.5227207541466
2153,4.0,1034.475926488638,352.7245432436466
2154,4.0,1034.1956802606583,313.23674514889717
2155,4.0,1033.896789304912,290.1337417513132
2156,4.0,1033.4515414536,1387.551148533821
2157,4.0,1031.61627972126,1238.4513614475727
2158,4.0,1032.3344480395317,744.766125664115
2159,4.0,1032.2435248047113,303.86564615368843
2160,4.0,1030.8623884171247,820.6420331299305
2161,4.0,1029.9410150796175,1329.5932742655277
2162,4.0,1029.5983444154263,1277.369461864233
2163,4.0,1030.4316385686398,1141.6068676710129
2164,4.0,1029.5766761600971,1062.1618121117353
2165,4.0,1030.16308067739,787.4292596876621
2166,4.0,1030.4908531606197,768.5747112333775
2167,4.0,1030.5158527493477,321.5193764269352
2168,4.0,1029.2377075254917,795.3284111320972
2169,4.0,1028.7835378944874,387.10048028826714
2170,4.0,1028.2993895709515,392.93010203540325
2171,4.0,1028.223281532526,362.6256132423878
2172,4.0,1026.7757781296968,1344.5574925541878
2173,4.0,1027.1222359985113,1336.3206673264503
2174,4.0,1026.6083032786846,840.5223470330238
2175,4.0,1026.8220116049051,833.7982563972473
2176,4.0,1026.7858628630638,825.2988259196281
2177,4.0,1027.0600781328976,820.8384032845497
2178,4.0,1026.1913146972656,356.68637481331825
2179,4.0,1026.1508520394564,341.906955473125
2180,4.0,1024.585003554821,1376.6075055897236
2181,4.0,1025.2802145183086,1314.499151289463
2182,4.0,1025.3433755934238,1281.516101360321
2183,4.0,1025.4023078680038,707.6234620511532
2184,4.0,1025.5394408106804,376.4249709844589
2185,4.0,1023.9820190891623,1327.0368747785687
2186,4.0,1023.8449777066708,1307.9317160695791
2187,4.0,1024.1032201498747,1245.195118099451
2188,4.0,1024.0200698319823,1056.4570245444775
2189,4.0,1024.0631756559014,744.0367809720337
2190,4.0,1024.21975928545,696.6862347126007
2191,4.0,1022.5323098897934,1115.5269570946693
2192,4.0,1023.4501501023769,387.5825107693672
2193,4.0,1022.1433810442686,1371.5994119942188
2194,4.0,1022.4488136768341,1321.3056501448154
2195,4.0,1021.7353076338768,1231.1065247803926
2196,4.0,1022.4720325171947,1031.5192716121674
2197,4.0,1022.4653282761574,845.6425862908363
2198,4.0,1022.4543279707432,754.6878618001938
2199,4.0,1021.1497734934092,842.2837910652161
2200,4.0,1021.0549754872918,708.0819958001375
2201,4.0,1020.4420945048332,1068.2476860284805
2202,4.0,1018.8549490720034,1143.1873251795769
2203,4.0,1019.1777758449316,912.4884511232376
2204,4.0,1017.8562777042389,919.7757688015699
2205,4.0,1017.5884418189526,735.9197121337056
2206,4.0,1017.5188986063004,1297.580512136221
2207,4.0,1016.7730433791876,1246.801718339324
2208,4.0,1017.5036355257034,1088.5015040040016
2209,4.0,1017.3803841173649,820.461743503809
2210,4.0,1017.4389081597328,750.3716172277927
2211,4.0,1017.4091553986073,713.6615130007267
2212,4.0,1016.7600717097521,692.6699246168137
2213,4.0,1016.4879792332649,1368.527390241623
2214,4.0,1015.6293763518333,1235.4642077088356
2215,4.0,1015.3129153847694,1044.5313721001148
2216,4.0,1015.3242012262344,935.4755650758743
2217,4.0,1014.8748335689306,453.052802298218
2218,4.0,1013.6197519898415,1243.5522511601448
2219,4.0,1014.1254177540541,1064.205799087882
2220,4.0,1014.2659338712692,289.4837112426758
2221,4.0,1013.6940104961395,280.3281579017639
2222,4.0,1012.651739448309,1116.4893185198307
2223,4.0,1012.5116751194,817.4328314960003
2224,4.0,1012.8237605690956,395.29989486932755
2225,4.0,1012.2044200003147,302.19566813111305
2226,4.0,1011.4708261489868,752.6360567212105
2227,4.0,1010.4804031550884,1036.4480744600296
2228,4.0,1009.1979245096445,457.571345359087
2229,4.0,1006.8242761939764,1245.2170003205538
2230,4.0,1007.1973810791969,1044.7677446752787
2231,4.0,1007.2982414066792,448.2412442713976
2232,4.0,1005.7306336164474,1116.719344586134
2233,4.0,1005.3167057335377,1142.1199196502566
2234,4.0,1005.1817864477634,1111.2940840125084
2235,4.0,1004.9440002553165,759.0201373752207
2236,4.0,1004.3526205718517,444.5505627989769
2237,4.0,1003.314229786396,935.8240445554256
2238,4.0,1003.132116779685,909.0942266881466
2239,4.0,1002.9088378101587,761.3607963323593
2240,4.0,1002.7484086751938,753.598713517189
2241,4.0,1002.1538296192884,1389.926580682397
2242,4.0,1001.5539390742779,960.7586831450462
2243,4.0,1002.4985186755657,956.2822580635548
2244,4.0,1001.6544685661793,274.21297869086266
2245,4.0,1001.4686745405197,1244.317441523075
2246,4.0,1000.900859259069,918.2904487550259
2247,4.0,1000.7004470527172,768.3146483004093
2248,4.0,1001.4823842048645,387.4212491810322
2249,4.0,1000.6281237900257,350.4416571855545
2250,4.0,999.8541496396065,1118.3992552161217
2251,4.0,999.5607571303844,892.333073168993
2252,4.0,998.5806882381439,1215.4960486888885
2253,4.0,998.6618281304836,1091.0934149622917
2254,4.0,999.2280862182379,1042.3307073116302
2255,4.0,998.796518266201,940.70506092906
2256,4.0,999.400700211525,360.6410942673683
2257,4.0,998.4007582962513,1099.4097633063793
2258,4.0,997.5502241849899,810.5263736248016
2259,4.0,998.2878667414188,662.3969504237175
2260,4.0,998.2340804189444,455.35787358880043
2261,4.0,997.9289487153292,283.2318357229233
2262,4.0,997.3663440048695,1108.250443905592
2263,4.0,996.0700696483254,1220.9382297173142
2264,4.0,996.456049144268,463.40279349684715
2265,4.0,996.2447911649942,344.65652707219124
2266,4.0,996.4174610972404,9.912309177219868
2267,4.0,994.5337285101414,1113.6297816932201
2268,4.0,995.2650971114635,973.4976373314857
2269,4.0,995.2586115896702,933.4605211019516
2270,4.0,993.6051506400108,1092.0603301934898
2271,4.0,993.5573027729988,1090.437838256359
2272,4.0,994.3465001881123,1085.4737278223038
2273,4.0,993.7636991590261,1030.3660793602467
2274,4.0,994.2379682660103,781.3467317223549
2275,4.0,993.6137636303902,352.5868611037731
2276,4.0,993.2282503396273,1064.079534739256
2277,4.0,992.7006615400314,660.7621646076441
2278,4.0,992.2830837965012,979.5103573799133
2279,4.0,991.8459288626909,936.8185875564814
2280,4.0,992.5097505450249,892.5148084759712
2281,4.0,992.401843816042,718.7004232108593
2282,4.0,991.301040917635,882.3369249105453
2283,4.0,990.6294374763966,802.4924693107605
2284,4.0,991.4206113517284,762.6409087777138
2285,4.0,990.1572571247816,1050.4636551737785
2286,4.0,989.6253139078617,1024.679015636444
2287,4.0,990.2077163904905,445.2356193512678
2288,4.0,989.2879782021046,1055.3911672532558
2289,4.0,989.3438277244568,1034.876792050898
2290,4.0,988.6315127909184,893.7017711997032
2291,4.0,989.4719929099083,792.4620461463928
2292,4.0,988.6318674087524,334.44864812493324
2293,4.0,987.6290367841721,1029.680162936449
2294,4.0,987.738020837307,712.1728256195784
2295,4.0,988.0601449124515,458.6740464568138
2296,4.0,987.3718364536762,1095.7647975087166
2297,4.0,986.5071239471436,934.7936446964741
2298,4.0,986.1965702176094,723.5860377252102
2299,4.0,986.4815587699413,656.3546052575111
2300,4.0,984.5751722157001,864.2751923799515
2301,4.0,984.6993722915649,798.6246300339699
2302,4.0,984.0051102531143,1064.991149643436
2303,4.0,983.7159707248211,785.740839868784
2304,4.0,984.291945129633,762.7575100064278
2305,4.0,984.3231675922871,647.7276586890221
2306,4.0,983.6404264867306,16.533950328826904
2307,4.0,983.3353683948517,1083.5530260503292
2308,4.0,982.8425992429256,1037.831798106432
2309,4.0,982.9069385901093,769.850859478116
2310,4.0,982.5885904431343,706.407152980566
2311,4.0,982.607341170311,311.51019337773323
2312,4.0,982.2522848844528,803.417734503746
2313,4.0,981.6646105349064,290.60453194379807
2314,4.0,981.6849498152733,268.57628321647644
2315,4.0,981.687898516655,162.25483947992325
2316,4.0,981.474287033081,1211.5542999207973
2317,4.0,981.3798853456974,1050.2310812920332
2318,4.0,980.7936328053474,331.3996174931526
2319,4.0,981.1124084442854,43.874855160713196
2320,4.0,979.6451927423477,1245.3114261329174
2321,4.0,979.5048981308937,694.6815982758999
2322,4.0,979.890554279089,416.9992427825928
2323,4.0,979.7443159222603,28.7814778983593
2324,4.0,979.4039024710655,948.4162957072258
2325,4.0,978.7177895605564,867.5112979412079
2326,4.0,979.2528586387634,720.2227392792702
2327,4.0,977.9209088981152,892.9600832387805
2328,4.0,978.224994957447,794.295569062233
2329,4.0,977.7721065431833,644.9370807483792
2330,4.0,978.1750204563141,151.49545949697495
2331,4.0,978.4314632415771,136.5769511461258
2332,4.0,976.5131232738495,724.5112856030464
2333,4.0,977.2239339649677,17.09168592095375
2334,4.0,976.0050010760315,1057.08515547961
2335,4.0,975.6506963670254,801.3250645399094
2336,4.0,976.3002491891384,444.2090560942888
2337,4.0,976.5518636703491,266.50532281398773
2338,4.0,974.8972626850009,655.3236052691936
2339,4.0,975.3260292708874,464.4917294383049
2340,4.0,975.3150487840176,307.5213568806648
2341,4.0,973.6650131344795,980.4596921801567
2342,4.0,973.8243042379618,946.1795640587807
2343,4.0,973.9095852449536,696.8641646653414
2344,4.0,974.3319867253304,281.47307097911835
2345,4.0,973.3922077417374,272.25150126218796
2346,4.0,972.2634534835815,1086.176933079958
2347,4.0,972.5284165740013,954.3966476619244
2348,4.0,971.2829094231129,1247.3663184046745
2349,4.0,970.7393134832382,690.5859337449074
2350,4.0,970.9349700137973,290.85236632823944
2351,4.0,970.7020777463913,159.5366731286049
2352,4.0,971.3378893136978,36.736165553331375
2353,4.0,969.5351960659027,853.1960755437613
2354,4.0,970.2736906707287,737.298868983984
2355,4.0,968.8724435120821,977.1276179105043
2356,4.0,969.0996782109141,808.6789795458317
2357,4.0,968.4697895050049,480.3127043545246
2358,4.0,968.6623513102531,164.87644039094448
2359,4.0,967.7972731441259,989.205155313015
2360,4.0,967.6835100948811,796.5728661715984
2361,4.0,967.8376658111811,441.1246754080057
2362,4.0,968.4332249164581,140.35662439465523
2363,4.0,967.3860628902912,1255.3998837471008
2364,4.0,966.817457690835,1095.2418770641088
2365,4.0,966.6229705512524,920.612495392561
2366,4.0,967.2071495056152,781.15778657794
2367,4.0,966.5894433259964,436.40109503269196
2368,4.0,967.1942173242569,285.47355431318283
2369,4.0,966.5594820976257,265.4328866004944
2370,4.0,967.2337225973606,253.4750753045082
2371,4.0,966.2091901004314,858.2296445071697
2372,4.0,966.1133856102824,654.1134880557656
2373,4.0,966.2890667915344,27.862225860357285
2374,4.0,965.72862637043,22.608836114406586
2375,4.0,964.7280320525169,1228.2272852957249
2376,4.0,964.5931031703949,1052.5711053311825
2377,4.0,965.2102193534374,1031.4545263946056
2378,4.0,965.1065142303705,957.4303942322731
2379,4.0,965.3089313209057,638.7257696688175
2380,4.0,965.1516932994127,633.1823435872793
2381,4.0,963.7448825538158,1048.2172367870808
2382,4.0,963.7482753396034,260.465109616518
2383,4.0,964.3724369704723,135.64680686593056
2384,4.0,963.3827874362469,1086.3102369606495
2385,4.0,963.3129598498344,755.2079977989197
2386,4.0,962.6393968462944,696.2946190237999
2387,4.0,961.9431200474501,1117.8120462745428
2388,4.0,962.175041154027,1091.4852287173271
2389,4.0,961.5351040959358,1024.4291183650494
2390,4.0,962.4985685646534,989.3389366567135
2391,4.0,962.2757040560246,865.4769106507301
2392,4.0,962.3283216059208,270.2745747566223
2393,4.0,961.2208625823259,1122.1845086961985
2394,4.0,960.6106750369072,1104.594403475523
2395,4.0,961.510538816452,1072.3671643137932
2396,4.0,960.8445341587067,977.7410523295403
2397,4.0,961.035169903189,719.9832757897675
2398,4.0,960.1733908951283,982.8323380798101
2399,4.0,960.2893818616867,792.4320406913757
2400,4.0,960.2814129889011,201.4861569404602
2401,4.0,959.6027509272099,169.11989518254995
2402,4.0,958.7567310780287,820.7904094010592
2403,4.0,959.4867251515388,436.50077617168427
2404,4.0,958.3919396400452,757.5611137151718
2405,4.0,958.3398560583591,430.5708865225315
2406,4.0,958.4895172417164,39.65895187854767
2407,4.0,956.763284444809,1261.1586354523897
2408,4.0,956.6513577401638,1206.3575430810452
2409,4.0,956.6112058758736,655.4702609181404
2410,4.0,956.7276627719402,207.64042481780052
2411,4.0,957.5212843418121,190.45520159602165
2412,4.0,955.514149338007,1107.558658003807
2413,4.0,956.4029343426228,993.2605293393135
2414,4.0,955.8820755407214,707.9443155266345
2415,4.0,955.5339792370796,662.4880238473415
2416,4.0,956.1913633048534,639.5311631858349
2417,4.0,955.8984285071492,425.8333459496498
2418,4.0,955.7750900685787,198.4767054617405
2419,4.0,955.2840137183666,799.4852175116539
2420,4.0,955.3524477481842,791.5788323283195
2421,4.0,955.2306529730558,769.1461849212646
2422,4.0,953.6999802589417,1070.4767066836357
2423,4.0,954.3163278400898,972.439703553915
2424,4.0,954.4161589443684,482.4140411019325
2425,4.0,953.7720507085323,348.40756767988205
2426,4.0,953.3650682866573,1115.4844611883163
2427,4.0,953.1225833669305,1034.814677760005
2428,4.0,953.2671789228916,753.5005584955215
2429,4.0,953.4598492980003,415.3197486102581
2430,4.0,952.4216354489326,1246.7624872624874
2431,4.0,952.4987244606018,1201.522457242012
2432,4.0,951.7051404714584,1040.282632291317
2433,4.0,952.2338336408138,1006.647850304842
2434,4.0,951.5678787529469,424.410184442997
2435,4.0,952.2902198433876,343.2537343800068
2436,4.0,951.6833467185497,203.56572967767715
2437,4.0,950.6541395485401,832.6009609699249
2438,4.0,951.0300055388361,758.9643492177129
2439,4.0,951.010705142282,211.71961849927902
2440,4.0,950.6151761114597,145.62236762046814
2441,4.0,949.5618820786476,1083.6124013364315
2442,4.0,949.5962846279144,983.2699308991432
2443,4.0,949.8704068362713,829.1467188894749
2444,4.0,949.6704420745373,485.4697336256504
2445,4.0,948.7690381407738,1059.5973799824715
2446,4.0,949.3950367569923,398.5616989135742
2447,4.0,949.0993058606982,205.46357136964798
2448,4.0,949.4607872068882,137.59203553199768
2449,4.0,948.3697552978992,865.8526629507542
2450,4.0,948.0308233629912,705.3840200304985
2451,4.0,948.1897955834866,657.0490943714976
2452,4.0,948.0450223013759,174.7410156428814
2453,4.0,947.3003311157227,1230.5449869930744
2454,4.0,947.213178768754,1190.251792728901
2455,4.0,946.6234886944294,1051.5625356137753
2456,4.0,947.0445713959634,1013.8085850477219
2457,4.0,947.2924484908581,985.668996065855
2458,4.0,947.4836276769638,662.1620333492756
2459,4.0,947.3425126969814,389.5735222995281
2460,4.0,946.426824003458,1233.9089889600873
2461,4.0,945.5636501312256,1062.8017559945583
2462,4.0,946.4232562482357,668.4625638127327
2463,4.0,946.0085847144946,396.6317572295666
2464,4.0,944.6202682256699,1038.5353354811668
2465,4.0,944.661161005497,968.5047919154167
2466,4.0,944.7619137465954,896.18784314394
2467,4.0,944.3884363770485,676.4724345207214
2468,4.0,944.1962300688028,631.506929397583
2469,4.0,943.6202637553215,347.58735966682434
2470,4.0,943.5024371743202,1009.5489774346352
2471,4.0,942.7325947582722,993.4592244923115
2472,4.0,943.266589820385,703.63614320755
2473,4.0,943.1776851415634,136.16932518780231
2474,4.0,941.5854333043098,1096.2271056622267
2475,4.0,941.6164188683033,1017.7480656504631
2476,4.0,942.4959082305431,1002.466854929924
2477,4.0,941.8139092773199,758.7625428438187
2478,4.0,941.5552271008492,616.3615278303623
2479,4.0,940.5902288556099,7.0496348440647125
2480,4.0,940.2922410964966,863.5710150301456
2481,4.0,938.8120076209307,1161.1978801339865
2482,4.0,938.839180752635,1105.350743919611
2483,4.0,939.2463556081057,827.5477100014687
2484,4.0,938.716269493103,703.5991127490997
2485,4.0,938.640869140625,620.700216948986
2486,4.0,939.4492524862289,511.4937695264816
2487,4.0,938.6976025104523,479.3368027508259
2488,4.0,937.5904060006142,1156.583384692669
2489,4.0,938.322683095932,1062.4903607666492
2490,4.0,937.993783371523,1055.9946841225028
2491,4.0,938.2530348300934,1012.4485577046871
2492,4.0,937.8012532442808,779.3876148760319
2493,4.0,937.595340102911,774.4098007977009
2494,4.0,937.5974372029305,414.37859684228897
2495,4.0,938.3939347267151,209.61213839054108
2496,4.0,938.0535555705428,100.83886475861073
2497,4.0,937.4855183959007,1181.5254746675491
2498,4.0,936.62227460742,1115.4292121827602
2499,4.0,936.5308130979538,970.4677403271198
2500,4.0,936.5093496143818,796.3771275877953
2501,4.0,936.7593523263931,523.4883036613464
2502,4.0,936.8131126463413,334.80485911667347
2503,4.0,937.3138056695461,12.613439351320267
2504,4.0,935.6679395437241,1018.5252259969711
2505,4.0,935.5786235034466,1005.3339162170887
2506,4.0,936.3357546925545,993.7176650464535
2507,4.0,936.1865505725145,368.70191594958305
2508,4.0,934.9240662753582,1166.5811733603477
2509,4.0,934.6776303648949,965.5484338700771
2510,4.0,934.9692485705018,706.798595905304
2511,4.0,934.673533141613,127.80558435618877
2512,4.0,934.1657430976629,920.9375736787915
2513,4.0,934.0480595342815,702.056571982801
2514,4.0,933.7438144087791,529.7612925171852
2515,4.0,934.2337904721498,113.37341439723969
2516,4.0,933.1073864772916,1231.6944003105164
2517,4.0,933.027145376429,1048.0230948198587
2518,4.0,932.8277354538441,948.65022534132
2519,4.0,932.5148041546345,804.4047537744045
2520,4.0,932.6908749043941,475.38487035036087
2521,4.0,933.4100520014763,373.472031891346
2522,4.0,933.5498914718628,50.24189646542072
2523,4.0,933.4535296261311,18.44376051425934
2524,4.0,932.1952918469906,1161.6415245831013
2525,4.0,932.4002094864845,943.5226507782936
2526,4.0,932.3747337162495,812.6318007707596
2527,4.0,931.6871375739574,711.411699205637
2528,4.0,931.4101573824883,332.4209953248501
2529,4.0,931.8463041335344,92.36851772665977
2530,4.0,931.5074774026871,1012.5553283393383
2531,4.0,930.9222737103701,584.0704225376248
2532,4.0,931.4633805453777,433.5727631151676
2533,4.0,931.2373372018337,418.2761213183403
2534,4.0,931.4934389293194,158.3209610581398
2535,4.0,931.2764649689198,101.4442732334137
2536,4.0,930.3974952995777,969.6766392886639
2537,4.0,930.4864403903484,827.6156345903873
2538,4.0,930.4239052534103,599.4033655226231
2539,4.0,929.5243239700794,128.51834240555763
2540,4.0,930.420096039772,6.317618697881699
2541,4.0,929.281457811594,731.5391573905945
2542,4.0,929.4151376187801,209.4301250576973
2543,4.0,928.0557352527976,1150.8223844319582
2544,4.0,928.0906515344977,1099.916308261454
2545,4.0,927.608568996191,791.2002954632044
2546,4.0,927.6045825779438,26.531114846467972
2547,4.0,926.6226634979248,1223.5544144809246
2548,4.0,927.1805247962475,853.3731869757175
2549,4.0,927.4473058283329,743.4473688006401
2550,4.0,926.6332908570766,726.5852444171906
2551,4.0,926.7120630145073,721.1030963286757
2552,4.0,926.6633140742779,220.4607052206993
2553,4.0,926.6365978121758,37.55415081977844
2554,4.0,925.529678016901,1210.2495774775743
2555,4.0,926.4391540586948,946.4957712888718
2556,4.0,925.502233415842,579.2723940908909
2557,4.0,926.2135946750641,374.89079631119967
2558,4.0,925.4923631250858,1177.784177094698
2559,4.0,925.4888386726379,334.2322298437357
2560,4.0,923.7295234799385,1152.5457463264465
2561,4.0,924.0906346738338,1015.3981684446335
2562,4.0,924.3663648962975,716.5302973091602
2563,4.0,923.667452275753,602.4440248608589
2564,4.0,924.2979407310486,593.1888951659203
2565,4.0,923.7026832401752,339.6152102649212
2566,4.0,922.8780216053128,1226.4509227871895
2567,4.0,922.6162354648113,1086.4026964008808
2568,4.0,923.4703845381737,1027.4294277727604
2569,4.0,922.5654454529285,744.4519146978855
2570,4.0,923.276388078928,382.4804162979126
2571,4.0,923.2603356838226,139.44227996468544
2572,4.0,923.5813221335411,126.43809551000595
2573,4.0,921.6945891976357,881.6795119047165
2574,4.0,921.6161579489708,855.2895261049271
2575,4.0,922.417046636343,791.5305598974228
2576,4.0,922.3230469822884,363.2372926026583
2577,4.0,921.3089782893658,765.473996847868
2578,4.0,921.2400171160698,413.4717768728733
2579,4.0,921.0758630484343,207.84551402926445
2580,4.0,920.3229012489319,1216.3183732628822
2581,4.0,920.24272403121,1022.3376871645451
2582,4.0,920.221467718482,966.3586760163307
2583,4.0,920.1300890892744,697.5502923727036
2584,4.0,919.0162360295653,704.2313848882914
2585,4.0,919.4785497784615,391.5021579861641
2586,4.0,918.8268615156412,97.20723234117031
2587,4.0,918.0711005628109,1044.6749531030655
2588,4.0,918.0234688576311,809.0186335034668
2589,4.0,918.1247288808227,785.7430082559586
2590,4.0,917.7528864145279,748.8718327879906
2591,4.0,917.6305220425129,149.5075485110283
2592,4.0,917.7150810658932,113.36754167079926
2593,4.0,916.951970551163,1139.903097525239
2594,4.0,916.66397818923,1032.4137476086617
2595,4.0,917.4143045842648,592.3573072254658
2596,4.0,916.3284734487534,471.22600120306015
2597,4.0,914.4687632322311,1147.2438838928938
2598,4.0,915.191616281867,940.0714703649282
2599,4.0,914.9034374728799,830.0897882729769
2600,4.0,914.6850917637348,794.5509119927883
2601,4.0,914.7011924982071,247.8056676387787
2602,4.0,914.8381574451923,241.29867416620255
2603,4.0,914.5933612287045,219.54206052422523
2604,4.0,914.2424678057432,1210.1177670955658
2605,4.0,914.3763729631901,203.59048584103584
2606,4.0,913.2739278376102,765.5061330795288
2607,4.0,913.4371227324009,728.5250186920166
2608,4.0,913.0396153256297,408.1882445067167
2609,4.0,912.083351418376,986.6655213534832
2610,4.0,911.6771354675293,148.56625127792358
2611,4.0,911.5123222470284,1102.340027332306
2612,4.0,911.3489243090153,945.3249063193798
2613,4.0,910.9080614671111,723.3473027348518
2614,4.0,911.3278674483299,605.660052806139
2615,4.0,910.0783155336976,999.6773828268051
2616,4.0,910.167948409915,887.4466552138329
2617,4.0,910.0712364315987,339.67353585362434
2618,4.0,909.8498221188784,203.88789606839418
2619,4.0,909.1808245182037,1145.6925947666168
2620,4.0,908.6298812925816,942.4322880506516
2621,4.0,909.4386425316334,785.5096570551395
2622,4.0,909.3206727206707,356.38161900639534
2623,4.0,908.4612713754177,1140.4876796007156
2624,4.0,908.4003746807575,1059.305833607912
2625,4.0,908.3677361905575,176.14528068900108
2626,4.0,907.3497833609581,835.2834680080414
2627,4.0,906.7427879571915,731.7282997369766
2628,4.0,906.5099539756775,680.4078249037266
2629,4.0,907.3352259993553,673.8291019648314
2630,4.0,907.2636672854424,447.6450251340866
2631,4.0,905.642883092165,1102.3760178089142
2632,4.0,906.5329157710075,1095.4690004885197
2633,4.0,906.0129733430222,1061.8375645428896
2634,4.0,906.4388817548752,894.4795581102371
2635,4.0,906.3784168064594,406.60159799456596
2636,4.0,904.9497939758003,1380.13470941782
2637,4.0,904.7748283296824,906.3821429610252
2638,4.0,905.1465633511543,181.5844094157219
2639,4.0,903.6485431492329,667.6914533674717
2640,4.0,904.3836914300919,385.4946635365486
2641,4.0,904.2372821718454,379.1645227223635
2642,4.0,904.3140597343445,224.22592091560364
2643,4.0,903.4030536711216,1204.6935429275036
2644,4.0,902.5126704275608,1184.4092177152634
2645,4.0,902.7289243638515,939.6060346961021
2646,4.0,902.7763291746378,927.4429520666599
2647,4.0,902.3844830095768,1116.6892569065094
2648,4.0,902.2149450927973,914.703009814024
2649,4.0,901.7068595290184,678.7902861088514
2650,4.0,902.4679724872112,629.487064063549
2651,4.0,901.6821530163288,466.8797322809696
2652,4.0,901.6049584746361,195.608527302742
2653,4.0,901.3210335075855,1111.6138796806335
2654,4.0,900.7286124229431,1062.5560423135757
2655,4.0,900.9492504224181,684.0078643253073
2656,4.0,901.515612244606,169.64127427339554
2657,4.0,900.6745379567146,136.64937344193459
2658,4.0,899.5558946430683,1359.2199975848198
2659,4.0,900.379919052124,699.7220118939877
2660,4.0,898.7694179266691,1362.4994805157185
2661,4.0,898.2738936245441,966.6239006221294
2662,4.0,897.745925694704,671.1795235574245
2663,4.0,897.8812239766121,395.89373002946377
2664,4.0,898.2892149686813,384.2374231815338
2665,4.0,897.8588752299547,233.04635242000222
2666,4.0,898.1375463157892,189.36453220248222
2667,4.0,898.416138201952,119.28838831186295
2668,4.0,896.733158916235,1125.4165571928024
2669,4.0,897.255311101675,993.6533983051777
2670,4.0,896.5669109225273,350.588451474905
2671,4.0,896.6185188889503,204.5205721259117
2672,4.0,896.731020629406,165.35181480646133
2673,4.0,897.3101800084114,124.30792048573494
2674,4.0,896.4745562076569,1323.4738132357597
2675,4.0,895.6717835068703,1135.4049974381924
2676,4.0,895.5977595448494,1106.6175413131714
2677,4.0,895.8579889833927,464.36748990416527
2678,4.0,895.8408363610506,375.8488304913044
2679,4.0,895.1822087615728,1387.153242468834
2680,4.0,895.1690030395985,1028.5740202963352
2681,4.0,894.8536687344313,658.3206303715706
2682,4.0,894.7260667681694,175.4272466301918
2683,4.0,894.1655271649361,1086.8667529970407
2684,4.0,894.2142749875784,970.8057817816734
2685,4.0,894.2609476149082,792.3114704787731
2686,4.0,894.4082428812981,196.26779118180275
2687,4.0,892.831928819418,1380.480623692274
2688,4.0,892.8337767571211,989.4715994000435
2689,4.0,892.4813280701637,975.5727591216564
2690,4.0,892.7588994204998,847.5397533774376
2691,4.0,892.7888931334019,403.40168583393097
2692,4.0,893.2380549311638,382.53794610500336
2693,4.0,892.3623793423176,1365.6494608521461
2694,4.0,892.3859843313694,1198.477615058422
2695,4.0,891.7678980529308,1146.3173908293247
2696,4.0,891.5582358837128,1138.5468102693558
2697,4.0,892.2230789363384,1130.7249101698399
2698,4.0,891.9052640721202,1052.21217918396
2699,4.0,891.6141447126865,435.528464615345
2700,4.0,892.3454871177673,363.5097119808197
2701,4.0,891.4767918288708,654.1080768555403
2702,4.0,891.3624104261398,470.86517594754696
2703,4.0,891.4193000495434,170.555458933115
2704,4.0,889.8196326196194,235.13423010706902
2705,4.0,889.5727810263634,1385.4487706422806
2706,4.0,889.3462478816509,1078.5089011788368
2707,4.0,888.6393550932407,852.4335602223873
2708,4.0,889.1483161896467,149.88003054261208
2709,4.0,888.224645525217,652.6021504700184
2710,4.0,887.8580253869295,407.77422235906124
2711,4.0,887.2793206870556,1043.0926772654057
2712,4.0,886.8185062259436,243.83285719156265
2713,4.0,885.697034329176,1376.1417135894299
2714,4.0,885.5798578262329,1314.7608593553305
2715,4.0,886.2226004600525,1244.1428215950727
2716,4.0,885.7986046671867,1137.391995370388
2717,4.0,886.2272653877735,785.3349198698997
2718,4.0,886.3661402463913,614.8332819491625
2719,4.0,885.5759511888027,536.7938857674599
2720,4.0,885.8186774253845,425.2244068235159
2721,4.0,886.4677372574806,391.4728478193283
2722,4.0,885.7605730444193,376.1832797676325
2723,4.0,885.6888851523399,192.60853543877602
2724,4.0,884.6661946773529,1100.8945931196213
2725,4.0,884.6345103681087,991.2941974699497
2726,4.0,884.82737159729,835.9434387385845
2727,4.0,884.5350084006786,809.3684876263142
2728,4.0,885.51032102108,420.6105780005455
2729,4.0,883.5529462099075,1300.748187571764
2730,4.0,884.1988767683506,1199.223012521863
2731,4.0,884.112888135016,463.64511582255363
2732,4.0,884.2338982969522,414.33222249150276
2733,4.0,882.7558559328318,1089.5640260577202
2734,4.0,882.5261535048485,985.4056923389435
2735,4.0,882.7648495286703,827.2740542590618
2736,4.0,882.6897483468056,802.768970862031
2737,4.0,882.7177924513817,514.5211842358112
2738,4.0,883.2455614507198,445.8558241724968
2739,4.0,881.7018813192844,383.47057488560677
2740,4.0,882.3015387654305,372.4862212538719
2741,4.0,880.5667835772038,470.4105544090271
2742,4.0,881.0606677867472,124.7883879095316
2743,4.0,880.1480991393328,1242.5374901592731
2744,4.0,879.6772937476635,854.4489563703537
2745,4.0,879.8779922500253,530.1728441268206
2746,4.0,879.8866789638996,462.96712539717555
2747,4.0,879.2155500650406,1389.0783819779754
2748,4.0,879.1905655413866,859.4715493917465
2749,4.0,879.4552403986454,645.3682067394257
2750,4.0,877.755851149559,1334.2597608864307
2751,4.0,878.3206414878368,1308.0356528162956
2752,4.0,877.8298197835684,1200.964545249939
2753,4.0,877.7889465689659,1100.5297538042068
2754,4.0,877.7329310178757,1049.6354012787342
2755,4.0,878.2954841852188,988.5707215964794
2756,4.0,878.2762639224529,836.363078892231
2757,4.0,878.503116607666,541.3364746570587
2758,4.0,877.3345130383968,1196.1234192177653
2759,4.0,877.3932449817657,1150.731814801693
2760,4.0,876.6406535208225,970.5377851128578
2761,4.0,876.5733983814716,863.5454863905907
2762,4.0,877.3083658516407,845.744895786047
2763,4.0,877.3070835471153,824.5778894424438
2764,4.0,876.592404127121,822.3132138848305
2765,4.0,876.8864896818995,603.3936409056187
2766,4.0,876.756587356329,258.57846704125404
2767,4.0,876.0581835508347,1166.0764042511582
2768,4.0,875.5051041841507,1039.4693405032158
2769,4.0,875.6273503899574,635.3475432097912
2770,4.0,874.4315098524094,1045.2275921553373
2771,4.0,875.2928120791912,774.4630932509899
2772,4.0,873.5690242946148,175.48735317587852
2773,4.0,873.7198073863983,138.59903186559677
2774,4.0,874.2424252033234,128.7857275158167
2775,4.0,873.4131636917591,819.5252729654312
2776,4.0,873.3438513576984,541.3528682291508
2777,4.0,871.5584502220154,979.5033956766129
2778,4.0,872.3930453062057,266.1600584387779
2779,4.0,871.6588467657566,187.52231952548027
2780,4.0,872.1079076677561,133.80096431076527
2781,4.0,871.1707238554955,1348.1391126662493
2782,4.0,870.7486111819744,1242.3797248005867
2783,4.0,871.0711685419083,1019.8251529186964
2784,4.0,871.3232645988464,868.4068813323975
2785,4.0,871.4632332026958,215.57445240020752
2786,4.0,870.091963775456,1192.738600999117
2787,4.0,870.3257624804974,1143.350797712803
2788,4.0,870.2347508817911,1102.8101157993078
2789,4.0,869.3052848577499,546.6549216210842
2790,4.0,869.2262134552002,143.56564965844154
2791,4.0,868.2242056727409,1341.6842643618584
2792,4.0,867.7238867580891,1201.236928626895
2793,4.0,867.6270219087601,512.9724540300667
2794,4.0,868.2181572169065,208.1009023115039
2795,4.0,866.896610930562,1085.9359857290983
2796,4.0,867.2451228648424,631.3368710875511
2797,4.0,866.2088576704264,1350.8533210605383
2798,4.0,865.7040995657444,1294.677037268877
2799,4.0,865.5674239993095,1150.669580489397
2800,4.0,866.430919200182,978.469679325819
2801,4.0,865.5732326507568,278.47107630968094
2802,4.0,865.8076667487621,181.69180366396904
2803,4.0,864.7084134221077,1054.641776740551
2804,4.0,865.1044700816274,1044.6228152513504
2805,4.0,864.7916556298733,604.3149966299534
2806,4.0,863.3030005991459,1384.7884666025639
2807,4.0,863.4982478916645,1343.6436858475208
2808,4.0,863.2216141223907,1287.5479176938534
2809,4.0,862.2852765321732,1021.9371697977185
2810,4.0,863.2178747206926,598.3488768339157
2811,4.0,862.7747196406126,269.7383555173874
2812,4.0,863.4389446079731,255.65102642774582
2813,4.0,863.0762351453304,214.32044577598572
2814,4.0,861.6229791045189,972.4750030636787
2815,4.0,861.662051320076,486.30963960289955
2816,4.0,860.5164216160774,1291.3165064156055
2817,4.0,861.1949551403522,1242.204272016883
2818,4.0,861.4263620078564,379.5776754617691
2819,4.0,860.316893696785,383.64339795708656
2820,4.0,859.060825586319,982.1052625328302
2821,4.0,858.5862412750721,224.4342594742775
2822,4.0,859.2814764976501,147.60080894827843
2823,4.0,858.0365407019854,1380.9957426264882
2824,4.0,858.4321031570435,1113.4284942746162
2825,4.0,857.8824305459857,626.9969528072979
2826,4.0,857.8271492570639,598.9495554454625
2827,4.0,857.8969294726849,261.9608419574797
2828,4.0,857.3260652124882,1239.4806713461876
2829,4.0,857.2960191965103,1200.3501667380333
2830,4.0,857.1229958161712,1002.3175699710846
2831,4.0,857.1974623650312,633.513432174921
2832,4.0,856.8976779356599,623.7358778715134
2833,4.0,857.0514333546162,495.21011048555374
2834,4.0,856.0126613387838,1381.9151406735182
2835,4.0,856.366703748703,1374.3805103898048
2836,4.0,855.4376189410686,1357.4284600019455
2837,4.0,854.5163061022758,620.1930940151215
2838,4.0,854.5765427350998,188.84496952593327
2839,4.0,854.6114965081215,181.4952917098999
2840,4.0,853.5565747916698,480.5892002284527
2841,4.0,854.2004720121622,475.3918146491051
2842,4.0,853.4935300052166,1276.4968478381634
2843,4.0,853.1231747567654,1205.6881010830402
2844,4.0,853.4010760784149,1113.5785525739193
2845,4.0,852.9082292839885,252.056882802397
2846,4.0,852.5948322713375,149.72759974002838
2847,4.0,852.4525099098682,1166.7341083586216
2848,4.0,852.3997513949871,608.7953199595213
2849,4.0,850.4662535190582,1240.3942275047302
2850,4.0,851.188153475523,1144.0098413880914
2851,4.0,851.3708726465702,1138.5608240962029
2852,4.0,851.1030609831214,385.1490617990494
2853,4.0,850.7547483891249,257.24542221426964
2854,4.0,851.2482056319714,225.7946310043335
2855,4.0,850.6092447936535,170.24406878650188
2856,4.0,850.0705898702145,1376.122185215354
2857,4.0,849.5237376689911,1202.4812573492527
2858,4.0,849.6858571767807,1187.3866819143295
2859,4.0,850.44444835186,621.6366269886494
2860,4.0,850.252164632082,602.2386691570282
2861,4.0,850.2206557542086,165.5031181871891
2862,4.0,849.4048401415348,1292.4315628409386
2863,4.0,848.6619752645493,468.40111154317856
2864,4.0,847.8724291622639,1361.8150219619274
2865,4.0,848.2241282463074,1241.8204493671656
2866,4.0,848.2903089225292,1122.5704782903194
2867,4.0,848.5130813717842,1048.3478617668152
2868,4.0,847.6624903678894,589.4082081019878
2869,4.0,848.1525530815125,547.1246388182044
2870,4.0,848.294679492712,453.56645944714546
2871,4.0,847.7437660098076,249.12044621258974
2872,4.0,848.2201022803783,177.58093982934952
2873,4.0,846.7762460261583,1152.718657553196
2874,4.0,847.4131905436516,606.4308557510376
2875,4.0,847.4851804375648,556.2157269716263
2876,4.0,846.2728449106216,1268.8091573268175
2877,4.0,845.4387411177158,1354.3956220448017
2878,4.0,844.7804661542177,1278.1363873034716
2879,4.0,844.4955148696899,1203.3369216620922
2880,4.0,845.3907562196255,1182.5119723081589
2881,4.0,845.2204087227583,496.6764122545719
2882,4.0,844.9299553483725,463.467150002718
2883,4.0,845.3053164482117,121.35457101464272
2884,4.0,844.4269995987415,1366.863302886486
2885,4.0,844.1274989396334,228.84454944729805
2886,4.0,842.8548331409693,1234.6655920743942
2887,4.0,842.7681373953819,1231.1038030683994
2888,4.0,842.6600134074688,1146.626684397459
2889,4.0,842.5861330032349,1001.5983066856861
2890,4.0,843.1703524142504,522.5628226995468
2891,4.0,842.1293983757496,516.1337242275476
2892,4.0,842.1893193721771,456.5195363461971
2893,4.0,842.4885075986385,223.41485798358917
2894,4.0,840.7289537191391,1121.5489708781242
2895,4.0,841.4560332596302,1039.6103897988796
2896,4.0,841.5065993070602,445.470695912838
2897,4.0,839.688985824585,507.39382153749466
2898,4.0,838.7235724329948,1355.5625954568386
2899,4.0,839.3676847219467,1299.3363897800446
2900,4.0,839.3356650173664,1061.4617549479008
2901,4.0,838.4854862391949,1366.4567731320858
2902,4.0,838.1547883749008,1149.3007811009884
2903,4.0,838.3386809527874,557.4928718805313
2904,4.0,837.8247671425343,487.27920946478844
2905,4.0,838.4392592012882,424.51248317956924
2906,4.0,837.8377364575863,417.2575959265232
2907,4.0,837.0072280787863,520.8706641048193
2908,4.0,836.39791020751,1230.4900302886963
2909,4.0,836.4654513299465,502.5482957661152
2910,4.0,835.8276023566723,493.23272339999676
2911,4.0,835.4152448177338,1373.5916121304035
2912,4.0,835.3314556479454,1348.1611762940884
2913,4.0,835.2798621952534,1340.1996216922998
2914,4.0,834.6854657530785,1292.126781463623
2915,4.0,835.5079713463783,1043.4456539452076
2916,4.0,834.1651688367128,1140.094724662602
2917,4.0,834.1777125000954,1062.642806649208
2918,4.0,833.7025947570801,1034.355877250433
2919,4.0,833.7127687931061,548.2253614813089
2920,4.0,834.3345939218998,435.5768776834011
2921,4.0,833.8537625968456,422.0147652076557
2922,4.0,833.5145201086998,247.81378507614136
2923,4.0,832.6885991990566,532.6178789436817
2924,4.0,832.6676346957684,169.72357654571533
2925,4.0,832.4186029434204,1305.4162828326225
2926,4.0,831.6481712460518,1006.2802903056145
2927,4.0,831.7031669616699,484.354240834713
2928,4.0,832.1808291524649,395.24644507467747
2929,4.0,830.5189737379551,464.4652169048786
2930,4.0,829.6723302900791,1218.163220256567
2931,4.0,829.600912719965,1152.438491821289
2932,4.0,829.7025516629219,541.3779592812061
2933,4.0,829.7344400286674,412.384092181921
2934,4.0,828.7256435751915,1325.4082123041153
2935,4.0,828.8595901578665,1315.1656407266855
2936,4.0,828.5507963597775,1243.7128373980522
2937,4.0,828.8457890599966,1225.8319023698568
2938,4.0,828.4859717488289,551.465179413557
2939,4.0,828.9232800975442,201.10809887945652
2940,4.0,827.7973089665174,1037.4188908934593
2941,4.0,827.6799794435501,402.0861281082034
2942,4.0,827.4326373934746,1298.4991715550423
2943,4.0,827.2324864119291,1146.6818608343601
2944,4.0,827.2201180011034,459.37225568294525
2945,4.0,826.9497803896666,311.06514620780945
2946,4.0,825.5542560219765,1029.152592688799
2947,4.0,826.2987448275089,1015.4480847716331
2948,4.0,826.391545444727,464.46510750055313
2949,4.0,826.4237593412399,445.18917140364647
2950,4.0,824.8672458976507,553.5832867622375
2951,4.0,825.4187331795692,373.67719665169716
2952,4.0,823.8759611845016,1339.60391831398
2953,4.0,824.0811239853501,1235.142952516675
2954,4.0,824.1060330271721,171.14009402692318
2955,4.0,823.2464396506548,1320.0949928611517
2956,4.0,823.5147384405136,1202.5671892166138
2957,4.0,822.5461422204971,1023.7067764699459
2958,4.0,823.0373389571905,1011.8843984827399
2959,4.0,823.4475232064724,541.447184085846
2960,4.0,823.3958749771118,328.5427377521992
2961,4.0,819.8709114044905,1307.5992000699043
2962,4.0,819.6723681390285,1151.8517728745937
2963,4.0,819.6629101634026,893.191996216774
2964,4.0,819.8529765605927,416.2961795926094
2965,4.0,819.7902334779501,393.7605731636286
2966,4.0,820.354695469141,205.353115350008
2967,4.0,818.4507538676262,1343.45921677351
2968,4.0,817.5835081040859,1339.0464092418551
2969,4.0,818.1994436234236,377.2957236468792
2970,4.0,818.0578636303544,342.78439693152905
2971,4.0,817.5893338024616,301.4872025847435
2972,4.0,817.5199012756348,349.6740191280842
2973,4.0,814.7543553262949,137.64096394181252
2974,4.0,812.5533649623394,910.7354188263416
2975,4.0,813.3131073713303,295.8480472266674
2976,4.0,812.374350965023,1346.8650796115398
2977,4.0,811.6484066843987,351.56746685504913
2978,4.0,812.1198193654418,150.66390120983124
2979,4.0,811.4675966501236,1384.4241695404053
2980,4.0,810.8542308658361,1307.6857837736607
2981,4.0,810.5407323241234,1187.5358956158161
2982,4.0,810.8277804404497,891.7397964894772
2983,4.0,811.2784949243069,313.49042707681656
2984,4.0,810.3995501697063,882.5590337514877
2985,4.0,810.1261305809021,203.5378899872303
2986,4.0,810.1572449803352,134.26747420430183
2987,4.0,808.629780113697,903.6688012480736
2988,4.0,809.36742785573,197.32633671164513
2989,4.0,807.831335529685,330.4951709508896
2990,4.0,808.2521930932999,319.6613891720772
2991,4.0,807.599596530199,209.4708837866783
2992,4.0,807.4322520792484,1328.5309708118439
2993,4.0,807.3806935846806,556.4239843189716
2994,4.0,805.4615133404732,1379.5039100050926
2995,4.0,806.2176404446363,311.13326765596867
2996,4.0,805.0492126792669,1321.156151175499
2997,4.0,805.0861164629459,422.09898315370083
2998,4.0,805.2429822087288,337.6206721663475
2999,4.0,804.4057431221008,300.27017652988434
3000,4.0,803.851689234376,195.80046287178993
3001,4.0,804.2302033156157,175.4664824306965
3002,4.0,803.2524083256721,1239.5583842992783
3003,4.0,802.9692198392004,555.8198660761118
3004,4.0,802.7508618533611,201.36140096187592
3005,4.0,803.1999946534634,183.3256539106369
3006,4.0,802.3772144317627,1374.4877070188522
3007,4.0,801.6045116782188,1334.6549112796783
3008,4.0,799.5265955626965,1243.5104023814201
3009,4.0,799.4840998649597,901.3747726082802
3010,4.0,798.7359050512314,187.82493044435978
3011,4.0,798.2943708896637,222.71839758753777
3012,4.0,796.7756592482328,1326.960404228419
3013,4.0,796.6008369326591,1202.6059080064297
3014,4.0,795.8761651962996,1306.0537059009075
3015,4.0,796.1986655890942,1209.5686390399933
3016,4.0,796.2984990477562,895.1595043838024
3017,4.0,796.2166842371225,212.81979709863663
3018,4.0,794.8009336441755,1357.2604163885117
3019,4.0,794.1406981945038,1335.224526822567
3020,4.0,793.568946659565,724.6051034331322
3021,4.0,793.7937503159046,134.6799679994583
3022,4.0,794.1924347728491,133.38352996110916
3023,4.0,793.3349167406559,1320.245931982994
3024,4.0,792.3878102600574,267.472786039114
3025,4.0,792.515445291996,186.33771467208862
3026,4.0,790.5747312307358,1292.4399186968803
3027,4.0,789.7394047379494,1340.7269645929337
3028,4.0,790.3621657192707,260.29992508888245
3029,4.0,790.3333257734776,141.54454851150513
3030,4.0,789.3450200855732,1216.3180286288261
3031,4.0,786.5200460553169,1289.3528553843498
3032,4.0,787.1914361417294,891.5348117351532
3033,4.0,787.2547597885132,229.62308564782143
3034,4.0,786.1647483855486,1240.2370674312115
3035,4.0,785.4568824470043,1221.5311090052128
3036,4.0,785.1302437633276,274.9282077550888
3037,4.0,784.4639801084995,1303.23177857697
3038,4.0,782.129525333643,1285.3711615502834
3039,4.0,781.6782284677029,1279.1376254856586
3040,4.0,782.3745171427727,720.5578036606312
3041,4.0,781.1493488252163,890.5869681239128
3042,4.0,779.6854938268661,210.63525581359863
3043,4.0,780.1461782306433,131.98365299776196
3044,4.0,779.3164339363575,1301.5697752535343
3045,4.0,779.0764757320285,878.0789258554578
3046,4.0,778.231173440814,271.5027369260788
3047,4.0,777.614395916462,140.35156652331352
3048,4.0,776.1743591874838,722.1770646423101
3049,4.0,775.4645367264748,135.53331577777863
3050,4.0,775.1551080942154,238.0724488645792
3051,4.0,773.5460803508759,733.4723747074604
3052,4.0,773.7409448027611,258.54898154735565
3053,4.0,773.2603265345097,1304.3340553939342
3054,4.0,772.1040484532714,1351.2936699986458
3055,4.0,772.3964318931103,1318.480175435543
3056,4.0,771.7158168554306,1235.374656289816
3057,4.0,772.3031975328922,231.13034944236279
3058,4.0,770.7094621956348,724.3942301273346
3059,4.0,769.7500802278519,954.7359658777714
3060,4.0,770.0588068068027,186.06888306885958
3061,4.0,767.5086343288422,876.2312670946121
3062,4.0,765.5567895770073,1227.42136490345
3063,4.0,766.405764579773,889.7996554523706
3064,4.0,765.0399681031704,1287.9651980362833
3065,4.0,765.2558361589909,733.1500155478716
3066,4.0,765.2907625436783,228.47933718562126
3067,4.0,764.7136630415916,130.5722314119339
3068,4.0,764.253653794527,952.434768974781
3069,4.0,763.5811187326908,882.4241034090519
3070,4.0,762.1746478527784,1222.4451320171356
3071,4.0,762.496594786644,232.48549300432205
3072,4.0,761.5096790790558,1285.5951797962189
3073,4.0,761.3495007753372,1270.4607226252556
3074,4.0,761.4241344630718,237.1809719055891
3075,4.0,760.2676206231117,1212.7965818196535
3076,4.0,760.4632795155048,1206.5153059363365
3077,4.0,758.6394414007664,1330.5655930042267
3078,4.0,759.1688049286604,1308.9221618920565
3079,4.0,758.8325910717249,1246.598948031664
3080,4.0,759.1758236140013,721.7030420303345
3081,4.0,758.5824855566025,232.90055951476097
3082,4.0,757.3464638590813,1267.5171262323856
3083,4.0,757.3396924436092,1231.6683481931686
3084,4.0,756.7041756510735,891.4205513596535
3085,4.0,755.6239323019981,1241.236739873886
3086,4.0,754.6018616557121,1251.620504528284
3087,4.0,755.3642359673977,714.3575077354908
3088,4.0,753.7153292298317,1336.4328170120716
3089,4.0,754.0279959477484,1191.934997305274
3090,4.0,753.5845002233982,886.6954021155834
3091,4.0,753.5610541403294,704.4071152806282
3092,4.0,754.3503170311451,230.50355023145676
3093,4.0,752.4294392466545,960.4890632033348
3094,4.0,750.6562630832195,1109.4270215928555
3095,4.0,751.4555968344212,168.41329756379128
3096,4.0,748.290214240551,1336.4917528033257
3097,4.0,748.0647735595703,961.6466248035431
3098,4.0,748.0976143702865,870.5244116485119
3099,4.0,748.4044830799103,234.73821020126343
3100,4.0,748.320129096508,191.25260046124458
3101,4.0,748.6079807877541,177.71584805846214
3102,4.0,747.1865892261267,1341.1961438953876
3103,4.0,746.814425572753,1211.262002557516
3104,4.0,747.3981446325779,175.47738870978355
3105,4.0,746.170499458909,1348.3122108578682
3106,4.0,746.3894465863705,1218.5709528028965
3107,4.0,746.3906449377537,355.5245278477669
3108,4.0,744.7089487910271,1174.3592589497566
3109,4.0,745.1619079560041,695.8029718846083
3110,4.0,745.4773594141006,313.23850095272064
3111,4.0,744.6275324225426,186.69408005475998
3112,4.0,744.1303005814552,1104.8194440752268
3113,4.0,744.5107967853546,700.4808813929558
3114,4.0,742.6949581801891,364.64263212680817
3115,4.0,742.4817246198654,1343.5571748018265
3116,4.0,741.5452864766121,970.368911832571
3117,4.0,742.4080432653427,884.4741034209728
3118,4.0,742.1864745020866,340.23836052417755
3119,4.0,741.1234451979399,690.1552354842424
3120,4.0,741.4713756740093,349.5469089746475
3121,4.0,740.1064706668258,1327.7513812035322
3122,4.0,739.9464074335992,1097.0891782790422
3123,4.0,738.6200357675552,1174.3183268904686
3124,4.0,738.7503409832716,714.3801640868187
3125,4.0,739.3408217728138,224.4306623339653
3126,4.0,738.4927540719509,150.52796867489815
3127,4.0,737.3002696931362,1348.4392059445381
3128,4.0,736.9848429597914,1093.9399474263191
3129,4.0,736.7144714593887,887.8782859295607
3130,4.0,737.4577308297157,877.830313667655
3131,4.0,737.244338080287,862.9415917508304
3132,4.0,735.6758699417114,197.29384115338326
3133,4.0,736.0345185212791,187.035222183913
3134,4.0,734.9109681472182,1102.3844919204712
3135,4.0,735.2499849051237,680.4518907368183
3136,4.0,735.3401947021484,350.2380202561617
3137,4.0,734.9162569195032,337.6373144388199
3138,4.0,735.3955509066582,220.6855584681034
3139,4.0,733.4799085259438,314.58957463502884
3140,4.0,733.3732328414917,320.7201779484749
3141,4.0,732.7630312293768,212.51564192771912
3142,4.0,733.4589239656925,191.3350244164467
3143,4.0,732.3163676857948,1353.650950729847
3144,4.0,732.4164327383041,1107.67185613513
3145,4.0,731.5706029236317,894.7190365493298
3146,4.0,732.4101795852184,860.5162948966026
3147,4.0,731.8256500959396,715.9092356488109
3148,4.0,732.0416284948587,335.9661911018193
3149,4.0,731.4944380819798,710.5338734984398
3150,4.0,731.1764918118715,363.2665085494518
3151,4.0,729.7608531564474,972.5525766611099
3152,4.0,730.0863875672221,889.2473985850811
3153,4.0,730.0612314604223,826.8222414851189
3154,4.0,730.1905668973923,686.5199782848358
3155,4.0,729.381993085146,1304.417635947466
3156,4.0,729.1674050688744,821.4873926639557
3157,4.0,728.9091915041208,191.31376272439957
3158,4.0,728.2893990278244,832.2603221833706
3159,4.0,727.4623840749264,309.92470420897007
3160,4.0,726.359113484621,1347.2706261873245
3161,4.0,726.3690540790558,727.5582287609577
3162,4.0,724.5150161981583,858.5506274700165
3163,4.0,725.3494124114513,683.5256070196629
3164,4.0,723.6126985549927,1287.710981875658
3165,4.0,723.7588725686073,1250.5534838736057
3166,4.0,723.0883674323559,837.1235167309642
3167,4.0,723.3686004281044,712.4322098493576
3168,4.0,722.5452188849449,357.277294665575
3169,4.0,723.4994902610779,224.35728946328163
3170,4.0,722.5630651712418,204.67239186167717
3171,4.0,722.1706850677729,312.177642673254
3172,4.0,721.2200568467379,1335.4712920188904
3173,4.0,721.4567178487778,842.5515683889389
3174,4.0,720.0635840147734,1254.6874105334282
3175,4.0,720.1993141919374,1080.7796358764172
3176,4.0,720.4478250741959,362.6455790400505
3177,4.0,719.3356001973152,680.2485418915749
3178,4.0,718.4707690775394,822.4580683112144
3179,4.0,718.3803650438786,815.6959654390812
3180,4.0,717.2823609113693,1064.189351066947
3181,4.0,717.2075492143631,890.1243254616857
3182,4.0,717.2670729160309,218.21383617818356
3183,4.0,715.6308734118938,1260.6468107402325
3184,4.0,714.5474054813385,1325.40980347991
3185,4.0,714.767600685358,677.6987181007862
3186,4.0,713.8113795518875,1313.2266283482313
3187,4.0,713.7191907167435,1300.262677013874
3188,4.0,713.6350857019424,1051.4898976683617
3189,4.0,714.4512152969837,1032.645227521658
3190,4.0,713.0222241953015,1292.7488004267216
3191,4.0,713.4020582437515,1080.510680437088
3192,4.0,712.4056000709534,1174.367474526167
3193,4.0,710.7457095682621,1287.4805666804314
3194,4.0,710.6809515058994,827.4945739209652
3195,4.0,709.9442585296929,1014.4980184435844
3196,4.0,709.7225317955017,1000.4608370065689
3197,4.0,709.6781766712666,719.515265583992
3198,4.0,709.5768261551857,366.5705743730068
3199,4.0,710.2548227012157,345.1997819393873
3200,4.0,708.653053343296,1317.7782141417265
3201,4.0,708.5122912228107,1278.2140581160784
3202,4.0,708.8204203695059,957.8012631982565
3203,4.0,708.9066085666418,730.8862970247865
3204,4.0,709.2825845479965,697.3126372396946
3205,4.0,708.7441252171993,675.3994595110416
3206,4.0,709.1951782405376,362.19602896273136
3207,4.0,708.5266252756119,984.3858759403229
3208,4.0,708.2287591397762,966.4033062458038
3209,4.0,707.5888288319111,895.3494248986244
3210,4.0,708.4694321751595,816.4299809336662
3211,4.0,706.8929021209478,956.9392185173929
3212,4.0,707.3068975508213,302.441583275795
3213,4.0,707.3783156275749,285.52418753504753
3214,4.0,704.524075627327,1075.6999648213387
3215,4.0,705.4558301866055,1042.683765977621
3216,4.0,704.8507954925299,951.2873112857342
3217,4.0,705.2925390303135,368.43631196022034
3218,4.0,703.570997864008,1299.432893782854
3219,4.0,704.120169274509,1026.6076532304287
3220,4.0,704.3099790215492,999.2180811464787
3221,4.0,702.6502954661846,1288.1750299483538
3222,4.0,703.2928150892258,1007.1026784256101
3223,4.0,702.5171060860157,959.5143259763718
3224,4.0,702.8826863393188,331.8938243687153
3225,4.0,701.7406930625439,1358.5490494668484
3226,4.0,702.3532212376595,1013.4450637996197
3227,4.0,701.8616830408573,821.125247463584
3228,4.0,701.70471316576,288.2265918850899
3229,4.0,700.6907405853271,717.34131321311
3230,4.0,699.5662576854229,1341.4344074726105
3231,4.0,699.492959856987,1292.6514805853367
3232,4.0,699.5809082686901,990.3261273503304
3233,4.0,699.5895347893238,979.2450998276472
3234,4.0,698.6797071099281,1347.5783492326736
3235,4.0,699.2934360802174,1086.1834244281054
3236,4.0,699.2157189846039,862.6027818322182
3237,4.0,698.319500118494,1304.2296924591064
3238,4.0,697.4093019664288,1328.3732119202614
3239,4.0,697.4252728521824,873.2984208166599
3240,4.0,696.5081337690353,827.6400631964207
3241,4.0,696.7687400877476,385.84424647688866
3242,4.0,696.7521991282701,275.5304559469223
3243,4.0,696.4070375561714,958.274593681097
3244,4.0,696.3996014297009,682.1477358341217
3245,4.0,695.4471825361252,1352.511937201023
3246,4.0,695.2784041762352,1285.4135326743126
3247,4.0,694.3875812590122,895.3191421329975
3248,4.0,694.2243227213621,888.2180336564779
3249,4.0,694.3592481315136,379.4973185658455
3250,4.0,692.7305006086826,1339.5319518446922
3251,4.0,692.6040661633015,1065.5545842945576
3252,4.0,693.3503929972649,286.6403365433216
3253,4.0,692.3345503807068,56.510778963565826
3254,4.0,690.7658699452877,1363.2845550775528
3255,4.0,691.069254308939,1334.6105254292488
3256,4.0,691.4052079916,1282.4893998503685
3257,4.0,691.4882603287697,1021.3918496072292
3258,4.0,691.2090271115303,281.692770421505
3259,4.0,690.4218122959137,1350.5367077589035
3260,4.0,689.6039775907993,1085.7649865746498
3261,4.0,688.8786430135369,1090.9006691426039
3262,4.0,688.5976508557796,1030.497096002102
3263,4.0,689.55022752285,894.4576207101345
3264,4.0,688.220643222332,1017.5764169096947
3265,4.0,688.2305095791817,702.4383672773838
3266,4.0,688.4322593808174,73.18412663042545
3267,4.0,686.600456148386,835.7972253710032
3268,4.0,686.7263709008694,384.27415654063225
3269,4.0,686.352845966816,1286.659196794033
3270,4.0,685.5568191111088,1001.8075543791056
3271,4.0,684.5469442903996,691.5396544635296
3272,4.0,684.7364779412746,657.6335509419441
3273,4.0,683.6227897703648,1355.490814357996
3274,4.0,683.7131007015705,1054.2392925471067
3275,4.0,684.4307620823383,1008.5574706494808
3276,4.0,684.4101359248161,708.4790126085281
3277,4.0,684.1583290100098,70.68221345543861
3278,4.0,684.3627092540264,61.72270509600639
3279,4.0,683.193121239543,388.112099558115
3280,4.0,682.4144007563591,1025.8138633668423
3281,4.0,681.0555631630123,1372.067697495222
3282,4.0,681.2101291418076,1230.1026978865266
3283,4.0,681.024419458583,1037.7669117599726
3284,4.0,680.4285758435726,1212.3750602602959
3285,4.0,680.445645481348,1176.4244066774845
3286,4.0,679.7920261025429,883.9535917453468
3287,4.0,679.1874464154243,1048.1763975769281
3288,4.0,679.0357020907104,997.0469208694994
3289,4.0,679.1545383930206,379.5007891058922
3290,4.0,678.3196951448917,1250.254515349865
3291,4.0,678.112805813551,1042.8571283221245
3292,4.0,677.7878900915384,385.65136510133743
3293,4.0,676.612991631031,1219.5394012331963
3294,4.0,677.4441714286804,1092.4231787323952
3295,4.0,676.9566808864474,659.0626532435417
3296,4.0,676.4232357442379,1259.3947432041168
3297,4.0,676.3156318366528,1241.2058722674847
3298,4.0,675.6474948525429,1174.5503374040127
3299,4.0,676.2692710757256,898.796403080225
3300,4.0,676.1559805124998,649.2758129239082
3301,4.0,675.2378008961678,1181.2627725303173
3302,4.0,674.9929200988263,635.9928589351475
3303,4.0,674.4252336919308,1288.1918522119522
3304,4.0,673.6624336242676,1157.3659646511078
3305,4.0,672.8857941105962,1388.1649802178144
3306,4.0,673.2411608844995,1354.428532242775
3307,4.0,672.1772314608097,147.69022825360298
3308,4.0,669.7164358496666,1277.32255589962
3309,4.0,669.5922059118748,1092.511961787939
3310,4.0,669.1473168283701,1174.873542189598
3311,4.0,669.2574959099293,374.23120705783367
3312,4.0,668.5561892092228,311.2940118610859
3313,4.0,668.2884005606174,657.7553077787161
3314,4.0,667.8849608525634,299.28202882409096
3315,4.0,668.329940021038,236.45473170280457
3316,4.0,666.5837489068508,1327.5309578180313
3317,4.0,667.1327914297581,1272.0814360827208
3318,4.0,666.7505166232586,1217.8739809840918
3319,4.0,667.1938712745905,652.056442964822
3320,4.0,666.187114700675,1296.372096657753
3321,4.0,665.6507321894169,1086.1462893635035
3322,4.0,665.2761718630791,900.3815476596355
3323,4.0,664.1822319626808,1276.598143607378
3324,4.0,662.9354853779078,892.0625993162394
3325,4.0,662.7467326819897,84.40972983837128
3326,4.0,662.8970289677382,78.13421267271042
3327,4.0,662.1989837437868,1343.2193383276463
3328,4.0,662.3054284453392,455.77381175756454
3329,4.0,662.205810457468,306.2300750762224
3330,4.0,661.1789021193981,1325.2874657809734
3331,4.0,661.1803681403399,138.13261845707893
3332,4.0,660.5279509723186,68.28443548083305
3333,4.0,660.4049654901028,1329.9049280807376
3334,4.0,660.4741195738316,1224.2645365595818
3335,4.0,660.2879228293896,1174.5553374886513
3336,4.0,660.3296481370926,1087.2691209614277
3337,4.0,660.4063854515553,482.4248957335949
3338,4.0,660.3211404085159,225.5475331544876
3339,4.0,658.8497097045183,1374.4276796877384
3340,4.0,659.3283109366894,656.484149158001
3341,4.0,659.3978556394577,469.25710928440094
3342,4.0,657.6476720273495,1348.4192406833172
3343,4.0,658.3036867380142,1096.2095595896244
3344,4.0,656.5557208359241,1338.6177068948746
3345,4.0,656.7690711319447,1191.6805002689362
3346,4.0,655.5516672134399,1224.460536956787
3347,4.0,656.3014176785946,1219.407376587391
3348,4.0,656.15497392416,464.63542610406876
3349,4.0,655.7381035983562,225.73148733377457
3350,4.0,655.4584736227989,1369.4623659849167
3351,4.0,654.6761920452118,1363.61065903306
3352,4.0,655.3464955985546,95.36107009649277
3353,4.0,653.7902088463306,320.1254987716675
3354,4.0,654.3032336235046,141.74464562535286
3355,4.0,654.223372489214,68.59157818555832
3356,4.0,652.575641989708,1350.4299282431602
3357,4.0,652.7888846099377,1089.158825531602
3358,4.0,652.5531452596188,479.6996428370476
3359,4.0,652.5382753908634,461.35251811146736
3360,4.0,653.4662056565285,322.7521153986454
3361,4.0,652.4668736755848,470.72008416056633
3362,4.0,651.7996519953012,223.6709777712822
3363,4.0,652.4334517717361,129.3383873105049
3364,4.0,650.965739082545,1269.0494759306312
3365,4.0,651.1876862049103,906.2470292299986
3366,4.0,650.7013051509857,663.206426680088
3367,4.0,651.3573655188084,382.20282082259655
3368,4.0,649.6655333638191,1362.4014200866222
3369,4.0,650.012003694661,1338.146641999483
3370,4.0,650.2392767369747,1319.2794044017792
3371,4.0,650.174004226923,1218.825981810689
3372,4.0,649.6401923596859,318.5237600803375
3373,4.0,650.2937811613083,146.26469630002975
3374,4.0,650.1807718276978,93.67862316966057
3375,4.0,650.1504825502634,64.47754061222076
3376,4.0,649.3949193358421,1345.4535819888115
3377,4.0,648.8440703004599,1329.3771086633205
3378,4.0,649.1354282051325,1312.866624891758
3379,4.0,649.3550674021244,1307.3362459242344
3380,4.0,648.8292047381401,1234.1556332856417
3381,4.0,648.6508706510067,104.4684587419033
3382,4.0,647.5454292595387,893.3031131029129
3383,4.0,647.5873565971851,659.3114593327045
3384,4.0,647.5463563501835,483.60799527168274
3385,4.0,647.3898149132729,372.27060145139694
3386,4.0,648.1632558405399,324.42307364940643
3387,4.0,648.1129323765635,109.88748671859503
3388,4.0,647.2387769967318,1372.5373021066189
3389,4.0,647.0228981859982,1116.8549622446299
3390,4.0,647.3713996112347,464.7153005003929
3391,4.0,645.7881325781345,1238.7867697626352
3392,4.0,645.5295156538486,1208.4038925766945
3393,4.0,646.4586009681225,1086.7766604721546
3394,4.0,646.4802311956882,1081.789853706956
3395,4.0,645.3920214772224,910.2887473702431
3396,4.0,644.5331914126873,87.635244846344
3397,4.0,643.5741883814335,1253.4210546314716
3398,4.0,644.1707480698824,448.69626116752625
3399,4.0,643.69008654356,206.15559339523315
3400,4.0,642.8569067418575,1217.982941860333
3401,4.0,642.516462802887,1200.510297358036
3402,4.0,641.6043640077114,1248.4650321602821
3403,4.0,642.4612073004246,212.47183507680893
3404,4.0,641.1459770947695,1303.868581160903
3405,4.0,641.2167585343122,1202.4463025927544
3406,4.0,641.2033265084028,1081.1525962650776
3407,4.0,640.7238132655621,456.6603790819645
3408,4.0,641.2943080067635,377.50393268465996
3409,4.0,640.6796194314957,201.1525110155344
3410,4.0,640.5774916112423,65.73126181960106
3411,4.0,640.3256228864193,1323.8434742689133
3412,4.0,640.0494479760528,1261.741366147995
3413,4.0,640.175062507391,671.9609094411135
3414,4.0,640.0392877906561,333.7927809804678
3415,4.0,639.0227825772017,1046.025838976726
3416,4.0,639.4512683153152,143.66018730401993
3417,4.0,638.4067303538322,1252.3098007142544
3418,4.0,637.6657857894897,1228.723853290081
3419,4.0,638.1284791380167,351.0711742863059
3420,4.0,637.4574988782406,1243.4887735843658
3421,4.0,637.3341928124428,325.9277649894357
3422,4.0,637.2198927104473,212.3771312236786
3423,4.0,637.2649398744106,206.5182229578495
3424,4.0,636.2192223072052,1367.2505415976048
3425,4.0,636.138249963522,1301.267506480217
3426,4.0,635.8417396098375,1105.278442889452
3427,4.0,636.1860458254814,134.62807849049568
3428,4.0,634.6737256348133,1237.5939204096794
3429,4.0,634.724454164505,1218.8102706819773
3430,4.0,634.776887089014,908.6572224497795
3431,4.0,635.009053892456,806.0283214896917
3432,4.0,634.8315950483084,663.1423551887274
3433,4.0,635.226322337985,370.1442315131426
3434,4.0,634.1928831487894,1382.3873833715916
3435,4.0,634.4107203483582,60.49907982349396
3436,4.0,633.4115919470787,347.4103161394596
3437,4.0,631.7372212409973,1248.5427474081516
3438,4.0,632.4291921854019,484.3680507540703
3439,4.0,629.8782608509064,1304.0930157974362
3440,4.0,631.2250705212355,1078.1799915134907
3441,4.0,631.2376575320959,207.81884361803532
3442,4.0,630.381758928299,1385.4723708629608
3443,4.0,629.846405595541,1299.2574508190155
3444,4.0,630.4978305697441,1200.4933931529522
3445,4.0,629.6075209379196,819.9175517857075
3446,4.0,629.6891643106937,674.7474050223827
3447,4.0,630.4188944101334,442.70351803302765
3448,4.0,630.1749349236488,257.14258782565594
3449,4.0,629.3849879801273,1235.1474158912897
3450,4.0,628.6229313015938,900.4738794267178
3451,4.0,629.4977180659771,143.14397843182087
3452,4.0,627.7742067873478,1237.1208351254463
3453,4.0,628.5665225982666,920.4344314336777
3454,4.0,628.3363296985626,814.2572430372238
3455,4.0,627.6395681500435,655.3580594360828
3456,4.0,628.155864700675,484.4119598865509
3457,4.0,627.2389019578695,803.5100958645344
3458,4.0,626.8339488655329,667.5326686501503
3459,4.0,626.535955965519,453.458488881588
3460,4.0,626.1931636482477,379.06865579634905
3461,4.0,625.7137986421585,344.19514130055904
3462,4.0,624.8997264802456,213.78223018348217
3463,4.0,623.6886230111122,461.477929264307
3464,4.0,623.595906496048,350.0027813045308
3465,4.0,624.0800571516156,248.58193603157997
3466,4.0,623.5049668848515,239.44830963015556
3467,4.0,624.3643827736378,144.41238209605217
3468,4.0,623.2945974469185,1249.2774139642715
3469,4.0,622.7185925543308,57.41325086355209
3470,4.0,622.1647321134806,1104.8289631456137
3471,4.0,621.81334400177,644.3519152402878
3472,4.0,621.6957112550735,224.68445971608162
3473,4.0,621.1461006253958,1390.1321745961905
3474,4.0,621.2032862752676,650.2397751361132
3475,4.0,620.4538057744503,1080.595324754715
3476,4.0,619.5767157375813,818.4115610420704
3477,4.0,618.6787989735603,1308.3643563091755
3478,4.0,618.708149522543,1207.3417686522007
3479,4.0,619.2105129808187,673.7682567238808
3480,4.0,619.1497976630926,498.80467665195465
3481,4.0,618.1605064123869,891.189249932766
3482,4.0,618.244929343462,780.3225177228451
3483,4.0,618.0198572669178,216.1624446362257
3484,4.0,618.3049060702324,142.60996690392494
3485,4.0,617.6333050727844,47.670303016901016
3486,4.0,616.7001942694187,1383.8061431646347
3487,4.0,616.6278614103794,1364.7284308075905
3488,4.0,616.6403731703758,1216.403068870306
3489,4.0,617.1605331003666,895.7205794751644
3490,4.0,617.1892204284668,641.6310309171677
3491,4.0,615.1301565468311,1385.304420441389
3492,4.0,615.3562041521072,1254.5187490284443
3493,4.0,614.7093641757965,505.7212285101414
3494,4.0,615.1982486397028,239.8297013193369
3495,4.0,613.826961427927,818.0651776492596
3496,4.0,613.3549670577049,1359.7729077786207
3497,4.0,612.7098943293095,891.4277358055115
3498,4.0,611.8929916918278,1350.8676734417677
3499,4.0,612.3154348731041,493.57240495085716
3500,4.0,611.3816358745098,1078.5356385111809
3501,4.0,611.4028833806515,928.252693682909
3502,4.0,611.3193811774254,112.49808683991432
3503,4.0,610.5071565508842,766.4325480461121
3504,4.0,610.347067207098,185.40321823954582
3505,4.0,609.8641368746758,53.607940793037415
3506,4.0,609.8252382576466,46.08927733451128
3507,4.0,609.2900813221931,238.23571281135082
3508,4.0,609.0,57.0
3509,4.0,609.3595921695232,34.261910021305084
3510,4.0,608.4893242120743,1344.5001740157604
3511,4.0,608.0543635226786,1094.0256366059184
3512,4.0,607.8346442878246,1073.0485554039478
3513,4.0,608.2975143790245,96.8119865655899
3514,4.0,606.5040248334408,1260.5164826512337
3515,4.0,607.2065336555243,1211.1815669089556
3516,4.0,607.4226930737495,893.4578967094421
3517,4.0,607.1632490605116,802.7306859791279
3518,4.0,607.1490915566683,680.8726940453053
3519,4.0,606.5618975758553,457.46321216225624
3520,4.0,607.2409076690674,119.85192933678627
3521,4.0,607.1603598445654,85.75165040791035
3522,4.0,606.4351718127728,1363.3702565133572
3523,4.0,605.5093776285648,1309.5889561474323
3524,4.0,606.3550398647785,1218.899535112083
3525,4.0,606.3787403702736,770.5596479177475
3526,4.0,605.715674251318,281.60241544246674
3527,4.0,604.9486710466444,883.0660894364119
3528,4.0,605.2337285429239,762.6336525976658
3529,4.0,603.5880772769451,1388.7668769955635
3530,4.0,603.7511965632439,1342.3923121094704
3531,4.0,604.327250123024,930.733629912138
3532,4.0,603.6302753090858,755.4785211086273
3533,4.0,603.7158942520618,470.4071512520313
3534,4.0,603.602553576231,34.40339654684067
3535,4.0,602.9214134663343,2.2744239568710327
3536,4.0,602.3234914541245,1215.2862118184566
3537,4.0,601.703705906868,680.6084430813789
3538,4.0,602.4808457791805,9.502659380435944
3539,4.0,601.4314669668674,1090.4743839502335
3540,4.0,601.1488020271063,686.2037388235331
3541,4.0,600.5720717012882,309.5706545114517
3542,4.0,601.3989116251469,174.50450512766838
3543,4.0,600.7474454343319,28.544225215911865
3544,4.0,600.3754976391792,921.3725094795227
3545,4.0,600.2602564692497,198.4742586016655
3546,4.0,600.452775657177,18.469092786312103
3547,4.0,598.8192216902971,295.03071814775467
3548,4.0,598.7165647447109,285.68160632252693
3549,4.0,597.7721152305603,1326.3350174725056
3550,4.0,598.0227885730565,875.9593429230154
3551,4.0,598.3478688597679,646.5527157187462
3552,4.0,597.8193194270134,466.5483155846596
3553,4.0,597.5752094089985,308.5563706755638
3554,4.0,598.176487877965,239.1662841141224
3555,4.0,597.9089851975441,10.141163319349289
3556,4.0,597.4806071817875,948.3275002241135
3557,4.0,596.5239101946354,737.5183551609516
3558,4.0,597.1876299679279,683.7433948218822
3559,4.0,595.8635714948177,775.1929016262293
3560,4.0,596.475875377655,509.51718097925186
3561,4.0,596.1737883836031,168.52148884534836
3562,4.0,595.2360366731882,1080.1580957174301
3563,4.0,594.5962729156017,939.3818658292294
3564,4.0,595.5012720227242,299.3656079173088
3565,4.0,594.4559813737869,1346.201657101512
3566,4.0,594.1978712528944,1248.113926962018
3567,4.0,593.7073154747486,787.1126013845205
3568,4.0,593.8165756762028,654.3294562101364
3569,4.0,592.831116527319,1229.7235836088657
3570,4.0,592.5137501955032,717.3129535019398
3571,4.0,592.6382746994495,513.6423223614693
3572,4.0,592.4719484448433,331.4034696519375
3573,4.0,592.2951720654964,1243.4595140218735
3574,4.0,592.3830433189869,914.4139924645424
3575,4.0,591.7840718924999,880.2731212079525
3576,4.0,592.0921614095569,788.7424156665802
3577,4.0,591.8278075158596,162.46094119548798
3578,4.0,591.4141234457493,1224.3889291584492
3579,4.0,590.8057123422623,671.4580888152122
3580,4.0,590.5703850090504,292.45745900273323
3581,4.0,591.3037952780724,230.4864685833454
3582,4.0,590.4220827817917,1355.3893766999245
3583,4.0,590.2808074951172,1267.64461556077
3584,4.0,589.8734850883484,711.08406188339
3585,4.0,589.4355946481228,1250.6824422180653
3586,4.0,589.0450085178018,1107.0434328317642
3587,4.0,588.7219933271408,1101.840843617916
3588,4.0,589.417275428772,783.592156291008
3589,4.0,589.2522416710854,505.678527534008
3590,4.0,587.55886977911,1079.5463492274284
3591,4.0,588.4530469179153,234.75381788611412
3592,4.0,587.446202903986,650.3315519988537
3593,4.0,587.4454227387905,333.5825786590576
3594,4.0,587.2344026863575,115.64938974380493
3595,4.0,586.4168934822083,5.275666147470474
3596,4.0,586.2809546589851,1254.2147836834192
3597,4.0,585.4876157641411,1113.8084621280432
3598,4.0,586.1389431804419,885.1104840561748
3599,4.0,586.3199363648891,500.4425868988037
3600,4.0,585.552516579628,157.40980792045593
3601,4.0,585.2084622234106,1242.2336689531803
3602,4.0,585.471720546484,976.437571555376
3603,4.0,584.593095600605,708.5547897815704
3604,4.0,585.1700028628111,286.3754788339138
3605,4.0,584.3897113204002,1259.5376262068748
3606,4.0,583.918322019279,1138.2383284568787
3607,4.0,584.1637722551823,1106.7635686546564
3608,4.0,583.8017943501472,357.2840864956379
3609,4.0,583.0911484882236,1341.0857900232077
3610,4.0,583.2747848629951,1124.3375466167927
3611,4.0,583.2284460514784,1090.1027153357863
3612,4.0,583.4320332705975,894.5909032821655
3613,4.0,582.3990150392056,652.2491870969534
3614,4.0,581.6367900371552,4.3460679948329926
3615,4.0,580.8479560613632,367.8344636410475
3616,4.0,581.3745087683201,335.47126457095146
3617,4.0,580.5909685492516,21.705633759498596
3618,4.0,580.7612851858139,227.18845899403095
3619,4.0,579.4830646514893,15.330942541360855
3620,4.0,579.3421431183815,1116.3126454353333
3621,4.0,579.0835599601269,929.1015761196613
3622,4.0,579.3275673389435,705.4836039841175
3623,4.0,577.7322438955307,1222.1714136898518
3624,4.0,578.424036771059,1105.650297999382
3625,4.0,577.4905827641487,765.4243317842484
3626,4.0,578.4430196285248,169.49182534217834
3627,4.0,576.7584575265646,1339.87487308681
3628,4.0,577.3848161697388,917.6287758052349
3629,4.0,577.0976145118475,714.0131010003388
3630,4.0,577.298299908638,287.3746326863766
3631,4.0,577.2118305712938,155.19467088580132
3632,4.0,576.8044770509005,24.83882786333561
3633,4.0,576.3445783257484,1347.5466169118881
3634,4.0,576.2841513454914,1145.380956530571
3635,4.0,575.8777494803071,964.1252517700195
3636,4.0,575.6147094964981,369.2762747704983
3637,4.0,575.6993437409401,362.4305075109005
3638,4.0,575.825808852911,220.71064621210098
3639,4.0,575.7027650475502,31.759825512766838
3640,4.0,575.4843197762966,910.4351069331169
3641,4.0,574.9009491950274,195.2463267892599
3642,4.0,575.1824807524681,37.42148292064667
3643,4.0,575.1775402575731,18.628335893154144
3644,4.0,574.3990641534328,1354.5681427121162
3645,4.0,573.8069740533829,1085.7737763673067
3646,4.0,573.6233306229115,980.5494249463081
3647,4.0,572.7394586205482,1151.7889470607042
3648,4.0,573.516371846199,1080.5530279576778
3649,4.0,573.2251753658056,930.6850229799747
3650,4.0,573.3624374568462,900.3527055978775
3651,4.0,572.6788329780102,761.158492565155
3652,4.0,573.1255166828632,647.1122593283653
3653,4.0,573.3971501588821,330.4888598918915
3654,4.0,571.1659655869007,1359.430790901184
3655,4.0,570.6428630650043,1157.251442939043
3656,4.0,570.7689180076122,922.2808371186256
3657,4.0,570.4835817217827,672.4815062880516
3658,4.0,570.3723704814911,357.42018353939056
3659,4.0,569.8958194702864,186.93761624395847
3660,4.0,570.2996063232422,176.3317998945713
3661,4.0,568.5176115632057,651.4493438303471
3662,4.0,569.3754932284355,305.6737120449543
3663,4.0,569.4899320304394,117.41975182294846
3664,4.0,568.22301030159,965.4353728592396
3665,4.0,568.0717927515507,342.657766520977
3666,4.0,567.6478297114372,156.96279034763575
3667,4.0,566.6768854856491,1227.4288782477379
3668,4.0,567.4676535725594,1176.1830545514822
3669,4.0,566.2317522764206,1343.2856207489967
3670,4.0,566.4114034771919,1205.2523447573185
3671,4.0,566.4051571190357,1193.191617846489
3672,4.0,565.6710112988949,760.6841696500778
3673,4.0,565.759540066123,676.5570289194584
3674,4.0,566.1425876766443,336.74208429455757
3675,4.0,566.2387147396803,196.22132298350334
3676,4.0,566.4335297346115,87.41551199555397
3677,4.0,566.2309532612562,70.64673775434494
3678,4.0,564.8621721565723,975.7888859659433
3679,4.0,565.4240201115608,715.4355413615704
3680,4.0,563.7326835691929,710.5391491651535
3681,4.0,563.2290036231279,1245.1205751001835
3682,4.0,563.5105270147324,980.6382577717304
3683,4.0,562.6240909695625,294.40510389208794
3684,4.0,562.7824804633856,182.64283347129822
3685,4.0,562.4463221132755,1211.5678837299347
3686,4.0,562.4457624852657,190.6558797955513
3687,4.0,562.1935375928879,158.11304160952568
3688,4.0,562.3303346633911,108.35698047280312
3689,4.0,561.5163643360138,40.25641751289368
3690,4.0,560.0118274400011,1169.1637251973152
3691,4.0,560.2608043551445,954.2333288788795
3692,4.0,559.7292483747005,760.4441275298595
3693,4.0,559.6285835206509,668.1941079944372
3694,4.0,560.3216890096664,310.443210542202
3695,4.0,559.144886687398,197.95064275339246
3696,4.0,559.3031309843063,150.44893461465836
3697,4.0,557.9136395528913,1188.9407347477973
3698,4.0,557.5571925938129,716.3591596782207
3699,4.0,557.6402468085289,306.67919966578484
3700,4.0,555.6537081003189,1340.3734776377678
3701,4.0,556.0790703445673,642.1320233494043
3702,4.0,555.8539177030325,334.0536347590387
3703,4.0,555.7698023617268,302.67471820116043
3704,4.0,556.4889748692513,48.647946029901505
3705,4.0,555.2215167731047,751.1214046254754
3706,4.0,555.1959913372993,297.493141412735
3707,4.0,554.716440051794,152.24848625063896
3708,4.0,555.0797484964132,143.65592551231384
3709,4.0,554.036042381078,1388.3299420773983
3710,4.0,553.7147352993488,327.5615798532963
3711,4.0,553.2274012714624,1368.3545084297657
3712,4.0,553.3738397955894,757.499170601368
3713,4.0,552.2004262953997,655.1674989312887
3714,4.0,551.7177021801472,105.69109067320824
3715,4.0,551.5560723543167,983.2048567533493
3716,4.0,550.6540443301201,951.5963415205479
3717,4.0,551.3221561908722,741.5431107282639
3718,4.0,550.7434252202511,414.3244661986828
3719,4.0,550.501369535923,168.373725771904
3720,4.0,550.9348894804716,46.348647236824036
3721,4.0,549.1684579849243,958.1351873129606
3722,4.0,549.4081602990627,324.4996379315853
3723,4.0,547.6205702424049,753.2409530878067
3724,4.0,547.70183172822,665.6382396519184
3725,4.0,548.2140545099974,659.5302931070328
3726,4.0,547.4739160835743,1080.376382023096
3727,4.0,546.6022163331509,314.84228117763996
3728,4.0,545.6254446804523,1228.2414149791002
3729,4.0,545.6654108166695,998.812808021903
3730,4.0,545.64271068573,985.5835923850536
3731,4.0,545.7473175823689,954.5306166410446
3732,4.0,545.6644724309444,144.48888874053955
3733,4.0,544.4731895923615,1237.8365154266357
3734,4.0,545.4025698304176,753.5203573405743
3735,4.0,543.715379178524,1326.5027937293053
3736,4.0,543.5355705916882,1174.5321567058563
3737,4.0,543.6935310661793,745.2652755975723
3738,4.0,542.4916839003563,306.6273744106293
3739,4.0,542.6557332575321,53.41170847415924
3740,4.0,541.7094413936138,1081.5272218585014
3741,4.0,542.4942653477192,950.4923892021179
3742,4.0,541.7766996324062,413.72858932614326
3743,4.0,542.2371002435684,160.94319666549563
3744,4.0,540.6239486634731,1170.5188106298447
3745,4.0,540.5353238880634,1158.3714690804482
3746,4.0,540.7989549487829,1099.1540509611368
3747,4.0,540.3224343955517,1387.3214629292488
3748,4.0,539.883851364255,1332.8862796202302
3749,4.0,539.8499245196581,1322.4354634582996
3750,4.0,540.4979194700718,1246.5120822191238
3751,4.0,540.463983386755,47.35255268216133
3752,4.0,538.6592389047146,1231.7598447352648
3753,4.0,538.7111206948757,115.31711956858635
3754,4.0,537.7648368775845,417.2530632317066
3755,4.0,537.721553593874,310.31990253925323
3756,4.0,537.8591715991497,110.20749527215958
3757,4.0,536.6482722759247,1093.1709647029638
3758,4.0,535.8565823435783,1352.743182837963
3759,4.0,535.6086730659008,711.4644238054752
3760,4.0,536.2672671377659,408.35225105285645
3761,4.0,534.8355637192726,1212.6277026832104
3762,4.0,535.103658773005,1085.2108121663332
3763,4.0,534.6966471672058,1055.34086856246
3764,4.0,535.2094507068396,999.7769136577845
3765,4.0,534.657320946455,740.2528530061245
3766,4.0,535.3893110752106,323.66035172343254
3767,4.0,535.2928659319878,130.25380259752274
3768,4.0,534.4286839962006,1325.2625023424625
3769,4.0,534.3231559693813,1220.3053151667118
3770,4.0,533.658411949873,948.2799980640411
3771,4.0,534.4016132354736,413.3763693869114
3772,4.0,532.6349617540836,1388.282679617405
3773,4.0,533.3701850771904,1362.4886531829834
3774,4.0,533.511016368866,1330.4827199578285
3775,4.0,533.036262396723,1092.065740890801
3776,4.0,533.0374244973063,117.99202153738588
3777,4.0,532.3425234258175,1152.7950986027718
3778,4.0,531.6138524115086,1134.3185625970364
3779,4.0,531.7163213789463,1073.538788586855
3780,4.0,531.86442707479,956.2486241608858
3781,4.0,531.6521888077259,665.357089549303
3782,4.0,532.430551558733,659.4038298428059
3783,4.0,530.7043819725513,1286.7035048604012
3784,4.0,531.2103361487389,1216.5511747300625
3785,4.0,530.571172952652,1205.520396232605
3786,4.0,531.267276763916,1054.829321578145
3787,4.0,531.4341757297516,707.367222070694
3788,4.0,530.3746988773346,1165.5923402905464
3789,4.0,530.431609660387,338.43530267477036
3790,4.0,530.115924462676,57.16849420964718
3791,4.0,528.8480206429958,1291.2801872193813
3792,4.0,529.8333349227905,958.4439367651939
3793,4.0,527.5376827418804,1376.4448545575142
3794,4.0,527.5930030941963,1353.5384293198586
3795,4.0,527.0990483686328,1211.504617601633
3796,4.0,526.8618115335703,998.8296233415604
3797,4.0,526.7870109379292,708.5123912096024
3798,4.0,526.2921837568283,1168.504807651043
3799,4.0,525.8128995150328,1150.8062150031328
3800,4.0,526.170835852623,1120.1206780597568
3801,4.0,525.4594696164131,1193.3762528002262
3802,4.0,524.6932094395161,389.57960453629494
3803,4.0,524.5122871100903,368.52362936735153
3804,4.0,524.2556741535664,1162.7865306288004
3805,4.0,524.2674585580826,1066.8794432133436
3806,4.0,523.6856922805309,734.2051222026348
3807,4.0,524.2848407626152,311.0785009339452
3808,4.0,523.439118117094,1137.5069379508495
3809,4.0,523.2837045490742,953.7308338582516
3810,4.0,523.0643162429333,64.05992138013244
3811,4.0,521.6097311377525,1377.4096097648144
3812,4.0,521.55675598979,1231.3330371379852
3813,4.0,521.61261677742,353.2838997244835
3814,4.0,521.7612798959017,191.79321238398552
3815,4.0,521.8182059079409,88.44080492854118
3816,4.0,521.244979172945,1287.6290766596794
3817,4.0,520.6087398529053,1100.4871484339237
3818,4.0,520.2796646356583,1116.401274472475
3819,4.0,519.7157552540302,97.65164056420326
3820,4.0,519.3372261822224,1195.3445831239223
3821,4.0,518.6205762624741,1181.5798253118992
3822,4.0,518.5767652094364,1108.5191405713558
3823,4.0,518.7283291816711,1048.5962423086166
3824,4.0,519.5030072927475,366.4321102797985
3825,4.0,519.3309928178787,189.4187992811203
3826,4.0,519.2784074246883,123.60803720355034
3827,4.0,518.343747407198,1372.9649373181164
3828,4.0,518.3295585513115,402.900999777019
3829,4.0,516.461266040802,1095.115539982915
3830,4.0,516.7464025020599,949.427443087101
3831,4.0,516.8143109828234,413.88556192070246
3832,4.0,517.3297738134861,385.3477005660534
3833,4.0,516.2071147859097,1235.0989249497652
3834,4.0,516.1924206912518,1153.544340401888
3835,4.0,516.1472255587578,194.80261334776878
3836,4.0,516.0702311471105,115.41881468892097
3837,4.0,516.2952351272106,80.19879864156246
3838,4.0,514.2062291949987,1090.688315987587
3839,4.0,514.421629101038,407.35901671648026
3840,4.0,514.4133354723454,397.580129891634
3841,4.0,513.290471971035,1276.4809554219246
3842,4.0,513.2321943640709,1104.1459400504827
3843,4.0,513.0356183685362,1096.973863787949
3844,4.0,512.489032804966,1084.4719547629356
3845,4.0,512.6070832312107,62.45492172241211
3846,4.0,511.8257208019495,1346.7036690115929
3847,4.0,511.7308324277401,1282.404364734888
3848,4.0,512.408172160387,707.490581870079
3849,4.0,511.6297098994255,696.4488867819309
3850,4.0,512.2798987329006,103.38538897037506
3851,4.0,510.7884903252125,1209.5989650189877
3852,4.0,510.5217041373253,318.50028896331787
3853,4.0,511.26441836357117,127.61370870471
3854,4.0,510.5411261022091,57.52024134993553
3855,4.0,510.0647816732526,118.79302850365639
3856,4.0,509.41415640711784,1341.504959344864
3857,4.0,508.6413073837757,1227.4581808447838
3858,4.0,508.7723806798458,1081.2250351160765
3859,4.0,509.4549391567707,1047.5057479441166
3860,4.0,508.5064820051193,288.4477696418762
3861,4.0,507.607349306345,1347.5136662125587
3862,4.0,507.6922881901264,1194.3518774211407
3863,4.0,508.36266592144966,703.693893969059
3864,4.0,508.3603232204914,67.66644376516342
3865,4.0,507.36713403463364,1185.2690801918507
3866,4.0,506.68000143766403,1111.7121004760265
3867,4.0,506.8326802402735,975.4276048243046
3868,4.0,507.2094448506832,957.4074314236641
3869,4.0,506.46880888938904,819.3804092407227
3870,4.0,506.228625446558,1278.5269643068314
3871,4.0,505.6499570310116,1156.6622014641762
3872,4.0,505.79496075212955,1119.591494858265
3873,4.0,505.34672915935516,967.5502824783325
3874,4.0,505.3933230936527,313.36242467164993
3875,4.0,504.7863949239254,272.77857407927513
3876,4.0,505.36151188611984,59.761818647384644
3877,4.0,503.55970564484596,1245.358931094408
3878,4.0,503.8216403275728,393.27178370952606
3879,4.0,504.174305960536,131.66802430152893
3880,4.0,502.5908654630184,1101.4628511667252
3881,4.0,503.427527487278,1080.1828572005033
3882,4.0,502.5611469447613,298.6369278430939
3883,4.0,502.52232068777084,194.38284894824028
3884,4.0,502.27684792876244,188.65792208909988
3885,4.0,499.75494922697544,1228.7439164817333
3886,4.0,499.8037548661232,1110.6104580760002
3887,4.0,500.20835955441,978.6990726292133
3888,4.0,499.71395483613014,704.0200281981379
3889,4.0,499.26398089528084,960.2573927342892
3890,4.0,499.4464434981346,712.390167683363
3891,4.0,498.3385773599148,1383.341591924429
3892,4.0,498.3070057332516,1244.235610216856
3893,4.0,497.60950776934624,994.501252412796
3894,4.0,498.43330985307693,302.7962493598461
3895,4.0,496.69185960292816,1183.5484684109688
3896,4.0,496.57649436593056,692.5630044937134
3897,4.0,497.3355910181999,411.33353769779205
3898,4.0,496.70211815834045,376.97683015838265
3899,4.0,496.30978870391846,1082.845006301999
3900,4.0,495.563176214695,307.7864313572645
3901,4.0,494.6869154572487,1260.8309049010277
3902,4.0,495.1079450249672,1209.542472243309
3903,4.0,495.1727522164583,1080.2588030993938
3904,4.0,495.47190019488335,980.1417422145605
3905,4.0,494.9118495211005,374.7028965950012
3906,4.0,495.4740786254406,351.4793444573879
3907,4.0,495.13513362407684,306.2808358967304
3908,4.0,494.1295579522848,1252.1702696084976
3909,4.0,492.7784965187311,1332.8650765866041
3910,4.0,492.6522238254547,1210.505950242281
3911,4.0,493.3249728679657,1072.6454903185368
3912,4.0,493.5284799337387,357.70161589980125
3913,4.0,493.3776655495167,275.48772525787354
3914,4.0,491.914198115468,1348.3314627110958
3915,4.0,492.2754429280758,1239.334977567196
3916,4.0,492.3424217104912,1177.3050307929516
3917,4.0,492.22520788013935,986.7468217611313
3918,4.0,491.69169956445694,960.7076912820339
3919,4.0,492.0260666292161,370.68877854943275
3920,4.0,491.4231131672859,1170.5005341768265
3921,4.0,489.6303761601448,1030.2470575720072
3922,4.0,490.13154266774654,718.6139308512211
3923,4.0,490.4310804307461,411.4827870130539
3924,4.0,489.95194282382727,323.0303051844239
3925,4.0,489.5632948279381,206.68672874569893
3926,4.0,489.41282242536545,1156.843077018857
3927,4.0,488.87117506563663,947.3744015991688
3928,4.0,488.49435091018677,330.1736867874861
3929,4.0,488.3210819065571,1292.4224384129047
3930,4.0,488.3253091573715,1060.7673733830452
3931,4.0,488.30106380581856,712.3146189749241
3932,4.0,487.7194812297821,343.3718683719635
3933,4.0,488.37591457366943,279.4686243534088
3934,4.0,486.93545976281166,1168.046577051282
3935,4.0,487.20541828870773,812.3765549957752
3936,4.0,487.29524010419846,806.822827026248
3937,4.0,487.3279522061348,300.6688767671585
3938,4.0,485.7116434574127,1210.6120704114437
3939,4.0,486.1266616731882,1181.536740809679
3940,4.0,485.6293495595455,998.4830331802368
3941,4.0,486.12659026682377,955.2523145377636
3942,4.0,485.5104593038559,1374.5780879855156
3943,4.0,485.12267883867025,1268.377915918827
3944,4.0,483.71724903583527,1172.4653759598732
3945,4.0,483.765162140131,951.5493446588516
3946,4.0,484.1327420324087,323.32379150390625
3947,4.0,483.50244957208633,331.7785634994507
3948,4.0,483.50428664684296,237.4691755771637
3949,4.0,482.4129356443882,1288.5101748108864
3950,4.0,482.3875012099743,1212.667596578598
3951,4.0,481.58739337325096,806.5624144077301
3952,4.0,481.5530377626419,216.2002594023943
3953,4.0,481.1669239103794,1165.4470080137253
3954,4.0,480.7608264684677,995.4847979545593
3955,4.0,479.7068988978863,1374.7289599180222
3956,4.0,480.3449476361275,1305.394890010357
3957,4.0,479.9695119932294,341.66378888487816
3958,4.0,479.5334759056568,322.29108345508575
3959,4.0,478.68136182427406,176.32737091183662
3960,4.0,477.67080920934677,1351.5206276476383
3961,4.0,477.75360168516636,1203.0101552680135
3962,4.0,478.10266745090485,1195.0915046930313
3963,4.0,476.73158797621727,1345.2983382940292
3964,4.0,477.2572030723095,1247.4835416078568
3965,4.0,476.52060398459435,297.5048071742058
3966,4.0,476.76579074561596,293.1587589085102
3967,4.0,476.9790663085878,181.90314074605703
3968,4.0,475.59365248680115,943.6269536912441
3969,4.0,476.1040226444602,914.4946759939194
3970,4.0,475.4254982173443,1022.1307793259621
3971,4.0,474.60930317640305,964.0539915263653
3972,4.0,474.8840269744396,934.1549656689167
3973,4.0,474.7878800034523,339.3169468343258
3974,4.0,474.19628946483135,1374.4411836266518
3975,4.0,474.21500411629677,1267.160924807191
3976,4.0,474.38390934467316,1062.3831112384796
3977,4.0,474.3977859914303,801.5140346884727
3978,4.0,474.20477217435837,311.7718338519335
3979,4.0,473.2252709418535,1379.6544975340366
3980,4.0,471.61543104052544,1215.870711773634
3981,4.0,472.3711847662926,1212.5058213472366
3982,4.0,472.3822615146637,1208.2072551697493
3983,4.0,472.2691532075405,293.56912127137184
3984,4.0,471.1680292338133,617.2065064907074
3985,4.0,471.4277478158474,226.46528524160385
3986,4.0,471.38686576485634,186.5220953822136
3987,4.0,470.28632816672325,302.18017986416817
3988,4.0,468.5588374733925,1348.623067855835
3989,4.0,468.2055160999298,1211.4284425973892
3990,4.0,468.18807312846184,939.3278395831585
3991,4.0,468.36862283945084,914.5451456904411
3992,4.0,466.4961051940918,733.4355044066906
3993,4.0,465.5364749133587,167.4684717655182
3994,4.0,465.23148004710674,323.9030615314841
3995,4.0,465.4321177303791,173.36947351694107
3996,4.0,463.5555804669857,1195.812390446663
3997,4.0,463.63601514697075,1048.0743793323636
3998,4.0,464.3585995435715,967.4367600083351
3999,4.0,464.5087287425995,153.33206138014793
4000,4.0,463.6545683145523,147.37674036622047
4001,4.0,463.31524404883385,1384.6517440974712
4002,4.0,463.3714285492897,920.4837532639503
4003,4.0,462.00404719030485,1310.0598898380995
4004,4.0,461.56894531846046,281.36933889985085
4005,4.0,461.57495322823524,233.92068890482187
4006,4.0,460.67756071686745,1017.4533471167088
4007,4.0,461.3405424654484,926.2597258090973
4008,4.0,460.3390978574753,1055.7793871760368
4009,4.0,459.73389860987663,168.65649688243866
4010,4.0,459.4930578172207,981.4792992472649
4011,4.0,458.6811054646969,795.5201534330845
4012,4.0,457.71412578225136,934.2585111856461
4013,4.0,457.78185926377773,146.22043506801128
4014,4.0,457.44297963380814,1317.4894196987152
4015,4.0,457.2086398154497,976.2918639481068
4016,4.0,455.83675968647003,1267.3390612602234
4017,4.0,456.43774193525314,1194.4773241877556
4018,4.0,454.58884450793266,1353.4432769715786
4019,4.0,455.46906492114067,1291.4926875829697
4020,4.0,455.48236498236656,1209.6829130351543
4021,4.0,453.6019296646118,1013.5243834853172
4022,4.0,454.05028979852796,981.300694078207
4023,4.0,453.37699711322784,1338.544817596674
4024,4.0,453.1783838123083,1167.8187508434057
4025,4.0,452.84455648064613,1046.36641690135
4026,4.0,453.34966626763344,734.9259758517146
4027,4.0,452.7191467285156,724.2483053207397
4028,4.0,453.14672273397446,136.37826091051102
4029,4.0,452.3642024695873,792.6401289105415
4030,4.0,452.34546586871147,633.6182962357998
4031,4.0,452.37845581769943,237.4634643793106
4032,4.0,450.67005836963654,1389.2902983129025
4033,4.0,450.5783171057701,990.5083892345428
4034,4.0,450.36444222927094,1265.4695656895638
4035,4.0,450.1895676404238,1209.5991442799568
4036,4.0,449.6529323756695,995.7859138101339
4037,4.0,449.73654329776764,728.9823265746236
4038,4.0,448.54596069455147,1339.6896138489246
4039,4.0,449.3838892877102,1221.0899162515998
4040,4.0,449.41209107637405,979.3483464419842
4041,4.0,449.0344472825527,419.03584104031324
4042,4.0,447.55709090828896,1271.632428407669
4043,4.0,448.3677204847336,1051.4630655646324
4044,4.0,447.69339498877525,1016.1801792681217
4045,4.0,447.52382600307465,932.242784127593
4046,4.0,447.3570260107517,1011.175429970026
4047,4.0,446.7367181777954,718.5677489042282
4048,4.0,447.054524756968,223.6328882575035
4049,4.0,446.88949815928936,216.46828791499138
4050,4.0,447.2888906598091,124.57657361030579
4051,4.0,445.69063901901245,1333.190532207489
4052,4.0,445.46439123153687,652.4802576005459
4053,4.0,446.4026475548744,191.43956807255745
4054,4.0,445.6118868589401,389.4190551638603
4055,4.0,445.0006907734205,331.1017370298505
4056,4.0,444.05213874951005,1346.2594996094704
4057,4.0,444.2613995075226,1048.4886172413826
4058,4.0,444.3352125585079,1039.7039319574833
4059,4.0,444.28441020846367,1034.4468774199486
4060,4.0,443.7288899421692,1022.7227969169617
4061,4.0,444.23739871382713,299.44047370553017
4062,4.0,443.216554492712,936.411731749773
4063,4.0,443.41674026846886,723.1863227039576
4064,4.0,442.8719814866781,642.2380606532097
4065,4.0,443.51750910282135,431.39348435401917
4066,4.0,441.89094515889883,1262.8555264919996
4067,4.0,441.703310072422,736.2790867984295
4068,4.0,441.7069747745991,110.44029107689857
4069,4.0,439.5956876575947,921.5036505758762
4070,4.0,440.21978299319744,654.7377008199692
4071,4.0,439.51670145988464,623.5486948490143
4072,4.0,439.6464684307575,320.4468142390251
4073,4.0,439.7630046457052,218.23333932459354
4074,4.0,438.4682198166847,1007.545527279377
4075,4.0,438.7965213060379,764.8011521399021
4076,4.0,439.1740391552448,185.60277685523033
4077,4.0,438.3156714141369,1235.7691763192415
4078,4.0,437.67362266778946,941.4786404371262
4079,4.0,437.80977579951286,792.6618719398975
4080,4.0,438.0849174037576,760.1151687949896
4081,4.0,437.21750664711,908.2866702377796
4082,4.0,437.4904447197914,212.51880607008934
4083,4.0,437.4469426572323,112.34040194749832
4084,4.0,435.7634705901146,1050.2691952884197
4085,4.0,435.2143323421478,1380.5355865061283
4086,4.0,434.40885549783707,1056.4836890101433
4087,4.0,434.80703814327717,116.32786902785301
4088,4.0,434.3845068216324,925.4880364537239
4089,4.0,434.3973806500435,668.4094980657101
4090,4.0,433.5260568857193,1008.2685573995113
4091,4.0,432.58871853351593,1000.7921789139509
4092,4.0,433.2900125682354,931.3506897687912
4093,4.0,432.88715148717165,898.255323946476
4094,4.0,433.35760539770126,679.2281014919281
4095,4.0,433.42389246821404,287.47332787513733
4096,4.0,432.37479400634766,749.72414919734
4097,4.0,432.07170785963535,744.251950532198
4098,4.0,431.67407155036926,614.6264760792255
4099,4.0,432.4664056003094,213.33490547537804
4100,4.0,431.3480032682419,1047.3964475989342
4101,4.0,431.5230863690376,766.395379781723
4102,4.0,430.17628848552704,952.6508966386318
4103,4.0,430.1747060418129,435.3451901078224
4104,4.0,429.18196868896484,1258.9165257364511
4105,4.0,429.21760596334934,1059.4354745149612
4106,4.0,428.7795262634754,947.4712837338448
4107,4.0,429.5112172961235,324.1907303929329
4108,4.0,429.2234630584717,116.9933194317855
4109,4.0,428.34040120244026,1248.6111831068993
4110,4.0,427.5641120970249,1005.4355945885181
4111,4.0,427.6962612271309,942.2256998419762
4112,4.0,427.60767725110054,701.5375762581825
4113,4.0,428.3191494643688,674.5981486439705
4114,4.0,428.2936048209667,111.50466120243073
4115,4.0,426.8440130352974,933.4701977074146
4116,4.0,426.1354178786278,905.757478043437
4117,4.0,425.08025761693716,924.0009491975652
4118,4.0,425.33049350976944,901.3050529360771
4119,4.0,425.2859814465046,745.2685506641865
4120,4.0,424.6499478518963,328.5323480963707
4121,4.0,425.49752908945084,205.5516458749771
4122,4.0,424.36816361546516,1041.6902301311493
4123,4.0,423.74484810233116,717.1726100593805
4124,4.0,423.9848955562338,523.974719569087
4125,4.0,422.57547399401665,1316.602680951357
4126,4.0,422.6471924185753,1263.2894594669342
4127,4.0,423.1620247066021,601.4976317286491
4128,4.0,421.543061375618,1254.4527470171452
4129,4.0,421.25456857681274,753.0356369838119
4130,4.0,421.0850602760911,709.6235722899437
4131,4.0,421.20020818710327,591.7890069633722
4132,4.0,421.07650435715914,479.64349031448364
4133,4.0,420.53702011704445,437.53072971105576
4134,4.0,420.074238948524,1301.1648199409246
4135,4.0,419.37823045253754,1306.7471787929535
4136,4.0,418.66363659501076,948.6515183448792
4137,4.0,419.37874269485474,917.644935041666
4138,4.0,418.72537845373154,282.54650354385376
4139,4.0,419.3943620622158,132.2653325200081
4140,4.0,418.421671628952,277.3129533827305
4141,4.0,417.50603914260864,961.2366322278976
4142,4.0,416.96094220876694,730.0844488441944
4143,4.0,415.8653209209442,1207.9408791027963
4144,4.0,416.11198629438877,440.4724753499031
4145,4.0,415.26806887984276,1259.4039850234985
4146,4.0,414.85603250563145,791.910466440022
4147,4.0,415.34566220641136,740.5253367722034
4148,4.0,414.65816271305084,713.2424934953451
4149,4.0,415.113731443882,589.8684357702732
4150,4.0,415.2777110636234,431.5976732671261
4151,4.0,414.2380318045616,1253.2738812863827
4152,4.0,414.2902161478996,800.2441702783108
4153,4.0,414.4713203907013,762.7126886844635
4154,4.0,414.14345893263817,529.5334490835667
4155,4.0,412.5734878182411,1321.1583983898163
4156,4.0,412.84723991155624,1020.1463862806559
4157,4.0,412.2512449324131,944.3840282559395
4158,4.0,411.6776799559593,932.1447916179895
4159,4.0,412.2753995656967,746.7137705683708
4160,4.0,412.4155313074589,641.4799616336823
4161,4.0,412.4689500927925,629.3886946737766
4162,4.0,412.54810959100723,606.6954687833786
4163,4.0,412.12909062206745,437.6018138229847
4164,4.0,411.9022686779499,294.0588396675885
4165,4.0,412.30679896473885,139.6352154314518
4166,4.0,410.6004346013069,621.5179396867752
4167,4.0,410.23563100397587,1208.5166940689087
4168,4.0,410.0632789507508,1002.0647838562727
4169,4.0,409.65701273083687,804.8404208421707
4170,4.0,409.7258266508579,683.5204962491989
4171,4.0,410.4596723020077,521.4805120229721
4172,4.0,409.85642336308956,433.1944083124399
4173,4.0,410.2681160867214,145.6824826002121
4174,4.0,409.49208399653435,1200.2786377370358
4175,4.0,409.4291447997093,739.607652336359
4176,4.0,408.93283247947693,718.1669540256262
4177,4.0,409.32922863960266,592.4491615593433
4178,4.0,407.9424290470779,956.0107811018825
4179,4.0,406.6735599040985,601.4143137931824
4180,4.0,406.63460287451744,538.7301326394081
4181,4.0,407.0696359053254,488.1536817252636
4182,4.0,406.83022317290306,301.02463294379413
4183,4.0,405.8343095779419,759.3939950168133
4184,4.0,405.85395565629005,607.2709282338619
4185,4.0,404.6891022026539,1314.3624783158302
4186,4.0,404.58181554079056,1224.1611904799938
4187,4.0,405.3200677037239,1206.7789589166641
4188,4.0,404.6050901710987,793.5417629182339
4189,4.0,405.29877012968063,730.8316519707441
4190,4.0,404.6926026940346,700.5485815405846
4191,4.0,404.51037362217903,686.4745072722435
4192,4.0,405.2288815677166,665.3535946011543
4193,4.0,405.36192122101784,584.6526048779488
4194,4.0,405.2311258018017,166.1433766335249
4195,4.0,404.34126007556915,1198.5840200781822
4196,4.0,404.35326981544495,967.4420362114906
4197,4.0,404.45181837677956,961.4378941655159
4198,4.0,403.72516867518425,937.620972186327
4199,4.0,404.2057508081198,722.5921318531036
4200,4.0,403.7518780082464,298.82799008488655
4201,4.0,404.1499985009432,149.06039263308048
4202,4.0,403.06237302720547,801.2822761237621
4203,4.0,403.11852725595236,681.7652060836554
4204,4.0,403.2221014946699,641.3166228830814
4205,4.0,402.62077242136,296.506741553545
4206,4.0,401.7957819402218,1016.540811419487
4207,4.0,401.682778775692,764.4981685876846
4208,4.0,402.16684480011463,695.4983789622784
4209,4.0,402.2672923207283,172.94719436764717
4210,4.0,401.4079306423664,1300.7270029187202
4211,4.0,400.6229233145714,1294.5121601819992
4212,4.0,400.46946293115616,1189.2135634422302
4213,4.0,400.85986365377903,650.3136333227158
4214,4.0,400.8026462495327,557.2452526390553
4215,4.0,400.73250538110733,451.1720596700907
4216,4.0,400.6092648804188,178.777871966362
4217,4.0,400.3841456770897,1265.3172049224377
4218,4.0,399.56633254885674,926.3009195327759
4219,4.0,399.61926171183586,508.5133982896805
4220,4.0,400.3803930580616,498.6655985414982
4221,4.0,399.7127020955086,341.6762036383152
4222,4.0,400.2811091840267,196.29987677931786
4223,4.0,398.4773536324501,1187.1826127618551
4224,4.0,399.152462720871,761.3089601993561
4225,4.0,399.2808063328266,673.5042842030525
4226,4.0,399.31887102127075,445.5047418475151
4227,4.0,399.3403723537922,166.53736394643784
4228,4.0,397.49751883745193,1193.5271965265274
4229,4.0,398.2856213748455,657.5108283162117
4230,4.0,398.28484430909157,518.5594293475151
4231,4.0,397.47894263267517,432.73953717947006
4232,4.0,398.25607949495316,152.30814936757088
4233,4.0,397.22693644464016,1020.2831565439701
4234,4.0,397.26225715875626,538.8321963399649
4235,4.0,396.246335670352,792.0457483306527
4236,4.0,396.48846781253815,504.40483143925667
4237,4.0,395.3797102868557,1291.6486234366894
4238,4.0,395.28978633880615,663.472544580698
4239,4.0,393.78973948955536,1042.5367116332054
4240,4.0,394.2968122661114,923.4297790527344
4241,4.0,394.21876238286495,180.5625796020031
4242,4.0,393.4768936634064,1055.5038933753967
4243,4.0,393.24744978547096,1035.66826531291
4244,4.0,392.64465460181236,893.428962379694
4245,4.0,392.80780102312565,738.2720005512238
4246,4.0,392.5876267850399,362.6739892959595
4247,4.0,393.4995486140251,306.4443029165268
4248,4.0,393.316209256649,174.58446395397186
4249,4.0,392.2552080452442,1222.5318291187286
4250,4.0,392.4594034254551,760.6193590760231
4251,4.0,390.65676403045654,1068.4084789156914
4252,4.0,391.36665055155754,1026.0865854099393
4253,4.0,391.4462662637234,725.6513793766499
4254,4.0,391.2053623199463,489.36915150284767
4255,4.0,391.3557585477829,464.53802916407585
4256,4.0,391.26580917835236,456.47665417194366
4257,4.0,391.36172285676,200.3115963935852
4258,4.0,390.6367614865303,187.27996495366096
4259,4.0,389.61234295368195,1314.1042053252459
4260,4.0,390.2598854601383,1063.6855787336826
4261,4.0,390.18937465548515,1019.1327738761902
4262,4.0,389.7944094389677,113.22779001295567
4263,4.0,389.4408461153507,1321.5511227846146
4264,4.0,389.0365204401314,932.0864443331957
4265,4.0,389.2537816464901,559.7510446310043
4266,4.0,388.8511974513531,437.15022361278534
4267,4.0,387.4984595775604,1249.5042626559734
4268,4.0,387.7081062197685,442.9114297106862
4269,4.0,388.4075226187706,351.6256357431412
4270,4.0,386.57163152098656,564.5610925257206
4271,4.0,387.3486273884773,305.41095876693726
4272,4.0,385.4701525568962,1273.6011388599873
4273,4.0,385.76784984767437,924.4785467386246
4274,4.0,386.29676336050034,745.5182929039001
4275,4.0,385.8604577034712,491.7693090736866
4276,4.0,385.6991689503193,198.33831223845482
4277,4.0,386.53079056739807,128.6554258465767
4278,4.0,385.2042265981436,1226.689174771309
4279,4.0,384.638302475214,831.2732412517071
4280,4.0,385.1615364700556,789.2037227749825
4281,4.0,385.4501895904541,381.2725120782852
4282,4.0,385.0049704085104,290.03288711607456
4283,4.0,384.8421078771353,103.09564674645662
4284,4.0,384.3725518286228,1319.7612820714712
4285,4.0,383.9683990254998,884.9412918873131
4286,4.0,383.6794083714485,749.6942632198334
4287,4.0,384.05938654765487,739.2025252133608
4288,4.0,384.25007447600365,479.2314429283142
4289,4.0,383.59031814336777,310.56073170900345
4290,4.0,383.7350232899189,111.46385449171066
4291,4.0,382.61380818486214,1202.3623732328415
4292,4.0,383.5107875466347,848.486651301384
4293,4.0,383.3858471810818,468.2081409096718
4294,4.0,383.43106204271317,191.43080762028694
4295,4.0,382.4083520770073,1316.3664453327656
4296,4.0,382.3939841389656,1265.494862794876
4297,4.0,381.5398651063442,838.4789693951607
4298,4.0,381.6505253314972,717.5184655487537
4299,4.0,381.4342766702175,1167.552959561348
4300,4.0,381.36873361468315,914.5640927255154
4301,4.0,381.18969625234604,859.3979425430298
4302,4.0,380.6114117503166,828.1382114887238
4303,4.0,381.16495445370674,775.1256106644869
4304,4.0,380.83302769064903,363.3243649303913
4305,4.0,380.7174169719219,301.34170204401016
4306,4.0,381.50753152370453,131.25287407636642
4307,4.0,380.37107077240944,898.4823140501976
4308,4.0,380.43772327899933,475.42072954773903
4309,4.0,380.55249351263046,287.4344912171364
4310,4.0,380.2070405483246,102.57566580176353
4311,4.0,379.2482498139143,1294.6662357151508
4312,4.0,378.6421722471714,1247.4868714213371
4313,4.0,379.18805891275406,855.5298288762569
4314,4.0,379.3701696097851,711.0395715236664
4315,4.0,377.8235315233469,1150.2208050340414
4316,4.0,377.51527494192123,821.3143672645092
4317,4.0,378.2175244092941,781.3146148920059
4318,4.0,377.63844949007034,631.7065604329109
4319,4.0,378.1796929836273,489.6334534883499
4320,4.0,377.75437961518764,334.57814487814903
4321,4.0,378.18592919409275,93.64785557985306
4322,4.0,377.10305866599083,1263.614728063345
4323,4.0,377.46729812026024,722.5218176543713
4324,4.0,377.25548923015594,494.394584864378
4325,4.0,377.15164090692997,479.58441480994225
4326,4.0,377.12678864598274,381.922290712595
4327,4.0,376.93506337702274,373.25112345814705
4328,4.0,377.12775936722755,319.79595698416233
4329,4.0,375.6937852203846,1311.3173680007458
4330,4.0,375.7161962091923,1229.6629345417023
4331,4.0,376.3351956009865,1203.2523033320904
4332,4.0,376.27113753557205,910.4566361308098
4333,4.0,375.81518229842186,348.38849544525146
4334,4.0,376.4576232433319,310.51613759994507
4335,4.0,375.8366966545582,89.51974594593048
4336,4.0,375.28226563334465,897.1609934717417
4337,4.0,374.69981223344803,778.3999474346638
4338,4.0,375.3180024921894,360.1933437883854
4339,4.0,374.70322448015213,338.6362755894661
4340,4.0,373.62438547611237,1222.4703352153301
4341,4.0,373.55993780493736,687.3649311363697
4342,4.0,374.2421515136957,314.5171886384487
4343,4.0,373.3071275651455,772.2108149677515
4344,4.0,373.0666500553489,698.5313931107521
4345,4.0,372.5897219181061,289.5449947118759
4346,4.0,372.1796230226755,736.2364899367094
4347,4.0,372.3702538907528,482.27100670337677
4348,4.0,372.2942464053631,314.60236924886703
4349,4.0,371.19066666066647,863.4683161377907
4350,4.0,371.34585934877396,625.1232489794493
4351,4.0,371.47068563103676,129.7153272330761
4352,4.0,369.849267616868,1310.1457191705704
4353,4.0,369.81814320385456,816.718449741602
4354,4.0,369.6000190079212,784.5368749499321
4355,4.0,370.1866401731968,724.1731435656548
4356,4.0,369.82753674685955,547.6268187463284
4357,4.0,370.13064992427826,519.9340988099575
4358,4.0,370.4072818160057,497.5321830511093
4359,4.0,370.3879061937332,428.22341345250607
4360,4.0,370.4518365263939,372.53906697034836
4361,4.0,369.89826902002096,359.05172354727983
4362,4.0,369.20610950887203,366.0742459446192
4363,4.0,369.06262673437595,75.03472772613168
4364,4.0,368.3807460963726,1250.775094166398
4365,4.0,367.4690648317337,1216.3758312165737
4366,4.0,368.38788789510727,1034.5468370318413
4367,4.0,368.1623932868242,693.7361091375351
4368,4.0,367.756479755044,480.12883281707764
4369,4.0,368.117941275239,131.92172437161207
4370,4.0,367.56067875027657,90.19496238231659
4371,4.0,368.12485647946596,80.65611538290977
4372,4.0,366.5577934682369,870.2446279972792
4373,4.0,367.1147054731846,778.1950398236513
4374,4.0,367.3827638030052,677.6237775683403
4375,4.0,365.5942121744156,1213.8265541940928
4376,4.0,365.67312636971474,910.8191765546799
4377,4.0,365.7211441397667,792.7766602635384
4378,4.0,365.19366079568863,356.59342962503433
4379,4.0,365.44039592146873,139.55882182717323
4380,4.0,365.4117523431778,26.29981803894043
4381,4.0,364.3246833384037,1121.4066177904606
4382,4.0,364.19647893309593,540.3550974726677
4383,4.0,362.7528589963913,1220.487917304039
4384,4.0,363.02678676508367,905.7634425163269
4385,4.0,362.5490737259388,782.391012609005
4386,4.0,363.3328767120838,669.6646278500557
4387,4.0,362.80283485352993,488.7565602660179
4388,4.0,362.98545281402767,302.95515904575586
4389,4.0,362.4789596796036,630.4745497703552
4390,4.0,361.3311622738838,681.2140941470861
4391,4.0,361.2094048857689,675.8129451721907
4392,4.0,361.3757333159447,412.6822076141834
4393,4.0,359.5050400495529,1119.4797937572002
4394,4.0,360.4032701551914,1031.5004945993423
4395,4.0,360.15655468404293,770.2055545002222
4396,4.0,360.3776095509529,643.3128797709942
4397,4.0,360.1004705950618,417.26943761110306
4398,4.0,359.73081347346306,139.33707144856453
4399,4.0,360.45764592289925,71.70190781354904
4400,4.0,359.13958109915257,1214.1163328960538
4401,4.0,358.6960284411907,406.3978249132633
4402,4.0,358.6698039472103,298.5124976634979
4403,4.0,358.4775651693344,1260.4612205326557
4404,4.0,358.1769824773073,1111.4371410608292
4405,4.0,358.36354500055313,776.6342213153839
4406,4.0,358.46722289919853,734.4796912372112
4407,4.0,357.3780725300312,1296.4664650857449
4408,4.0,357.48373517394066,871.3546064198017
4409,4.0,356.9540482163429,767.2196306437254
4410,4.0,356.66624706983566,546.8283231109381
4411,4.0,357.03618114069104,421.9235606342554
4412,4.0,357.0709630101919,303.872306317091
4413,4.0,356.6444051861763,231.3833219408989
4414,4.0,356.79595543444157,61.810184583067894
4415,4.0,355.7266308069229,1318.5055562257767
4416,4.0,355.6387572288513,1123.5282662212849
4417,4.0,355.7527897208929,837.3752774000168
4418,4.0,355.68329402804375,572.4868774414062
4419,4.0,355.7987262606621,247.4422173500061
4420,4.0,354.6263326406479,1214.7079316973686
4421,4.0,355.28608226776123,395.5627660751343
4422,4.0,355.20440228283405,295.66760528087616
4423,4.0,354.7651266902685,163.11932191997766
4424,4.0,354.65556636452675,123.79851141571999
4425,4.0,353.66392078995705,578.4761545956135
4426,4.0,354.1474199593067,215.7826388478279
4427,4.0,352.5391117632389,1032.6226004362106
4428,4.0,353.2073969990015,771.1891654282808
4429,4.0,353.29675912857056,733.3182523846626
4430,4.0,352.15918865799904,1205.505184739828
4431,4.0,352.4262090623379,502.5245496034622
4432,4.0,352.40006825327873,424.3255669474602
4433,4.0,352.1631146222353,23.657513231039047
4434,4.0,351.4518742263317,1243.581973463297
4435,4.0,350.56439539790154,1116.3197579979897
4436,4.0,350.7510864287615,707.3722785115242
4437,4.0,350.7456205189228,702.6159440875053
4438,4.0,350.4875357747078,221.8364036679268
4439,4.0,350.8509646952152,69.30936190485954
4440,4.0,350.0696184784174,888.8300685733557
4441,4.0,350.2303087860346,880.3647657036781
4442,4.0,350.12319526821375,640.0531897172332
4443,4.0,349.68544322252274,475.4987086057663
4444,4.0,350.22560657560825,286.4549618959427
4445,4.0,349.1928006261587,693.254875421524
4446,4.0,348.5938466191292,364.2581502497196
4447,4.0,349.18388545513153,161.22274024784565
4448,4.0,347.83076222240925,1321.3185910880566
4449,4.0,348.48554211854935,681.4711385369301
4450,4.0,348.06108121573925,583.0814403668046
4451,4.0,347.8538342565298,298.5777734220028
4452,4.0,346.6901461482048,1219.5501684844494
4453,4.0,346.6968504488468,902.2920516431332
4454,4.0,347.3313966989517,723.5697872042656
4455,4.0,346.5395501255989,604.3984705507755
4456,4.0,347.4299926459789,502.529609143734
4457,4.0,346.25771594047546,181.34196069836617
4458,4.0,345.18597127497196,1116.2445215284824
4459,4.0,344.72850954532623,558.4088244736195
4460,4.0,345.2627328634262,515.2697847485542
4461,4.0,344.9769962076098,478.225025087595
4462,4.0,344.79764871299267,171.52539426088333
4463,4.0,345.09382132440805,17.484516441822052
4464,4.0,343.69132244586945,598.3863002359867
4465,4.0,344.2228866815567,521.8806508183479
4466,4.0,344.11426410079,168.30729413032532
4467,4.0,343.1254126429558,889.8447195589542
4468,4.0,343.4207456409931,792.4115339815617
4469,4.0,343.41535779833794,563.0858583152294
4470,4.0,342.3299449980259,1125.2670226097107
4471,4.0,342.58524668216705,565.4315453767776
4472,4.0,342.4644132256508,231.7503052353859
4473,4.0,341.62342911958694,195.51273012161255
4474,4.0,341.57822358608246,20.82895401120186
4475,4.0,341.25623694062233,683.216962993145
4476,4.0,341.548239171505,545.6479480862617
4477,4.0,340.640067666769,475.32424092292786
4478,4.0,340.796729773283,430.2694162726402
4479,4.0,339.7692446112633,1319.571079134941
4480,4.0,339.7800970226526,750.0837822780013
4481,4.0,339.7447197139263,675.2421631067991
4482,4.0,339.7042036950588,638.8185011297464
4483,4.0,339.52540001273155,558.568450063467
4484,4.0,340.17116601765156,511.73330146074295
4485,4.0,340.31877744197845,184.29151993989944
4486,4.0,339.52428579330444,982.4377000033855
4487,4.0,338.8821843415499,877.3901987969875
4488,4.0,338.738893032074,602.1678335219622
4489,4.0,338.6265041232109,333.61311811208725
4490,4.0,337.4806197285652,883.3149361610413
4491,4.0,338.3756293952465,866.1214417740703
4492,4.0,338.19092766940594,663.1523988842964
4493,4.0,337.27255976200104,1122.4922845363617
4494,4.0,337.3369478881359,1031.2780841588974
4495,4.0,336.9088335186243,902.887152582407
4496,4.0,336.62977206707,714.5130383968353
4497,4.0,336.69585156440735,457.7461921274662
4498,4.0,336.6650710105896,195.21029071509838
4499,4.0,337.28961461782455,180.07906006276608
4500,4.0,336.6218966245651,169.92907364666462
4501,4.0,335.71365174651146,964.3445652425289
4502,4.0,335.5183053314686,759.1482640206814
4503,4.0,335.548335313797,727.4009681940079
4504,4.0,336.26447945833206,723.5995667278767
4505,4.0,336.0493984185159,546.8672237545252
4506,4.0,334.47590816020966,1293.2318427413702
4507,4.0,334.5466369688511,987.4950687289238
4508,4.0,335.45079350471497,829.5670293569565
4509,4.0,334.79541420936584,748.0871695131063
4510,4.0,335.3607159256935,655.2590856552124
4511,4.0,335.43240547180176,598.4544944167137
4512,4.0,335.4575240314007,542.480871617794
4513,4.0,335.26103687286377,464.6174140572548
4514,4.0,335.539245903492,450.4546046257019
4515,4.0,335.56329917907715,428.59824934601784
4516,4.0,333.82255014777184,1220.146431967616
4517,4.0,334.03109134174883,1127.5361195206642
4518,4.0,334.4581903517246,971.6166976690292
4519,4.0,334.33208733797073,742.354712665081
4520,4.0,333.72510862350464,630.5016791820526
4521,4.0,334.43493807315826,520.5883306264877
4522,4.0,332.6755456328392,1338.591570943594
4523,4.0,332.72637009620667,1018.5572276115417
4524,4.0,333.30440029501915,696.2424013465643
4525,4.0,333.02096182480454,605.6462789177895
4526,4.0,332.6697278916836,586.5761023163795
4527,4.0,333.48900401592255,513.2903200089931
4528,4.0,332.71157118678093,510.0140779912472
4529,4.0,332.777758538723,229.95774517953396
4530,4.0,332.6172452569008,110.37258425354958
4531,4.0,331.6809543967247,1358.2828442752361
4532,4.0,332.41030326485634,339.3250689804554
4533,4.0,330.6990117430687,1348.536877721548
4534,4.0,331.55718219280243,698.7826999276876
4535,4.0,331.3415296971798,289.43114614486694
4536,4.0,329.6001746058464,1330.2865493893623
4537,4.0,329.53095361590385,789.33874386549
4538,4.0,330.3666115105152,473.2044880837202
4539,4.0,329.43295180797577,1363.5132220387459
4540,4.0,329.3444607257843,1016.5407697558403
4541,4.0,329.30836141109467,900.1424523890018
4542,4.0,328.9307921677828,743.1414734572172
4543,4.0,328.708804666996,632.5935853123665
4544,4.0,329.28123927116394,515.5068293511868
4545,4.0,329.33716264367104,334.60155633091927
4546,4.0,328.52491122484207,91.481464356184
4547,4.0,327.7545236200094,15.382005155086517
4548,4.0,327.45038172602654,1211.4435807168484
4549,4.0,327.38182559609413,818.5105889439583
4550,4.0,326.6289721131325,707.520519644022
4551,4.0,327.33511367440224,235.55467998981476
4552,4.0,326.32779535651207,656.1193795725703
4553,4.0,325.6345917582512,490.63920986652374
4554,4.0,325.6269143521786,337.7925793528557
4555,4.0,325.81495510041714,283.4503148794174
4556,4.0,325.4250068962574,698.5331207513809
4557,4.0,325.0442897975445,355.0430101454258
4558,4.0,323.6295355260372,1337.5705535411835
4559,4.0,323.729493021965,882.1474816948175
4560,4.0,324.3581312298775,823.7600474208593
4561,4.0,324.10341887921095,709.8742861300707
4562,4.0,323.537234544754,452.4075052142143
4563,4.0,323.29252591729164,1361.4047149121761
4564,4.0,322.83390288054943,637.1258752644062
4565,4.0,322.8282931149006,359.194933578372
4566,4.0,322.5470937490463,170.6817262172699
4567,4.0,321.559452354908,1240.503574192524
4568,4.0,321.56900832057,1207.4438107609749
4569,4.0,321.78912192583084,1135.9473304189742
4570,4.0,322.32131338119507,1018.3347587883472
4571,4.0,322.1733879894018,1007.2331367880106
4572,4.0,322.11986991763115,764.0724453404546
4573,4.0,321.7112709283829,583.8194844573736
4574,4.0,322.43581038713455,235.42010498046875
4575,4.0,320.8244364708662,1271.6561443209648
4576,4.0,321.52487629652023,806.2663075625896
4577,4.0,321.6614742875099,744.0977946072817
4578,4.0,321.3732951283455,500.4597972333431
4579,4.0,320.50587356090546,1286.3171600699425
4580,4.0,319.67728930711746,1265.378622353077
4581,4.0,320.58641600608826,980.3629992604256
4582,4.0,320.45503783226013,655.4457103610039
4583,4.0,319.62217420339584,484.31456488370895
4584,4.0,320.2199305444956,298.74974727630615
4585,4.0,318.6898396909237,1292.6702568233013
4586,4.0,318.5643575489521,1130.4989874362946
4587,4.0,318.766168653965,758.4323305785656
4588,4.0,319.50185149908066,625.3992446064949
4589,4.0,318.3475427031517,1163.3978516161442
4590,4.0,317.64267030358315,878.3444203138351
4591,4.0,318.2756139934063,494.18347768485546
4592,4.0,317.74050468206406,423.21426755189896
4593,4.0,318.3038859665394,117.53795322775841
4594,4.0,316.6359528899193,1123.6234363615513
4595,4.0,316.75982461869717,695.4834252595901
4596,4.0,317.10199059545994,651.0501223318279
4597,4.0,317.2173175662756,614.4503107666969
4598,4.0,317.25804659724236,327.14624175429344
4599,4.0,317.3783987760544,292.51463291049004
4600,4.0,316.0791755467653,1015.7216719686985
4601,4.0,315.68113791942596,360.4310669898987
4602,4.0,316.2494967132807,80.66133850812912
4603,4.0,315.5160343050957,1286.7287172675133
4604,4.0,315.10847194492817,1261.7141416072845
4605,4.0,314.8931564614177,739.3009697794914
4606,4.0,315.31525525450706,528.5759868621826
4607,4.0,314.6778701543808,430.43415039777756
4608,4.0,314.18690867722034,1297.7101289331913
4609,4.0,313.81006444990635,822.9464569985867
4610,4.0,313.78532131016254,488.0019559105858
4611,4.0,314.07240657508373,416.14990435540676
4612,4.0,314.48372715711594,284.29768854379654
4613,4.0,312.86652156710625,722.2180267870426
4614,4.0,313.32922369241714,611.7602014392614
4615,4.0,312.797695890069,408.392343044281
4616,4.0,312.6707851886749,295.5643531680107
4617,4.0,312.61845138669014,135.66458263993263
4618,4.0,312.0318024121225,1134.5864732861519
4619,4.0,311.7922205924988,1017.7791696339846
4620,4.0,312.3099531829357,806.7398180961609
4621,4.0,312.4188695549965,636.3318826556206
4622,4.0,311.58498245477676,561.6247144043446
4623,4.0,311.6935679912567,524.0948677659035
4624,4.0,312.0989842414856,366.7121853232384
4625,4.0,312.371157258749,335.30473989248276
4626,4.0,312.2422511577606,324.3921222090721
4627,4.0,310.6970333456993,690.6411496698856
4628,4.0,311.19062092900276,626.1654268503189
4629,4.0,311.1131027340889,282.4271506667137
4630,4.0,311.4028494656086,232.55626186728477
4631,4.0,311.3344412446022,18.09638538211584
4632,4.0,310.10084561258554,1363.0895093977451
4633,4.0,309.64189633727074,1351.424373447895
4634,4.0,309.5772885084152,1130.4893817901611
4635,4.0,309.60922876000404,816.5636197924614
4636,4.0,309.8387636244297,745.4324319064617
4637,4.0,310.1114260032773,515.7650468796492
4638,4.0,310.1783694922924,110.48607558012009
4639,4.0,308.66561713814735,1354.6320815086365
4640,4.0,309.0446177981794,362.48200434446335
4641,4.0,307.8088887631893,1294.0685393363237
4642,4.0,307.63891038298607,1168.1261379867792
4643,4.0,308.19204603135586,732.2892967760563
4644,4.0,307.70333155989647,488.33004704117775
4645,4.0,308.32799300551414,318.38434982299805
4646,4.0,307.91387517005205,144.17851319909096
4647,4.0,307.28164181113243,808.6594607830048
4648,4.0,306.823247641325,239.04963881149888
4649,4.0,307.4840645492077,96.35286062955856
4650,4.0,305.5509001016617,1227.479177057743
4651,4.0,305.7045228779316,899.7144818007946
4652,4.0,306.3041377365589,700.7976754903793
4653,4.0,306.3720837235451,523.3370282053947
4654,4.0,306.4600038230419,271.4312441647053
4655,4.0,306.31399673223495,196.16776840388775
4656,4.0,305.6715669929981,149.5369074344635
4657,4.0,304.63413736224174,751.2463994920254
4658,4.0,305.27458941936493,693.386178702116
4659,4.0,304.68663200736046,636.6277129948139
4660,4.0,304.65507447719574,498.5842780172825
4661,4.0,304.517748773098,421.54981806874275
4662,4.0,304.93119341880083,326.91130109876394
4663,4.0,304.68565568327904,300.2753680944443
4664,4.0,304.6544748842716,163.39166727662086
4665,4.0,304.4926226735115,977.4911445379257
4666,4.0,304.24322257936,816.276641368866
4667,4.0,304.15296916663647,507.73472702503204
4668,4.0,304.35883605480194,292.44944018125534
4669,4.0,304.2468624264002,234.3867999613285
4670,4.0,303.6988687515259,210.6508940756321
4671,4.0,303.74923890829086,154.83121161162853
4672,4.0,302.6474063694477,1354.9858886180446
4673,4.0,302.65691858530045,1009.5843016505241
4674,4.0,303.28884986042976,491.3086448609829
4675,4.0,303.48721915483475,278.7461398243904
4676,4.0,303.2603769004345,43.633208245038986
4677,4.0,303.3812101781368,23.87803889065981
4678,4.0,302.29583859443665,1301.2536028027534
4679,4.0,302.2249806523323,969.469535112381
4680,4.0,302.1847541183233,868.1176488250494
4681,4.0,301.73963779211044,582.6600686609745
4682,4.0,302.17478880286217,324.20229555666447
4683,4.0,301.95085944607854,204.97047278657556
4684,4.0,302.3233752846718,30.688343673944473
4685,4.0,301.4468892812729,1124.6186341941357
4686,4.0,301.54106283187866,590.6344106793404
4687,4.0,301.337933242321,180.29849499464035
4688,4.0,300.72712484002113,38.585805267095566
4689,4.0,300.45046439766884,1130.7034350633621
4690,4.0,300.4783115386963,873.5418010652065
4691,4.0,300.06272165477276,748.0299869291484
4692,4.0,300.5417472720146,699.5990544855595
4693,4.0,299.38965505361557,1359.3571961820126
4694,4.0,299.0330251790583,1354.4066319465637
4695,4.0,299.30851259827614,813.69976952672
4696,4.0,299.3792359828949,368.40707939863205
4697,4.0,299.0870921239257,219.17309281229973
4698,4.0,299.30052068829536,170.59209555387497
4699,4.0,297.34292948246,663.337998777628
4700,4.0,297.73245015740395,243.60480079054832
4701,4.0,297.23681269586086,1309.93516176939
4702,4.0,297.24517381191254,974.8192072212696
4703,4.0,296.76856829226017,966.7578446418047
4704,4.0,297.45018869638443,733.3401919901371
4705,4.0,296.79379956424236,482.1060373559594
4706,4.0,296.61682268977165,283.37284511327744
4707,4.0,295.56826001405716,685.2621247768402
4708,4.0,294.55173909664154,1202.5366759300232
4709,4.0,294.89661729335785,587.1731293946505
4710,4.0,294.4261180758476,1137.426554620266
4711,4.0,294.25395745038986,1124.5852251648903
4712,4.0,293.5822424888611,708.5303530097008
4713,4.0,294.14434084296227,675.4371110498905
4714,4.0,294.3326103389263,310.6207495331764
4715,4.0,292.706585586071,1153.1934077739716
4716,4.0,292.3201318383217,1313.3524631559849
4717,4.0,292.4894335269928,894.825056374073
4718,4.0,292.4060216844082,825.2477821856737
4719,4.0,292.34636187553406,663.5062170624733
4720,4.0,291.9196798503399,581.2470299750566
4721,4.0,290.9166131913662,1318.9923737705685
4722,4.0,290.34943839907646,1361.514048576355
4723,4.0,289.6447185277939,1015.4953863024712
4724,4.0,290.18514958024025,1009.6911617517471
4725,4.0,290.2495902478695,598.2692948579788
4726,4.0,290.4808746278286,248.41252925992012
4727,4.0,288.8373944312334,1340.3153107762337
4728,4.0,288.48162174224854,1225.4766739606857
4729,4.0,288.8848801627755,1133.1354606747627
4730,4.0,289.2279219031334,376.23791486024857
4731,4.0,288.66681283712387,238.3162216246128
4732,4.0,288.3329232931137,1196.4084306061268
4733,4.0,287.70371466875076,967.1635469347239
4734,4.0,287.6620566546917,51.92378806322813
4735,4.0,286.71666020154953,595.498977124691
4736,4.0,286.69329449534416,471.6299016177654
4737,4.0,286.28662768006325,1154.2518637478352
4738,4.0,285.6724056005478,1007.7739707529545
4739,4.0,286.2367410212755,946.2004768699408
4740,4.0,285.4879992008209,896.6034919917583
4741,4.0,285.606218457222,694.344339966774
4742,4.0,285.8558393418789,336.6695103943348
4743,4.0,285.2924827337265,1184.4688608646393
4744,4.0,284.61918291449547,653.3432449996471
4745,4.0,284.0193001665175,1326.9426817335188
4746,4.0,283.84954772889614,895.3168965578079
4747,4.0,284.4849237501621,646.5194172263145
4748,4.0,284.4180556535721,71.65677484869957
4749,4.0,283.40498173236847,475.4113245308399
4750,4.0,283.03252785280347,147.2522572875023
4751,4.0,283.3810510337353,64.23058466613293
4752,4.0,282.48155465722084,1368.5115276575089
4753,4.0,282.3046176433563,730.6782402098179
4754,4.0,280.9481701143086,1167.309274405241
4755,4.0,281.3277350664139,995.7484647929668
4756,4.0,281.43195021152496,966.616180986166
4757,4.0,281.2101931273937,720.5963105559349
4758,4.0,280.65036287903786,141.25058037042618
4759,4.0,279.7297820150852,616.2674163579941
4760,4.0,279.5057739317417,381.33091017603874
4761,4.0,279.54647648334503,158.88679532706738
4762,4.0,279.4524816572666,370.48031520843506
4763,4.0,279.4870621263981,320.59815764427185
4764,4.0,278.2330520302057,984.5871845781803
4765,4.0,277.9239468947053,128.09644056856632
4766,4.0,276.2005195468664,120.18329209089279
4767,4.0,276.41727808117867,105.42222756147385
4768,4.0,274.6409406065941,1374.632445216179
4769,4.0,275.41409453749657,711.5383556485176
4770,4.0,275.0560252331197,376.9089718684554
4771,4.0,274.83241833746433,367.6950067281723
4772,4.0,275.3341012299061,295.51717150211334
4773,4.0,274.04255640879273,1390.01677249372
4774,4.0,274.5225592851639,1176.375438630581
4775,4.0,273.5218076109886,1013.3289096951485
4776,4.0,273.5114814043045,968.2926613390446
4777,4.0,273.78613121807575,717.8726046383381
4778,4.0,273.4533214867115,1385.138661146164
4779,4.0,273.38073748350143,975.4690529108047
4780,4.0,273.1017951518297,288.60043850541115
4781,4.0,272.75397603213787,168.510060608387
4782,4.0,271.62836956977844,1331.4517654180527
4783,4.0,271.7529170960188,714.7716083675623
4784,4.0,271.56043568253517,616.463254660368
4785,4.0,272.50129717588425,68.33074823021889
4786,4.0,270.7564061284065,1325.9189612418413
4787,4.0,271.19992388784885,282.4001376628876
4788,4.0,269.8090184032917,706.1474479287863
4789,4.0,270.4777937531471,412.17157089710236
4790,4.0,270.5267689228058,98.64041206240654
4791,4.0,268.3440674841404,1352.506309479475
4792,4.0,267.72316870093346,1155.1624993234873
4793,4.0,267.59370416402817,1039.7780743092299
4794,4.0,267.6478534936905,1031.604147940874
4795,4.0,267.7850430905819,455.27760845422745
4796,4.0,267.81451530754566,183.29020476341248
4797,4.0,267.3773076534271,1133.3741488456726
4798,4.0,267.3179111778736,896.364947617054
4799,4.0,266.7431070804596,68.51146230101585
4800,4.0,265.5286500155926,1348.5255447030067
4801,4.0,265.6193517148495,1200.4599800109863
4802,4.0,266.1566236168146,1127.3085703253746
4803,4.0,266.45910772681236,977.2824422121048
4804,4.0,264.7842470705509,1328.735552161932
4805,4.0,265.22907741367817,1148.2705578804016
4806,4.0,265.4048552811146,407.5223126411438
4807,4.0,264.1282314360142,768.762229591608
4808,4.0,263.7391413450241,349.4395478069782
4809,4.0,264.49575555324554,283.33230182528496
4810,4.0,263.3713261783123,1343.5427640080452
4811,4.0,262.78358829021454,1210.803426116705
4812,4.0,263.0612996928394,972.9221014678478
4813,4.0,262.8522812575102,896.1577550768852
4814,4.0,261.6242960393429,716.5207832455635
4815,4.0,261.6553827524185,710.5161898732185
4816,4.0,262.31120878458023,126.93737290799618
4817,4.0,262.4360962808132,77.1986276358366
4818,4.0,261.21455854177475,1358.5171079337597
4819,4.0,261.38346776366234,1154.308427363634
4820,4.0,261.4546437263489,59.4777909219265
4821,4.0,260.3551926314831,279.555984377861
4822,4.0,259.60024812817574,52.14208760857582
4823,4.0,258.78984139859676,1206.2906727194786
4824,4.0,258.2958289384842,1213.4392580091953
4825,4.0,257.7575720101595,121.32729497551918
4826,4.0,258.1391032189131,92.72034218907356
4827,4.0,257.0854936540127,625.4731942415237
4828,4.0,255.65911704301834,1230.2473347485065
4829,4.0,254.54054754972458,1184.1298639178276
4830,4.0,254.9125418290496,1140.949782576412
4831,4.0,254.60948038101196,965.4941439628601
4832,4.0,255.28787764906883,204.40858897566795
4833,4.0,253.8510287553072,1168.9402525313199
4834,4.0,253.91808242350817,719.1308620274067
4835,4.0,252.84944877028465,766.1818256229162
4836,4.0,253.38700193166733,308.233618080616
4837,4.0,252.90910497307777,46.28469842672348
4838,4.0,251.64190021157265,1242.487965375185
4839,4.0,252.16923229396343,1169.0235275719315
4840,4.0,252.19313737750053,630.6687732636929
4841,4.0,252.15096385776997,347.84910130500793
4842,4.0,251.5168309211731,1174.5192509293556
4843,4.0,250.71243610978127,693.581411242485
4844,4.0,251.28380954265594,160.82743860781193
4845,4.0,251.49177944660187,41.46385055780411
4846,4.0,250.08522816747427,1257.9257724434137
4847,4.0,249.5644614994526,1158.7767892479897
4848,4.0,250.16518791019917,1121.1156515330076
4849,4.0,250.44520163536072,322.4263588488102
4850,4.0,248.6317471563816,1245.6535263061523
4851,4.0,249.28499177098274,1112.7816081643105
4852,4.0,248.77132089436054,335.72333028912544
4853,4.0,248.88197322934866,35.35068893432617
4854,4.0,248.52489763498306,771.42375472188
4855,4.0,247.86445170640945,725.728618055582
4856,4.0,247.62319734692574,441.52336087822914
4857,4.0,247.5654070675373,327.68638837337494
4858,4.0,247.68744400143623,179.40843135118484
4859,4.0,247.5265728533268,49.68502938747406
4860,4.0,246.65298640727997,1374.827897489071
4861,4.0,246.5578578710556,639.5064500570297
4862,4.0,247.23294366896152,44.49900180101395
4863,4.0,245.95519581064582,726.3406855463982
4864,4.0,246.2027266472578,4.402753829956055
4865,4.0,244.76183211803436,702.5997087359428
4866,4.0,244.66555228829384,699.0830499455333
4867,4.0,244.71851310133934,691.5677333474159
4868,4.0,244.3720528781414,1272.5908634066582
4869,4.0,244.2075717151165,320.3065006136894
4870,4.0,243.66012880206108,301.68715450167656
4871,4.0,244.366284430027,256.4927215576172
4872,4.0,242.59444957971573,1263.6721848547459
4873,4.0,242.56797632575035,767.1722016632557
4874,4.0,241.65738174319267,1280.6047444343567
4875,4.0,242.44524183869362,1223.51359552145
4876,4.0,241.59114003181458,237.22929756343365
4877,4.0,242.5052523612976,196.50793385505676
4878,4.0,241.74664759635925,172.19014684855938
4879,4.0,241.39617639780045,1380.5300032794476
4880,4.0,240.7600135654211,772.6010910868645
4881,4.0,241.16007088124752,647.7501992285252
4882,4.0,239.56479305028915,661.4501738846302
4883,4.0,240.39223882555962,305.6750485599041
4884,4.0,240.18336002528667,130.66500642895699
4885,4.0,240.12763826549053,123.37829440832138
4886,4.0,239.4916755259037,403.42096823453903
4887,4.0,239.3197562098503,139.48276108503342
4888,4.0,238.32249265909195,1116.7027803063393
4889,4.0,238.14262922108173,114.98937109578401
4890,4.0,238.09806157648563,96.8659171462059
4891,4.0,236.66296869516373,742.4748413264751
4892,4.0,237.38837856054306,64.17114345729351
4893,4.0,236.2265391945839,1388.2007692754269
4894,4.0,235.59184250235558,762.4472580552101
4895,4.0,235.79526552557945,757.5247131586075
4896,4.0,235.46080881357193,262.27066308259964
4897,4.0,236.19515155255795,178.35914820432663
4898,4.0,236.23473078012466,172.46399798989296
4899,4.0,234.82607328891754,684.8032801747322
4900,4.0,235.22596563398838,295.7393746674061
4901,4.0,235.35099658370018,199.59659186005592
4902,4.0,235.4879221022129,166.3947580754757
4903,4.0,234.55304670333862,1280.4317176640034
4904,4.0,234.24457466602325,655.4291125833988
4905,4.0,233.89756866544485,251.72236621379852
4906,4.0,234.15037266910076,159.49655735492706
4907,4.0,232.94037155807018,1291.15669593215
4908,4.0,232.83921332657337,1116.2830541729927
4909,4.0,233.23382519185543,108.76121507585049
4910,4.0,233.45851776003838,9.210672363638878
4911,4.0,232.3659636080265,728.8941025584936
4912,4.0,232.43027967214584,242.45297425985336
4913,4.0,231.58387610316277,181.74582341313362
4914,4.0,230.57733166217804,1242.112475477159
4915,4.0,230.67804530262947,758.7589086592197
4916,4.0,230.59874215722084,621.3785843551159
4917,4.0,231.35369446873665,266.4665952324867
4918,4.0,231.20135812461376,136.35017973184586
4919,4.0,230.67845606803894,119.35597601532936
4920,4.0,231.16448597609997,40.69814270734787
4921,4.0,230.14886464178562,1209.346818357706
4922,4.0,229.6298679113388,707.5502153337002
4923,4.0,229.7323183119297,673.7900474965572
4924,4.0,229.46472415328026,1304.593899935484
4925,4.0,229.42621219158173,680.5157825648785
4926,4.0,228.45435214042664,662.3825535178185
4927,4.0,228.1986502557993,1309.6669256985188
4928,4.0,227.60175916552544,278.5737275481224
4929,4.0,228.0517449453473,200.13796089589596
4930,4.0,227.59429815411568,37.65839210152626
4931,4.0,227.81944976747036,4.10861250013113
4932,4.0,227.46418312191963,1116.4147334992886
4933,4.0,227.33190616965294,1109.305611461401
4934,4.0,226.59384608268738,698.8020019829273
4935,4.0,227.29498168826103,640.314770013094
4936,4.0,226.78428764641285,208.8479668945074
4937,4.0,226.6274745464325,107.5495580136776
4938,4.0,227.35658386349678,77.70846971869469
4939,4.0,227.398501932621,19.278186202049255
4940,4.0,226.40833562612534,398.61343201994896
4941,4.0,225.18686643242836,684.3656587004662
4942,4.0,224.77716566622257,29.904803082346916
4943,4.0,223.83498767018318,708.2797999680042
4944,4.0,223.57280057668686,612.4651635885239
4945,4.0,222.70450839400291,619.3887183070183
4946,4.0,222.5357982814312,281.48271483182907
4947,4.0,222.7798149138689,211.54005578160286
4948,4.0,223.2393760085106,101.52867192029953
4949,4.0,222.57454472780228,38.63545295596123
4950,4.0,221.6157872378826,44.68200680613518
4951,4.0,220.7136246562004,1230.6056869029999
4952,4.0,220.55998376011848,1111.427385598421
4953,4.0,220.57800441980362,700.4689544141293
4954,4.0,220.33714601397514,599.650470584631
4955,4.0,218.74601677060127,1296.34706479311
4956,4.0,218.3929399251938,1147.4599890708923
4957,4.0,218.43644601106644,607.2655276954174
4958,4.0,217.54912906885147,1128.5487712919712
4959,4.0,217.39025887846947,719.4824378490448
4960,4.0,217.29614648222923,394.53765392303467
4961,4.0,216.5977567732334,288.78327214717865
4962,4.0,216.54193833470345,88.56925722956657
4963,4.0,215.62745785713196,726.2557911276817
4964,4.0,216.11663316190243,574.7315711081028
4965,4.0,216.20836049318314,566.2815239727497
4966,4.0,216.1295794248581,284.16732393205166
4967,4.0,215.08758628368378,1139.1956465542316
4968,4.0,214.6611948311329,409.31717416644096
4969,4.0,214.87596277147532,15.527645379304886
4970,4.0,213.62286818027496,1194.295753389597
4971,4.0,214.35912254452705,105.44366607069969
4972,4.0,213.31892484426498,593.2060696333647
4973,4.0,211.75407525897026,1298.8230259418488
4974,4.0,212.19163472950459,6.6815833151340485
4975,4.0,210.56659924983978,739.4052717983723
4976,4.0,211.44153341650963,714.8584893345833
4977,4.0,210.5567752122879,572.5481231212616
4978,4.0,210.6234820485115,424.25238916277885
4979,4.0,210.86658762395382,412.24670623242855
4980,4.0,210.78344798088074,78.66944852471352
4981,4.0,211.14548328518867,73.85446809232235
4982,4.0,210.45288476347923,218.12853035330772
4983,4.0,208.70240685343742,728.6858456730843
4984,4.0,208.68413090705872,415.8531825840473
4985,4.0,209.02538094110787,397.8335459679365
4986,4.0,206.65689650177956,662.8570786863565
4987,4.0,207.46795681118965,391.49495828151703
4988,4.0,207.22399640083313,214.56168311834335
4989,4.0,206.62452092766762,92.4882118999958
4990,4.0,206.42846471071243,646.6789775788784
4991,4.0,206.46990805864334,564.5458979308605
4992,4.0,206.09144025295973,427.81371034681797
4993,4.0,205.486811876297,745.386066287756
4994,4.0,204.6024859547615,651.5692090392113
4995,4.0,203.31460392475128,750.4682210981846
4996,4.0,202.17229521274567,1300.190025061369
4997,4.0,201.56812861561775,254.23413296043873
4998,4.0,201.31857401132584,1306.1578876972198
4999,4.0,200.53180584311485,716.265840113163
5000,4.0,200.73419046401978,620.7384895384312
5001,4.0,201.2701490521431,296.81318455934525
5002,4.0,200.3719510436058,898.5305367410183
5003,4.0,199.592399507761,325.2001204639673
5004,4.0,199.71026927232742,196.55298760533333
5005,4.0,199.0429337657988,1294.1038519591093
5006,4.0,198.5251224040985,1155.4184606075287
5007,4.0,199.47530961036682,422.7093376517296
5008,4.0,197.8042328953743,429.1758201122284
5009,4.0,198.2816887795925,389.32074853777885
5010,4.0,197.7536210268736,380.58859315514565
5011,4.0,197.12629233300686,1309.9215316325426
5012,4.0,197.2335464656353,341.1796060651541
5013,4.0,196.59475594758987,309.3453406393528
5014,4.0,196.34997609257698,721.758589848876
5015,4.0,195.97293212264776,623.8923641964793
5016,4.0,196.38265749812126,589.1768935024738
5017,4.0,195.74139767885208,572.5985949337482
5018,4.0,195.68865975737572,415.7301544249058
5019,4.0,196.47303527593613,360.57762199640274
5020,4.0,195.9452397748828,300.5026037096977
5021,4.0,196.45878839492798,291.523485571146
5022,4.0,195.18936648964882,204.44467589259148
5023,4.0,194.2435251325369,246.37730863690376
5024,4.0,193.55053681135178,220.44680833816528
5025,4.0,193.1182952299714,955.1740590780973
5026,4.0,192.91767586767673,233.98868863284588
5027,4.0,191.80909171700478,367.56253948807716
5028,4.0,190.66973623633385,622.5372251868248
5029,4.0,190.74487736821175,372.4373198747635
5030,4.0,191.58880519866943,342.42136120796204
5031,4.0,191.3494712114334,326.54802644252777
5032,4.0,189.54643392562866,766.4245593547821
5033,4.0,190.14234505593777,179.12292431294918
5034,4.0,189.47944962978363,1314.9009352102876
5035,4.0,188.74585250020027,1298.4861569702625
5036,4.0,189.32519295811653,598.8182166069746
5037,4.0,189.1829969137907,294.7204632759094
5038,4.0,188.41030153632164,633.4420022666454
5039,4.0,187.59448823332787,408.32554227113724
5040,4.0,187.43911209702492,1291.3943436443806
5041,4.0,187.12712973356247,217.2166998386383
5042,4.0,185.6842663884163,761.6054459512234
5043,4.0,185.62242576479912,658.4528476297855
5044,4.0,184.5096930861473,1312.437281012535
5045,4.0,184.5750773847103,1269.2916882038116
5046,4.0,185.41316574811935,595.4724820554256
5047,4.0,185.28888535499573,334.8721423894167
5048,4.0,184.75995491445065,172.60388734936714
5049,4.0,184.1306214183569,942.6972432434559
5050,4.0,184.4263640642166,253.63118094205856
5051,4.0,183.3659249842167,1302.5752475857735
5052,4.0,182.72297006845474,494.35812652111053
5053,4.0,183.0797075778246,242.94979507103562
5054,4.0,182.45452895760536,928.301510810852
5055,4.0,181.93362094461918,408.99875823641196
5056,4.0,180.7136342227459,402.4522900879383
5057,4.0,181.50711113214493,272.6045871376991
5058,4.0,180.1832925826311,1316.436467885971
5059,4.0,179.6543827354908,661.5313901305199
5060,4.0,180.05606225878,395.89416459947824
5061,4.0,180.1585535556078,335.8844646438956
5062,4.0,180.05308104678988,278.77524192631245
5063,4.0,178.5865567624569,932.7321474254131
5064,4.0,179.18977610766888,771.262847006321
5065,4.0,178.7633638381958,610.6006235480309
5066,4.0,179.46713981032372,326.6509752869606
5067,4.0,177.56868785619736,321.7462013065815
5068,4.0,178.4338403046131,256.6137464046478
5069,4.0,176.86735944449902,413.10714929550886
5070,4.0,176.48953115940094,268.36413845419884
5071,4.0,175.86627818644047,673.8176603168249
5072,4.0,176.03694916516542,278.2972012460232
5073,4.0,175.53270345926285,273.2101047337055
5074,4.0,175.42613247036934,1161.696282953024
5075,4.0,174.93201229721308,964.133847028017
5076,4.0,174.70195525884628,244.71340081095695
5077,4.0,175.0817053169012,232.97523043304682
5078,4.0,174.17377065122128,1255.5471034646034
5079,4.0,173.75143258273602,1218.490159869194
5080,4.0,174.48699370026588,498.48842892050743
5081,4.0,174.28376868367195,408.45198890566826
5082,4.0,173.75637955963612,310.43820881843567
5083,4.0,174.36778256297112,172.3463106751442
5084,4.0,172.63792636990547,992.547366142273
5085,4.0,172.56168648600578,292.6181109547615
5086,4.0,172.34254604578018,363.6648725569248
5087,4.0,172.05795799940825,356.871112793684
5088,4.0,171.48034730553627,1193.7565873116255
5089,4.0,171.20875246822834,894.4047320485115
5090,4.0,170.09100383520126,977.2856815159321
5091,4.0,170.27921825647354,678.5768021047115
5092,4.0,170.3575157225132,614.4525514543056
5093,4.0,169.60761493444443,416.22059996426105
5094,4.0,170.238195002079,254.72907450795174
5095,4.0,168.55403253436089,629.5412700176239
5096,4.0,169.4659837782383,427.4598192870617
5097,4.0,168.58086958527565,274.51528185606
5098,4.0,167.47030434012413,956.3852918148041
5099,4.0,166.52408811450005,907.4113034904003
5100,4.0,166.32422962784767,636.519554823637
5101,4.0,165.52567547559738,312.72251880168915
5102,4.0,166.3581629395485,242.90552719682455
5103,4.0,164.5458406805992,1241.5010458827019
5104,4.0,165.36432987451553,949.5173892974854
5105,4.0,165.2830666899681,301.2486332207918
5106,4.0,164.4830423593521,194.48254027962685
5107,4.0,163.8186483681202,1250.7825995236635
5108,4.0,164.19215354323387,940.9093929305673
5109,4.0,163.7545230090618,202.64618942141533
5110,4.0,162.4085070192814,1165.557993710041
5111,4.0,162.46519875526428,681.4096847176552
5112,4.0,161.25757512450218,640.5073081851006
5113,4.0,161.49576526880264,634.5070172250271
5114,4.0,160.48120087385178,888.5374367535114
5115,4.0,160.43745329976082,264.46700954437256
5116,4.0,159.61299338936806,251.71647414565086
5117,4.0,159.40691843628883,944.4765840470791
5118,4.0,159.4910991191864,898.6805235147476
5119,4.0,159.30667766928673,344.3001915514469
5120,4.0,158.52084481716156,227.61949276924133
5121,4.0,157.6987608373165,1210.561224102974
5122,4.0,157.62098294496536,509.22359742224216
5123,4.0,158.27044159173965,504.8253847658634
5124,4.0,158.045027166605,370.7180097401142
5125,4.0,158.31823462247849,351.5570848584175
5126,4.0,156.50131344795227,1221.3828392326832
5127,4.0,156.70967623591423,626.4962058365345
5128,4.0,156.22085352241993,1346.6303498446941
5129,4.0,156.1989632099867,292.50880470871925
5130,4.0,156.36157661676407,204.51326674222946
5131,4.0,154.83223351836205,904.4513473808765
5132,4.0,154.72915199398994,256.522472679615
5133,4.0,154.56120681762695,250.57695508003235
5134,4.0,153.59006467461586,1205.5652930736542
5135,4.0,153.3071664273739,1362.207037433982
5136,4.0,152.6631346642971,1336.6177312135696
5137,4.0,152.68512099981308,1188.6009140610695
5138,4.0,153.21971361339092,346.8013609945774
5139,4.0,152.38398459553719,888.607725828886
5140,4.0,151.68023440241814,798.7653561234474
5141,4.0,152.35498669743538,378.4689784348011
5142,4.0,151.59675601124763,171.64042443037033
5143,4.0,151.30466532707214,1234.4882408976555
5144,4.0,151.51703268289566,1165.611359089613
5145,4.0,151.38077455759048,669.7271240055561
5146,4.0,150.5724384188652,265.7043152153492
5147,4.0,150.4143554866314,1211.554536908865
5148,4.0,150.22278001904488,902.6414520442486
5149,4.0,149.97990220226347,891.2517762184143
5150,4.0,149.59291541576385,349.74538776278496
5151,4.0,148.64778298139572,1225.3253737390041
5152,4.0,148.47600209712982,1197.352980852127
5153,4.0,147.72530522942543,526.6137295365334
5154,4.0,147.8906451240182,166.3361333310604
5155,4.0,146.65545573830605,1191.226475223899
5156,4.0,147.34451833367348,898.3994889259338
5157,4.0,145.75906141102314,1174.2481113374233
5158,4.0,145.9096411690116,508.0386336669326
5159,4.0,146.37560564279556,356.4740949869156
5160,4.0,146.03921918943524,236.37331765890121
5161,4.0,144.57684165239334,495.6800180673599
5162,4.0,145.51431077718735,490.62751922011375
5163,4.0,145.3702489733696,241.4377862215042
5164,4.0,144.023866917938,1315.8642366677523
5165,4.0,143.6252462863922,1236.5867357254028
5166,4.0,143.6084681749344,807.6144786775112
5167,4.0,144.36209374666214,380.4242608845234
5168,4.0,143.44592487812042,1365.7492672204971
5169,4.0,143.41848987340927,800.5764494240284
5170,4.0,143.29414743185043,524.3239124119282
5171,4.0,143.43091389536858,521.595385402441
5172,4.0,142.36493077874184,865.8813178688288
5173,4.0,142.31204849481583,273.53415524959564
5174,4.0,140.69602039456367,1329.366494268179
5175,4.0,140.74558278918266,164.01925329118967
5176,4.0,139.63350003957748,850.5247085094452
5177,4.0,139.3052917122841,1369.3029391467571
5178,4.0,138.76174846291542,892.3099578619003
5179,4.0,139.28268265724182,180.70723015069962
5180,4.0,137.64079263806343,1319.733664661646
5181,4.0,138.48609319329262,172.4418039917946
5182,4.0,136.68377977609634,830.4203982055187
5183,4.0,136.8935135230422,794.264897018671
5184,4.0,137.30963444709778,382.4647790789604
5185,4.0,135.76796561479568,1387.7957703471184
5186,4.0,135.70177766680717,1309.5211644768715
5187,4.0,136.20014068484306,801.6704536378384
5188,4.0,135.47514641284943,531.6420196294785
5189,4.0,135.75104285776615,253.20817260444164
5190,4.0,135.4044869542122,964.8132563382387
5191,4.0,135.25571516156197,233.08496515452862
5192,4.0,133.64256006479263,1165.605217128992
5193,4.0,134.03276865556836,786.8457901328802
5194,4.0,132.49319446086884,877.3331144452095
5195,4.0,132.98330487310886,817.0973833724856
5196,4.0,132.46503990888596,1367.624760210514
5197,4.0,131.60220900177956,286.35199707746506
5198,4.0,131.6083815395832,115.65133085846901
5199,4.0,131.32953742146492,799.5367671847343
5200,4.0,130.5691414475441,362.61292773485184
5201,4.0,129.5219959616661,538.5716471374035
5202,4.0,129.27838760614395,828.81124804914
5203,4.0,129.27666091918945,792.3172274529934
5204,4.0,128.7096419930458,531.1586346626282
5205,4.0,128.71715727448463,391.3270650804043
5206,4.0,127.55564570426941,1308.0971715003252
5207,4.0,127.50619277358055,221.697207570076
5208,4.0,127.55951619148254,1311.5048961043358
5209,4.0,127.25016385316849,254.67155289649963
5210,4.0,126.37187096476555,953.3870284557343
5211,4.0,126.27834430336952,536.4562263190746
5212,4.0,124.91825894266367,179.33407121896744
5213,4.0,124.46103405952454,881.5939759612083
5214,4.0,124.0566380880773,550.937227845192
5215,4.0,122.71482127904892,970.1232725083828
5216,4.0,123.18242026865482,916.3525755405426
5217,4.0,122.73348221182823,875.5841000676155
5218,4.0,123.30281826853752,858.7977524250746
5219,4.0,123.39603272080421,833.0627658888698
5220,4.0,123.22219540178776,800.9198728948832
5221,4.0,122.28258764743805,1210.8879300355911
5222,4.0,122.46598860621452,245.27160906791687
5223,4.0,120.57735449075699,819.5454792678356
5224,4.0,121.25662964582443,814.1891388446093
5225,4.0,120.54616555571556,561.5057110488415
5226,4.0,120.59728211164474,541.6033813357353
5227,4.0,121.36391341686249,443.83240270614624
5228,4.0,119.63429579138756,976.3821683228016
5229,4.0,120.36759322881699,790.2720738649368
5230,4.0,120.41064357757568,423.61138051748276
5231,4.0,119.08606031537056,394.8648066818714
5232,4.0,118.67472976446152,282.70945206284523
5233,4.0,119.53434544801712,257.42577561736107
5234,4.0,117.72905313968658,968.029117424041
5235,4.0,117.72918385267258,829.5287995040417
5236,4.0,118.25446087121964,511.45971152186394
5237,4.0,118.21165090799332,296.3131310939789
5238,4.0,117.17090204358101,1197.5205482840538
5239,4.0,117.4998873770237,991.4094562828541
5240,4.0,116.70372638106346,925.4067806005478
5241,4.0,117.29551661014557,875.2937516570091
5242,4.0,116.7150074839592,489.8339564651251
5243,4.0,116.53852808475494,384.6677935421467
5244,4.0,116.64255359768867,131.44323313236237
5245,4.0,116.4840694963932,1305.2951114177704
5246,4.0,116.27413383126259,1203.5132043361664
5247,4.0,116.26802894473076,573.3330355286598
5248,4.0,116.3849264383316,434.46424371004105
5249,4.0,114.89228785037994,976.0759802684188
5250,4.0,115.4201420545578,952.6032820940018
5251,4.0,114.76490961015224,183.29320260882378
5252,4.0,113.70309492945671,1183.3149185478687
5253,4.0,113.60561916232109,870.5481796264648
5254,4.0,114.38942855596542,551.5804925560951
5255,4.0,113.40697580575943,1224.3491535186768
5256,4.0,112.76761841773987,599.5755301713943
5257,4.0,112.60818460583687,542.5548353791237
5258,4.0,112.4018304347992,922.6391000449657
5259,4.0,111.90057191252708,909.3834776580334
5260,4.0,112.23498222231865,483.63961881399155
5261,4.0,111.68709188699722,279.3562239408493
5262,4.0,112.26448759436607,144.51230615377426
5263,4.0,112.50503867864609,129.2738424539566
5264,4.0,110.61967951059341,1329.5791946649551
5265,4.0,111.2596892118454,899.3950191140175
5266,4.0,110.93439412117004,868.235006287694
5267,4.0,110.48236882686615,437.6013835668564
5268,4.0,110.74404540657997,289.3349705040455
5269,4.0,110.26674211025238,1308.300850957632
5270,4.0,110.25122854113579,233.805331453681
5271,4.0,109.19334451854229,1304.8288704454899
5272,4.0,109.3902059495449,833.516817688942
5273,4.0,107.64912143349648,849.5725046098232
5274,4.0,108.24469284713268,579.5609473884106
5275,4.0,108.12614092230797,402.0365829654038
5276,4.0,107.15753169357777,1219.146659269929
5277,4.0,107.2128936201334,927.1506727784872
5278,4.0,106.92402359843254,740.4720655083656
5279,4.0,106.85366022586823,491.89579859375954
5280,4.0,106.61633670330048,180.56424117088318
5281,4.0,103.71691519021988,1313.2667924165726
5282,4.0,104.1758516728878,1004.303698182106
5283,4.0,103.6128408908844,240.44136106967926
5284,4.0,103.54588973522186,107.24732506275177
5285,4.0,102.9457534328103,1221.1708060353994
5286,4.0,103.40786108374596,934.4208351969719
5287,4.0,102.76335549354553,847.302002876997
5288,4.0,102.84765121340752,186.81767284870148
5289,4.0,102.41891252994537,369.40301635861397
5290,4.0,102.14998672902584,243.77789513766766
5291,4.0,101.29770651459694,942.4965156316757
5292,4.0,101.48981618881226,568.6308097243309
5293,4.0,100.3761075437069,1364.7687669545412
5294,4.0,99.75456760823727,1356.7255831360817
5295,4.0,99.79616115987301,310.7015041410923
5296,4.0,99.5772453546524,121.27608731389046
5297,4.0,98.84331366419792,839.5214774608612
5298,4.0,98.60003596544266,139.31681075692177
5299,4.0,98.59728944301605,109.92080803960562
5300,4.0,98.09399423003197,1390.0717987567186
5301,4.0,98.32755744457245,1337.3467659950256
5302,4.0,98.35354074835777,1000.4040892422199
5303,4.0,98.50820851325989,291.41764837503433
5304,4.0,98.4513387978077,178.5156360566616
5305,4.0,97.44032749533653,1350.5189037322998
5306,4.0,97.33937209844589,944.6113857328892
5307,4.0,96.78261460363865,500.3290048837662
5308,4.0,96.48205217719078,1177.2781956791878
5309,4.0,96.43483057618141,1012.4476996064186
5310,4.0,96.26384109258652,707.4954542517662
5311,4.0,94.49403774738312,1320.2825776040554
5312,4.0,95.32648006081581,241.3680992424488
5313,4.0,95.0367764942348,227.93267031759024
5314,4.0,93.72864586114883,1371.6606933176517
5315,4.0,93.5279521048069,1312.8094161748886
5316,4.0,94.03563578054309,295.48761931061745
5317,4.0,94.27262541651726,235.49242624640465
5318,4.0,94.16881963610649,150.58038690686226
5319,4.0,92.6367956995964,1386.2045430243015
5320,4.0,93.03685349971056,1358.2615205347538
5321,4.0,93.11926284432411,693.0993116050959
5322,4.0,92.42474412918091,1216.3736294806004
5323,4.0,91.72644752264023,117.58362767100334
5324,4.0,90.69181960821152,1105.319559365511
5325,4.0,91.13664026558399,859.4901738762856
5326,4.0,89.69479358196259,1184.3770612478256
5327,4.0,90.33150812983513,705.581277012825
5328,4.0,89.84489454329014,225.24609680473804
5329,4.0,90.08518236130476,112.14023013412952
5330,4.0,89.1428529471159,1200.7462812066078
5331,4.0,89.56857401132584,1170.6195665597916
5332,4.0,89.12407335639,838.564104706049
5333,4.0,89.3847670853138,829.8640928566456
5334,4.0,89.45396104454994,539.3047035932541
5335,4.0,89.12314610928297,502.817541629076
5336,4.0,89.25434991717339,441.1696520447731
5337,4.0,87.6215418279171,1388.3695296645164
5338,4.0,87.55800831317902,1094.2701171934605
5339,4.0,87.91404738277197,1006.7756258398294
5340,4.0,86.60230818390846,697.411004960537
5341,4.0,87.46823394298553,511.59172028303146
5342,4.0,86.93469136208296,431.2777339220047
5343,4.0,85.73148801922798,447.36673122644424
5344,4.0,84.6451253592968,1165.3983151316643
5345,4.0,84.55988717079163,1108.7975187003613
5346,4.0,84.49782454967499,522.4611868560314
5347,4.0,84.40394213795662,1101.0958476141095
5348,4.0,84.4646877348423,987.4563122987747
5349,4.0,83.64582571387291,496.3323018848896
5350,4.0,83.67655497789383,219.47311475872993
5351,4.0,83.07584775239229,984.1639946699142
5352,4.0,81.94683432206511,1167.111134454608
5353,4.0,81.73457053303719,971.6295813322067
5354,4.0,81.71432512998581,702.6016485095024
5355,4.0,81.52757149934769,961.619777828455
5356,4.0,80.70132222771645,195.41551885008812
5357,4.0,81.16295002400875,154.2127583771944
5358,4.0,81.31072035431862,105.54361349344254
5359,4.0,80.22824680805206,518.6661484837532
5360,4.0,78.71651574969292,1160.840967476368
5361,4.0,79.39680847525597,1007.5347870290279
5362,4.0,79.2092395722866,830.5494863986969
5363,4.0,79.40620014071465,524.7728728801012
5364,4.0,78.71882569789886,488.5614286661148
5365,4.0,79.20881043374538,214.92429485172033
5366,4.0,77.69531583786011,439.3992838561535
5367,4.0,78.1669711470604,222.6705358028412
5368,4.0,77.42342260479927,394.2492829859257
5369,4.0,76.59803602099419,83.68535938858986
5370,4.0,75.57125762104988,380.4300906062126
5371,4.0,75.52867060899734,207.44153568148613
5372,4.0,74.68702864646912,1212.76333796978
5373,4.0,75.3983142375946,1159.5418103039265
5374,4.0,74.63602787256241,1113.740813165903
5375,4.0,74.64930045604706,1091.575044363737
5376,4.0,74.73934185504913,1000.3747311532497
5377,4.0,74.59608125686646,960.4479585587978
5378,4.0,74.47199529409409,992.3814001381397
5379,4.0,73.56471344828606,828.5331639051437
5380,4.0,73.85007879137993,823.3957086205482
5381,4.0,74.45115086436272,703.5122080147266
5382,4.0,73.8686086833477,401.17013515532017
5383,4.0,74.343466848135,354.53863778710365
5384,4.0,74.1774497628212,146.18295662105083
5385,4.0,72.82691599428654,527.4119955301285
5386,4.0,72.53760415315628,434.27119848132133
5387,4.0,72.47526878118515,349.93766525387764
5388,4.0,73.2418108433485,177.3001925945282
5389,4.0,73.15217107534409,120.56919613480568
5390,4.0,71.9202853962779,422.0886201187968
5391,4.0,71.5300734937191,131.5225740969181
5392,4.0,70.66060045361519,988.4512006342411
5393,4.0,71.43210998177528,188.32100254297256
5394,4.0,71.44787740707397,65.66586998105049
5395,4.0,70.42084738612175,1206.6252709925175
5396,4.0,70.04369628801942,680.9329516142607
5397,4.0,70.35279908776283,534.6797633767128
5398,4.0,70.26861399412155,373.3395920395851
5399,4.0,70.41269454360008,60.82732017338276
5400,4.0,69.41272276639938,1186.4177406132221
5401,4.0,69.51581209897995,964.4694092273712
5402,4.0,69.2839692234993,702.7973299473524
5403,4.0,69.24877718091011,427.67996883392334
5404,4.0,68.37560513615608,675.3631534874439
5405,4.0,67.62849798798561,135.8891485631466
5406,4.0,68.22128616273403,49.7898234128952
5407,4.0,67.47448763251305,998.3279933929443
5408,4.0,67.17946563661098,419.4990063905716
5409,4.0,67.2990588247776,166.32752487063408
5410,4.0,65.59144586324692,1193.0826760604978
5411,4.0,65.69159260392189,1123.5498574078083
5412,4.0,65.60871034860611,180.5210609138012
5413,4.0,65.46763297915459,1183.3370237648487
5414,4.0,64.49731826782227,1157.4144903123379
5415,4.0,65.4192726612091,1143.8303104639053
5416,4.0,65.35609564185143,1129.2038901746273
5417,4.0,65.50656753778458,961.226890578866
5418,4.0,64.83250008523464,366.4635128378868
5419,4.0,65.36571249365807,347.81421335041523
5420,4.0,63.66492232680321,699.6401946544647
5421,4.0,64.4097329378128,337.77444446086884
5422,4.0,62.716728657484055,1198.6455796658993
5423,4.0,62.835046246647835,429.6604069173336
5424,4.0,63.302329301834106,170.6133351624012
5425,4.0,61.55822592973709,1151.7069306373596
5426,4.0,62.32010531425476,125.39672020077705
5427,4.0,60.60797470808029,668.545468211174
5428,4.0,61.283487647771835,422.31130543351173
5429,4.0,59.802063301205635,1178.1647643595934
5430,4.0,59.72755256295204,535.0697255879641
5431,4.0,59.748382925987244,368.01397344097495
5432,4.0,60.30019158124924,53.29136875271797
5433,4.0,59.59465166926384,21.537312388420105
5434,4.0,59.23871183395386,362.4771728515625
5435,4.0,58.67388558387756,122.1916656345129
5436,4.0,58.79301765561104,30.262227177619934
5437,4.0,58.23528932034969,1167.7190613746643
5438,4.0,56.69859540462494,1184.4466474354267
5439,4.0,57.205892622470856,1140.1161689534783
5440,4.0,56.58201491832733,358.61717134714127
5441,4.0,56.30443385243416,349.3430143594742
5442,4.0,54.541947424411774,154.357984572649
5443,4.0,53.50900721549988,532.3470537960529
5444,4.0,53.435476541519165,130.60645273327827
5445,4.0,52.26421403884888,362.46417877078056
5446,4.0,51.55088624358177,163.64786502718925
5447,4.0,50.62254360318184,548.4774732589722
5448,4.0,50.602026015520096,19.512635827064514
5449,4.0,47.74274584650993,1131.3760161399841
5450,4.0,46.859218657016754,692.8729091137648
5451,4.0,45.84149983525276,164.52863258123398
5452,4.0,43.548706352710724,350.4178664982319
5453,4.0,42.7528725117445,1095.6679582893848
5454,4.0,42.56910118460655,357.408702224493
5455,4.0,42.675219625234604,69.59023743867874
5456,4.0,42.44743826985359,28.4751278758049
5457,4.0,42.483627647161484,19.176320418715477
5458,4.0,41.21177959442139,654.193354010582
5459,4.0,40.66096040606499,111.53251573443413
5460,4.0,40.446636110544205,1119.5000200271606
5461,4.0,40.48665550351143,165.38900354504585
5462,4.0,37.67959141731262,629.5897163450718
5463,4.0,37.376136749982834,1091.307796895504
5464,4.0,35.86341464519501,1096.2952863872051
5465,4.0,36.29787641763687,656.5158992409706
5466,4.0,34.7671655267477,625.486044883728
5467,4.0,35.371126890182495,118.49639359116554
5468,4.0,35.51402574777603,43.37430876493454
5469,4.0,34.399180203676224,637.4595937728882
5470,4.0,32.66271820664406,1114.6240987479687
5471,4.0,32.55968168377876,702.2267245799303
5472,4.0,32.3570631146431,955.394196242094
5473,4.0,32.48406729102135,632.7131040692329
5474,4.0,32.06826639175415,19.093405909836292
5475,4.0,28.530487805604935,1104.3889245092869
5476,4.0,29.321213513612747,1094.5427858233452
5477,4.0,28.629533231258392,622.5271785259247
5478,4.0,29.191966339945793,155.7297882437706
5479,4.0,28.79230846464634,81.31702575087547
5480,4.0,28.7180095911026,57.2726756632328
5481,4.0,26.02987478673458,115.03570714592934
5482,4.0,26.22088760137558,110.35303542017937
5483,4.0,26.375413566827774,23.501784771680832
5484,4.0,23.519025087356567,62.39523983001709
5485,4.0,21.92233294248581,77.14387431740761
5486,4.0,20.322229653596878,112.52193111181259
5487,4.0,19.146753251552582,686.5561482608318
5488,4.0,16.842960014939308,718.6925790011883
5489,4.0,13.078360505402088,635.1469275504351
5490,4.0,11.492664098739624,622.2492211014032
5491,4.0,10.362044036388397,710.4224611222744
5492,4.0,9.630482643842697,650.537656545639
5493,4.0,10.240400061011314,630.6460283398628
5494,4.0,8.596047401428223,701.4478269517422
5495,4.0,8.456019312143326,687.2165326923132
5496,4.0,7.749433159828186,670.5844720304012
5497,4.0,6.136876791715622,706.5017102956772
5498,4.0,5.294808506965637,644.4339714348316
5499,4.0,4.274584382772446,695.336745262146
5500,4.0,4.518720388412476,665.39324888587
5501,4.0,1.4897752404212952,677.5767789185047
5502,4.0,2.0561390705406666,669.1103982776403
