channel,y,x
0,14,672
0,31,700
0,64,672
0,2,686
0,1,678
0,57,683
0,66,700
0,27,617
0,32,619
0,4,643
0,34,629
0,90,699
0,10,673
0,36,693
0,57,668
0,35,649
0,28,690
0,18,715
0,80,692
0,47,685
0,61,674
0,14,680
0,19,664
0,12,701
0,33,618
0,45,663
0,71,684
0,37,686
0,119,984
0,72,990
0,122,950
0,114,912
0,92,960
0,88,1007
0,70,961
0,88,1008
0,77,965
0,80,1009
0,100,949
0,123,920
0,96,1012
0,110,935
0,68,988
0,72,991
0,98,943
0,84,955
0,117,982
0,125,939
0,101,979
0,89,971
0,134,942
0,73,91
0,82,138
0,75,126
0,90,122
0,84,152
0,61,75
0,88,137
0,88,146
0,71,72
0,48,70
0,76,77
0,98,146
0,84,125
0,37,23
0,88,109
0,65,88
0,58,71
0,24,35
0,80,148
0,32,83
0,31,100
0,79,110
0,45,48
0,86,109
0,46,91
0,36,61
0,47,122
0,77,108
0,45,64
0,58,91
0,34,15
0,44,82
0,53,85
0,87,142
0,30,38
0,90,119
0,34,98
0,38,45
0,47,35
0,100,1207
0,65,1188
0,103,1199
0,101,1223
0,67,1112
0,59,1173
0,66,1174
0,104,1178
0,109,1176
0,71,1166
0,50,1100
0,33,1111
0,90,1222
0,107,1216
0,32,1101
0,84,1102
0,101,1191
0,55,1115
0,35,1104
0,96,1214
0,29,1115
0,21,1107
0,79,1116
0,69,1183
0,75,1203
0,79,1159
0,56,1155
0,53,1122
0,91,1219
0,108,1199
0,74,1185
0,71,1211
0,81,1102
0,107,1178
0,114,196
0,133,175
0,96,247
0,75,178
0,141,227
0,151,181
0,155,172
0,172,192
0,148,168
0,128,221
0,192,189
0,146,230
0,160,194
0,185,242
0,128,177
0,191,202
0,150,215
0,176,209
0,154,187
0,91,180
0,184,219
0,44,152
0,80,174
0,104,208
0,192,230
0,190,237
0,172,196
0,93,174
0,192,192
0,178,195
0,188,199
0,133,218
0,102,187
0,94,244
0,185,212
0,99,183
0,137,226
0,165,178
0,169,209
0,147,249
0,40,157
0,130,212
0,56,156
0,173,218
0,34,154
0,148,187
0,78,191
0,194,183
0,89,390
0,152,351
0,172,359
0,61,344
0,75,356
0,109,401
0,82,356
0,72,370
0,72,351
0,111,434
0,84,428
0,68,425
0,63,353
0,103,400
0,52,364
0,115,442
0,97,397
0,80,421
0,66,336
0,129,372
0,135,361
0,131,391
0,104,402
0,161,359
0,125,379
0,90,403
0,118,427
0,139,379
0,126,360
0,113,433
0,124,366
0,82,384
0,63,354
0,114,425
0,104,433
0,85,370
0,101,402
0,100,407
0,127,495
0,130,486
0,71,531
0,91,559
0,150,520
0,62,546
0,106,569
0,102,574
0,53,533
0,133,535
0,51,549
0,62,537
0,108,590
0,145,513
0,126,531
0,91,533
0,126,540
0,164,508
0,96,502
0,144,527
0,117,553
0,78,552
0,102,503
0,72,533
0,85,506
0,119,504
0,91,497
0,113,598
0,63,534
0,115,593
0,119,548
0,90,551
0,128,821
0,145,873
0,143,900
0,130,849
0,135,883
0,143,810
0,179,960
0,139,805
0,144,801
0,71,822
0,134,886
0,172,991
0,92,833
0,177,951
0,137,875
0,168,939
0,123,807
0,168,925
0,149,920
0,126,793
0,167,926
0,112,850
0,118,847
0,130,872
0,99,833
0,148,889
0,122,802
0,132,825
0,160,905
0,63,823
0,111,835
0,118,870
0,170,939
0,146,1333
0,113,1387
0,139,1349
0,158,1336
0,138,1354
0,128,1342
0,116,1359
0,94,1379
0,106,1389
0,115,1346
0,122,1305
0,142,1326
0,139,1348
0,134,1348
0,122,1338
0,137,1340
0,101,1331
0,160,1357
0,130,1356
0,136,1311
0,137,1390
0,109,1354
0,110,1381
0,140,1359
0,136,1391
0,110,1345
0,110,1369
0,117,292
0,191,410
0,166,256
0,119,257
0,173,296
0,191,408
0,170,414
0,194,385
0,207,398
0,152,289
0,124,257
0,171,309
0,202,394
0,182,318
0,195,379
0,202,415
0,185,405
0,100,310
0,211,421
0,121,287
0,217,403
0,180,253
0,207,391
0,173,323
0,147,276
0,194,410
0,172,311
0,248,409
0,190,347
0,113,296
0,124,274
0,190,394
0,205,384
0,192,366
0,214,401
0,185,337
0,223,405
0,192,407
0,199,306
0,214,419
0,196,397
0,166,1240
0,181,1248
0,256,1165
0,191,1168
0,172,1163
0,140,1169
0,180,1268
0,171,1256
0,262,1210
0,224,1137
0,170,1222
0,240,1226
0,226,1217
0,221,1248
0,231,1155
0,229,1194
0,177,1202
0,222,1194
0,262,1216
0,195,1242
0,239,1159
0,173,1223
0,242,1256
0,189,1224
0,220,1303
0,155,1173
0,179,1237
0,269,1146
0,204,1238
0,249,1219
0,254,1231
0,183,1180
0,267,1138
0,210,1301
0,175,1185
0,180,1166
0,156,1232
0,177,1273
0,232,1149
0,152,1193
0,224,1264
0,258,1157
0,248,1138
0,235,1211
0,221,1189
0,261,1123
0,195,1264
0,196,1256
0,227,1171
0,231,1110
0,218,1157
0,197,1201
0,235,1275
0,260,1214
0,247,1233
0,177,1258
0,210,1221
0,262,1159
0,243,1139
0,187,1259
0,226,1262
0,230,1295
0,212,1163
0,230,1125
0,214,1228
0,216,1275
0,236,1271
0,176,1249
0,225,1168
0,191,1211
0,182,1209
0,162,1211
0,187,1159
0,187,1264
0,149,1189
0,159,1231
0,246,1236
0,177,1181
0,139,1161
0,229,1177
0,218,1286
0,248,1172
0,180,1262
0,258,1131
0,239,1247
0,210,1165
0,152,1247
0,178,1163
0,225,1165
0,198,639
0,181,597
0,184,635
0,217,586
0,195,580
0,163,625
0,193,634
0,164,668
0,222,631
0,157,653
0,168,664
0,170,638
0,205,634
0,215,638
0,219,620
0,207,592
0,173,649
0,211,610
0,195,658
0,166,656
0,210,641
0,195,583
0,177,679
0,163,672
0,189,601
0,173,671
0,158,628
0,222,632
0,259,632
0,302,621
0,278,696
0,271,654
0,296,576
0,281,695
0,281,605
0,308,687
0,198,728
0,258,684
0,293,651
0,194,750
0,259,659
0,265,646
0,297,584
0,299,639
0,193,754
0,289,630
0,288,658
0,302,636
0,285,687
0,314,603
0,269,622
0,291,588
0,300,657
0,269,679
0,251,703
0,327,699
0,304,688
0,203,729
0,274,697
0,299,626
0,204,727
0,276,659
0,274,654
0,254,645
0,265,633
0,314,625
0,283,637
0,303,637
0,306,581
0,306,618
0,253,646
0,302,644
0,265,642
0,309,622
0,287,696
0,306,700
0,241,5
0,363,25
0,295,50
0,229,19
0,259,12
0,324,11
0,252,13
0,265,63
0,325,18
0,320,10
0,218,16
0,220,14
0,283,19
0,221,12
0,218,10
0,276,62
0,277,46
0,327,10
0,229,31
0,293,41
0,268,56
0,248,12
0,225,31
0,276,59
0,326,2
0,219,7
0,250,4
0,252,12
0,268,72
0,255,0
0,251,45
0,367,23
0,258,164
0,272,129
0,207,95
0,235,92
0,270,101
0,235,189
0,253,198
0,264,163
0,230,110
0,256,134
0,211,96
0,281,135
0,230,89
0,249,168
0,236,198
0,241,114
0,262,188
0,254,203
0,254,202
0,247,132
0,256,157
0,208,68
0,247,116
0,232,202
0,262,101
0,256,179
0,282,147
0,258,167
0,282,129
0,261,160
0,271,111
0,262,129
0,272,130
0,260,100
0,258,144
0,257,346
0,214,288
0,327,335
0,315,366
0,281,319
0,255,295
0,287,308
0,254,317
0,260,291
0,291,308
0,257,310
0,243,251
0,258,316
0,285,349
0,241,287
0,248,330
0,243,282
0,286,323
0,233,271
0,229,253
0,305,353
0,214,281
0,263,282
0,220,287
0,341,326
0,248,293
0,300,314
0,299,306
0,250,337
0,328,336
0,225,288
0,265,332
0,287,353
0,297,278
0,325,363
0,297,339
0,285,310
0,242,270
0,287,317
0,259,327
0,322,355
0,248,316
0,226,270
0,248,326
0,303,714
0,250,719
0,298,722
0,287,753
0,262,710
0,303,707
0,318,715
0,266,762
0,257,739
0,317,710
0,250,725
0,235,736
0,313,702
0,237,743
0,287,722
0,242,745
0,281,747
0,310,704
0,235,755
0,287,710
0,290,717
0,235,764
0,248,737
0,262,740
0,284,747
0,332,1261
0,329,1294
0,386,1323
0,315,1303
0,292,1358
0,311,1357
0,362,1263
0,324,1357
0,345,1268
0,276,1345
0,357,1282
0,270,1361
0,385,1291
0,330,1260
0,377,1261
0,300,1315
0,282,1372
0,283,1341
0,380,1269
0,361,1264
0,279,1362
0,345,1293
0,274,1353
0,270,1387
0,352,1310
0,372,1264
0,393,1284
0,297,1353
0,346,1245
0,326,1334
0,350,1242
0,359,1286
0,386,1322
0,291,1341
0,320,1337
0,260,1353
0,353,1271
0,315,1298
0,280,1362
0,320,1329
0,299,1303
0,275,1360
0,287,1330
0,264,1328
0,358,1273
0,349,1275
0,243,1388
0,341,1260
0,371,1246
0,272,1340
0,281,1371
0,354,1270
0,416,1311
0,290,1346
0,291,1353
0,347,1275
0,383,1251
0,297,1319
0,406,1312
0,235,1387
0,278,1322
0,303,1011
0,295,977
0,282,983
0,304,996
0,282,974
0,315,1013
0,281,977
0,276,1024
0,283,966
0,309,984
0,275,1011
0,282,984
0,315,973
0,298,1005
0,309,987
0,304,990
0,295,1007
0,283,1006
0,335,969
0,333,983
0,345,1030
0,290,1015
0,320,485
0,337,576
0,266,455
0,297,489
0,336,510
0,325,532
0,341,568
0,337,593
0,347,568
0,317,560
0,288,474
0,312,540
0,351,581
0,332,540
0,300,567
0,308,538
0,324,530
0,328,470
0,307,555
0,271,465
0,326,580
0,324,547
0,275,466
0,339,576
0,316,580
0,294,490
0,426,923
0,409,897
0,373,899
0,381,906
0,393,909
0,332,899
0,398,897
0,399,926
0,411,929
0,391,907
0,390,914
0,402,916
0,423,905
0,253,894
0,420,927
0,326,902
0,431,903
0,361,1115
0,380,1220
0,333,1204
0,287,1145
0,282,1187
0,385,1194
0,319,1119
0,300,1193
0,372,1175
0,398,1226
0,373,1145
0,373,1194
0,412,1222
0,325,1205
0,330,1191
0,334,1197
0,363,1165
0,415,1205
0,323,1138
0,352,1172
0,338,1127
0,375,1168
0,344,1120
0,311,1150
0,342,1199
0,302,1170
0,305,1218
0,337,1142
0,350,1220
0,397,1187
0,394,1216
0,358,1146
0,268,1174
0,382,1181
0,333,1138
0,322,1125
0,381,1215
0,336,1176
0,343,1126
0,286,1154
0,289,1215
0,290,1215
0,366,1201
0,405,1213
0,364,1207
0,362,1140
0,389,1223
0,318,1182
0,401,1193
0,324,1175
0,338,1123
0,381,1157
0,396,1213
0,346,1209
0,378,1172
0,330,1127
0,354,1158
0,300,1159
0,291,1161
0,307,1193
0,389,113
0,337,100
0,353,166
0,345,174
0,321,88
0,302,208
0,341,183
0,326,115
0,332,158
0,334,126
0,304,231
0,281,246
0,332,228
0,327,98
0,328,98
0,297,199
0,310,159
0,358,228
0,369,109
0,350,150
0,315,83
0,317,158
0,364,67
0,375,136
0,344,130
0,388,132
0,396,126
0,329,110
0,326,233
0,343,209
0,354,76
0,343,89
0,279,247
0,316,217
0,397,115
0,310,115
0,300,173
0,362,139
0,301,223
0,336,167
0,374,135
0,353,148
0,313,87
0,318,166
0,358,113
0,310,208
0,366,71
0,350,130
0,335,170
0,328,126
0,336,92
0,322,223
0,367,135
0,297,210
0,289,245
0,295,866
0,373,823
0,355,887
0,384,839
0,327,798
0,373,828
0,301,850
0,351,841
0,352,802
0,342,794
0,310,878
0,388,853
0,329,866
0,330,803
0,322,797
0,384,847
0,356,879
0,358,795
0,357,786
0,354,877
0,377,836
0,333,863
0,349,860
0,333,821
0,318,837
0,297,813
0,302,859
0,307,847
0,343,824
0,376,830
0,334,880
0,323,879
0,324,823
0,340,835
0,365,816
0,371,811
0,323,836
0,369,786
0,368,768
0,375,836
0,329,434
0,337,456
0,417,443
0,361,473
0,375,428
0,392,439
0,385,459
0,387,465
0,375,434
0,385,460
0,343,440
0,396,457
0,352,390
0,358,430
0,361,412
0,336,456
0,372,469
0,417,448
0,416,440
0,311,433
0,360,417
0,338,435
0,351,452
0,338,427
0,348,451
0,354,420
0,376,455
0,360,476
0,448,428
0,365,431
0,315,635
0,334,639
0,331,741
0,366,627
0,320,751
0,363,708
0,362,640
0,349,698
0,353,694
0,365,701
0,354,640
0,324,635
0,377,627
0,320,651
0,375,708
0,373,708
0,368,739
0,384,747
0,382,712
0,318,654
0,376,696
0,329,753
0,317,631
0,331,630
0,331,760
0,349,672
0,374,691
0,363,678
0,352,693
0,339,300
0,354,296
0,332,284
0,392,298
0,364,285
0,366,294
0,336,295
0,383,288
0,380,530
0,389,565
0,394,552
0,390,526
0,378,495
0,350,546
0,363,518
0,389,551
0,386,494
0,401,513
0,392,533
0,382,536
0,422,480
0,349,530
0,387,541
0,402,537
0,360,533
0,403,548
0,343,522
0,410,493
0,370,549
0,364,542
0,386,559
0,420,329
0,409,301
0,423,330
0,382,353
0,382,312
0,480,307
0,478,304
0,428,312
0,443,290
0,458,316
0,456,300
0,440,319
0,470,309
0,378,317
0,425,319
0,375,338
0,383,347
0,376,356
0,392,356
0,382,333
0,452,297
0,427,293
0,480,298
0,393,313
0,403,313
0,468,317
0,435,304
0,369,378
0,455,321
0,459,232
0,468,194
0,390,183
0,460,175
0,420,138
0,439,123
0,434,171
0,479,188
0,444,169
0,487,218
0,471,204
0,448,202
0,420,181
0,435,125
0,412,196
0,463,199
0,500,194
0,482,225
0,428,149
0,515,200
0,479,227
0,456,188
0,489,208
0,462,175
0,407,149
0,507,200
0,467,208
0,435,150
0,484,200
0,459,166
0,410,146
0,407,154
0,435,210
0,423,134
0,400,165
0,425,145
0,482,218
0,445,130
0,476,193
0,446,171
0,484,207
0,436,146
0,481,184
0,519,191
0,418,156
0,491,192
0,438,770
0,449,789
0,379,787
0,399,765
0,447,789
0,399,783
0,404,794
0,402,765
0,463,800
0,428,744
0,406,797
0,406,854
0,433,790
0,403,843
0,423,760
0,401,784
0,391,787
0,393,792
0,420,782
0,400,777
0,411,778
0,441,731
0,414,968
0,434,952
0,414,944
0,444,991
0,441,988
0,464,980
0,401,940
0,401,953
0,460,960
0,424,966
0,424,986
0,463,972
0,439,971
0,414,955
0,438,1000
0,426,954
0,460,933
0,424,999
0,394,1031
0,463,943
0,411,1024
0,393,1027
0,463,978
0,403,984
0,448,988
0,461,938
0,389,1051
0,419,1003
0,394,1019
0,410,952
0,412,982
0,475,961
0,413,955
0,424,956
0,408,993
0,415,617
0,409,637
0,419,618
0,448,632
0,410,592
0,426,721
0,427,697
0,437,623
0,423,591
0,419,672
0,406,668
0,423,613
0,428,668
0,394,660
0,414,630
0,440,656
0,419,697
0,432,668
0,425,683
0,434,657
0,421,705
0,413,634
0,423,632
0,404,666
0,424,729
0,412,585
0,427,691
0,407,700
0,430,1256
0,416,1252
0,404,1265
0,512,1237
0,455,1216
0,417,1266
0,476,1273
0,451,1259
0,464,1216
0,473,1260
0,483,1252
0,503,1237
0,440,1267
0,485,1232
0,460,1263
0,476,1233
0,485,1234
0,450,1245
0,450,1213
0,417,1258
0,481,1250
0,488,1261
0,493,1227
0,454,1191
0,457,1187
0,466,1212
0,498,1036
0,449,1036
0,509,1075
0,533,1045
0,476,1027
0,441,1030
0,531,1077
0,499,1052
0,536,1053
0,453,1037
0,446,1040
0,473,1018
0,517,1057
0,428,1062
0,490,1063
0,499,1034
0,472,1058
0,499,1045
0,452,1030
0,532,1086
0,500,1054
0,456,1040
0,523,1064
0,488,1040
0,480,1016
0,523,1043
0,460,1386
0,453,1388
0,512,1371
0,482,1381
0,443,1385
0,486,1376
0,501,1383
0,505,1319
0,546,1389
0,505,1345
0,460,1294
0,486,1343
0,534,1328
0,569,1373
0,494,1327
0,602,1373
0,606,1378
0,572,1374
0,532,1360
0,549,1388
0,465,1317
0,528,1324
0,541,1379
0,581,1341
0,559,1363
0,483,1328
0,463,1292
0,583,1349
0,504,1341
0,617,1371
0,547,1357
0,614,1388
0,455,1313
0,462,1318
0,565,1344
0,490,1347
0,536,1332
0,588,1352
0,447,1341
0,529,1306
0,515,1312
0,456,1305
0,497,1302
0,555,1378
0,536,1291
0,526,1346
0,446,1349
0,609,1374
0,622,1365
0,621,1363
0,475,1291
0,522,1333
0,553,1334
0,491,1351
0,482,1291
0,486,1333
0,532,1291
0,444,1340
0,575,1353
0,537,1371
0,534,1311
0,465,1348
0,527,1154
0,498,1158
0,538,1155
0,487,1176
0,497,1170
0,494,1168
0,501,1160
0,511,1177
0,507,357
0,479,337
0,503,365
0,551,298
0,502,410
0,499,374
0,512,352
0,497,334
0,491,344
0,516,346
0,535,408
0,528,399
0,499,279
0,516,357
0,492,374
0,521,401
0,499,330
0,501,283
0,552,296
0,488,312
0,516,385
0,549,417
0,489,303
0,495,370
0,556,302
0,524,317
0,498,272
0,489,407
0,498,324
0,516,341
0,518,333
0,513,980
0,562,981
0,579,968
0,484,989
0,507,993
0,536,991
0,537,982
0,520,974
0,568,977
0,542,974
0,566,959
0,563,974
0,542,946
0,521,984
0,540,984
0,498,983
0,532,994
0,511,966
0,512,976
0,531,976
0,569,962
0,519,981
0,502,1179
0,497,1193
0,501,1191
0,507,1184
0,494,1214
0,546,733
0,565,739
0,588,728
0,542,723
0,631,816
0,559,721
0,598,792
0,582,770
0,510,728
0,589,741
0,609,774
0,518,711
0,489,718
0,611,792
0,581,728
0,528,732
0,512,699
0,600,733
0,540,709
0,548,734
0,577,758
0,565,741
0,578,724
0,566,768
0,597,801
0,599,729
0,610,769
0,599,786
0,609,770
0,557,753
0,604,807
0,580,708
0,610,810
0,542,722
0,553,716
0,567,767
0,516,1104
0,525,1116
0,496,1121
0,511,1142
0,500,1140
0,514,1105
0,508,1124
0,644,84
0,600,22
0,548,63
0,688,70
0,535,55
0,588,24
0,562,60
0,523,116
0,514,64
0,610,56
0,626,130
0,537,96
0,561,76
0,530,96
0,562,88
0,625,152
0,605,85
0,646,76
0,656,82
0,543,54
0,537,77
0,576,91
0,662,87
0,580,24
0,597,30
0,587,74
0,677,65
0,546,112
0,538,56
0,684,64
0,598,115
0,549,53
0,572,121
0,578,66
0,649,142
0,700,65
0,634,95
0,603,39
0,568,39
0,681,61
0,590,57
0,651,79
0,609,117
0,609,66
0,647,139
0,526,117
0,533,83
0,508,64
0,644,147
0,572,56
0,536,94
0,657,66
0,542,50
0,513,111
0,647,114
0,622,68
0,584,95
0,542,71
0,526,122
0,621,77
0,621,98
0,652,143
0,508,105
0,577,52
0,574,108
0,621,123
0,664,137
0,657,135
0,639,126
0,547,82
0,618,136
0,516,64
0,576,105
0,596,1
0,567,110
0,581,29
0,570,1151
0,546,1172
0,575,1143
0,586,1101
0,538,1212
0,556,1208
0,567,1222
0,540,1196
0,577,1215
0,579,1139
0,544,1195
0,588,1098
0,572,1219
0,572,1236
0,540,1170
0,570,1209
0,548,1227
0,547,1190
0,570,1155
0,527,1205
0,563,1236
0,557,1176
0,573,1226
0,606,670
0,599,659
0,584,673
0,600,680
0,652,667
0,609,650
0,654,663
0,621,672
0,566,644
0,605,646
0,673,653
0,648,662
0,568,651
0,550,659
0,597,657
0,689,649
0,548,656
0,580,668
0,569,657
0,598,673
0,553,650
0,571,199
0,550,150
0,640,191
0,592,187
0,579,158
0,644,217
0,630,185
0,560,193
0,585,193
0,656,223
0,568,187
0,552,157
0,617,238
0,567,198
0,582,198
0,603,191
0,637,217
0,622,190
0,593,189
0,616,189
0,564,170
0,606,188
0,598,245
0,547,155
0,560,172
0,612,212
0,560,154
0,548,138
0,556,148
0,541,150
0,621,239
0,593,158
0,544,135
0,538,1081
0,653,1092
0,651,1093
0,622,1106
0,636,1107
0,614,1102
0,642,1099
0,582,1085
0,649,1099
0,616,1086
0,633,1099
0,659,1093
0,620,1088
0,596,1073
0,567,1087
0,645,1101
0,567,1086
0,579,320
0,574,301
0,580,320
0,598,294
0,564,325
0,599,310
0,572,360
0,605,277
0,556,314
0,569,296
0,592,320
0,579,295
0,575,355
0,579,287
0,576,360
0,583,287
0,586,332
0,628,900
0,599,889
0,580,892
0,614,894
0,620,899
0,674,900
0,602,890
0,671,888
0,587,888
0,582,925
0,599,927
0,584,906
0,594,916
0,593,911
0,609,912
0,606,894
0,615,894
0,606,892
0,573,910
0,660,1378
0,592,1337
0,632,1363
0,615,1348
0,612,1336
0,655,1371
0,620,1300
0,649,1330
0,646,1316
0,656,1330
0,617,1336
0,593,1337
0,621,1334
0,595,1318
0,642,1333
0,648,1353
0,597,1317
0,636,1309
0,631,1345
0,662,1385
0,610,1319
0,630,442
0,629,441
0,606,469
0,594,505
0,629,490
0,607,486
0,623,479
0,604,480
0,622,476
0,649,486
0,599,473
0,630,454
0,612,485
0,632,448
0,654,484
0,625,490
0,611,461
0,615,1223
0,600,1222
0,597,1275
0,653,1195
0,626,1229
0,588,1280
0,581,1277
0,677,1179
0,632,1221
0,705,1171
0,635,1205
0,661,1186
0,631,1216
0,670,1162
0,607,1232
0,596,1219
0,601,1263
0,632,1210
0,587,1277
0,698,1173
0,613,1243
0,618,1236
0,610,1218
0,692,289
0,662,365
0,641,384
0,727,342
0,705,324
0,697,299
0,687,318
0,657,350
0,683,324
0,642,321
0,746,355
0,651,387
0,626,372
0,714,303
0,676,371
0,675,312
0,720,318
0,705,364
0,730,345
0,679,303
0,668,287
0,694,344
0,703,349
0,699,321
0,680,305
0,682,361
0,654,374
0,687,329
0,652,333
0,646,325
0,730,314
0,670,382
0,662,310
0,644,320
0,689,306
0,683,327
0,720,328
0,711,358
0,665,352
0,659,325
0,702,328
0,718,351
0,688,297
0,680,299
0,702,277
0,729,318
0,731,312
0,668,349
0,734,327
0,654,1233
0,666,1275
0,664,1218
0,657,1240
0,673,1265
0,640,1256
0,676,1265
0,671,1238
0,667,1244
0,663,1226
0,660,1230
0,674,1246
0,666,1267
0,648,1245
0,636,1252
0,698,1023
0,697,1001
0,684,1052
0,668,1069
0,708,1048
0,749,1108
0,712,1070
0,734,1110
0,688,1036
0,710,1071
0,709,1010
0,701,1083
0,695,1057
0,708,950
0,690,1054
0,688,947
0,693,1058
0,721,1077
0,699,961
0,695,991
0,690,1068
0,713,990
0,733,972
0,714,981
0,699,1101
0,686,950
0,659,1317
0,679,1314
0,689,1346
0,676,1329
0,688,1356
0,660,1336
0,699,1288
0,668,1355
0,690,1359
0,679,1368
0,690,1375
0,682,1377
0,664,1290
0,677,1289
0,660,1316
0,697,1306
0,705,1287
0,683,1324
0,685,1308
0,716,868
0,692,891
0,707,863
0,700,820
0,708,814
0,713,873
0,691,887
0,731,869
0,707,834
0,742,869
0,769,882
0,703,854
0,717,858
0,724,838
0,721,848
0,779,894
0,723,883
0,734,880
0,700,832
0,733,886
0,806,904
0,687,838
0,713,889
0,693,843
0,765,879
0,773,895
0,777,894
0,787,878
0,711,862
0,703,855
0,715,690
0,685,708
0,691,717
0,693,700
0,697,710
0,774,726
0,716,671
0,736,713
0,725,703
0,712,713
0,743,708
0,695,664
0,709,708
0,697,701
0,725,722
0,681,701
0,730,691
0,713,685
0,714,705
0,738,703
0,715,1258
0,764,1289
0,714,1263
0,711,1272
0,735,1308
0,706,1304
0,771,1288
0,757,1330
0,763,1302
0,765,1300
0,729,1325
0,719,1311
0,726,1309
0,762,1279
0,748,1279
0,755,1335
0,751,1326
0,756,1195
0,745,1233
0,743,1237
0,707,1302
0,745,1224
0,740,1283
0,725,1268
0,762,1210
0,708,1317
0,750,1248
0,756,1278
0,743,1290
0,771,1312
0,761,1278
0,758,1240
0,764,1224
0,739,1229
0,751,1341
0,759,1309
0,759,1311
0,727,1253
0,773,255
0,754,193
0,761,205
0,733,191
0,751,237
0,809,147
0,781,264
0,724,207
0,761,141
0,764,213
0,761,211
0,785,244
0,780,229
0,815,144
0,796,222
0,774,240
0,779,240
0,810,153
0,808,197
0,785,167
0,741,217
0,770,204
0,803,155
0,780,156
0,784,237
0,792,262
0,744,220
0,802,154
0,764,143
0,804,174
0,784,262
0,790,151
0,798,206
0,745,171
0,811,209
0,822,209
0,715,215
0,731,202
0,812,160
0,775,229
0,753,220
0,721,215
0,750,155
0,792,213
0,782,137
0,779,1224
0,783,1223
0,865,1238
0,810,1208
0,814,1214
0,854,1236
0,810,1207
0,786,1220
0,799,1229
0,806,1227
0,818,1241
0,821,1209
0,805,1213
0,821,1233
0,835,1238
0,900,1356
0,809,1378
0,820,1360
0,821,1356
0,861,1383
0,816,1334
0,805,1323
0,769,1353
0,890,1388
0,800,1369
0,793,1347
0,788,1290
0,801,1326
0,826,1355
0,863,1391
0,835,1361
0,880,1385
0,901,1360
0,823,1319
0,827,1356
0,820,1322
0,832,1359
0,819,1384
0,812,1340
0,827,474
0,808,341
0,838,539
0,843,473
0,815,356
0,829,459
0,853,536
0,853,508
0,820,312
0,847,490
0,838,519
0,823,544
0,840,556
0,817,307
0,859,506
0,869,524
0,817,349
0,853,510
0,838,536
0,814,330
0,849,542
0,820,338
0,861,550
0,845,520
0,850,501
0,826,424
0,831,427
0,862,518
0,839,463
0,848,471
0,827,414
0,843,545
0,840,436
0,864,512
0,828,309
0,822,360
0,835,497
0,866,513
0,824,439
0,870,513
0,860,1284
0,887,1299
0,861,1297
0,867,1291
0,855,1353
0,853,1311
0,865,1298
0,863,1297
0,854,1360
0,837,1356
0,858,1316
0,862,1344
0,829,1342
0,834,1318
0,883,1297
0,837,1268
0,873,1344
0,907,1333
0,835,1349
0,850,1353
0,859,1278
0,848,1370
0,831,1314
0,853,1302
0,858,1370
0,865,1294
0,823,1151
0,842,1127
0,904,1119
0,845,1136
0,933,1111
0,878,1114
0,898,1128
0,857,1115
0,852,1134
0,870,1124
0,855,1112
0,890,1110
0,914,1116
0,841,1136
0,879,1129
0,882,1032
0,858,1008
0,852,1059
0,869,1046
0,839,1053
0,869,1037
0,862,1030
0,870,1020
0,842,1042
0,854,1024
0,846,1012
0,845,1050
0,874,1023
0,841,1015
0,874,143
0,879,162
0,851,192
0,845,167
0,835,164
0,870,155
0,858,148
0,828,171
0,848,165
0,863,143
0,902,110
0,894,130
0,900,143
0,874,144
0,848,168
0,879,182
0,839,170
0,895,167
0,904,233
0,868,205
0,863,218
0,912,230
0,875,207
0,864,247
0,857,255
0,874,192
0,898,199
0,845,224
0,918,223
0,862,269
0,870,195
0,911,214
0,870,264
0,861,239
0,840,242
0,893,189
0,860,250
0,886,225
0,841,224
0,861,223
0,912,1147
0,859,1204
0,880,1164
0,867,1176
0,975,1220
0,899,1137
0,905,1146
0,963,1211
0,939,1183
0,1008,1241
0,904,1135
0,945,1203
0,950,1203
0,921,1222
0,840,1153
0,920,1165
0,930,1220
0,962,1247
0,932,1215
0,1016,1244
0,993,1218
0,895,1142
0,897,1176
0,975,1241
0,984,1253
0,1008,1246
0,928,1219
0,959,1205
0,915,1187
0,992,1246
0,942,1176
0,946,1201
0,961,1223
0,931,1176
0,928,1185
0,963,1230
0,862,1181
0,893,1180
0,958,1228
0,912,1135
0,983,1217
0,874,1143
0,873,1166
0,882,1167
0,991,1242
0,872,1170
0,914,1134
0,905,1173
0,898,1159
0,858,1190
0,979,1243
0,991,1243
0,956,1228
0,938,1194
0,866,1145
0,848,1199
0,927,349
0,872,373
0,875,381
0,940,349
0,936,328
0,901,380
0,917,343
0,957,342
0,929,323
0,906,388
0,927,389
0,951,347
0,938,350
0,940,345
0,912,349
0,917,379
0,903,360
0,919,334
0,920,592
0,909,631
0,919,644
0,896,631
0,929,559
0,852,599
0,944,687
0,926,669
0,911,670
0,904,714
0,912,630
0,936,623
0,922,672
0,923,581
0,873,605
0,910,617
0,928,613
0,912,601
0,928,575
0,944,511
0,867,622
0,948,651
0,867,637
0,919,628
0,922,613
0,869,626
0,986,646
0,929,560
0,921,595
0,937,683
0,957,660
0,883,639
0,909,694
0,861,610
0,909,697
0,927,680
0,913,731
0,927,630
0,939,672
0,938,674
0,924,648
0,910,620
0,959,655
0,941,678
0,925,678
0,864,611
0,876,606
0,855,620
0,938,621
0,939,639
0,977,637
0,969,984
0,896,1003
0,902,976
0,904,987
0,880,977
0,886,985
0,941,969
0,891,1000
0,909,981
0,866,971
0,877,979
0,901,979
0,896,1007
0,899,969
0,924,977
0,893,982
0,901,995
0,922,986
0,896,995
0,889,987
0,949,1086
0,964,1116
0,964,1106
0,927,1059
0,862,1080
0,950,1079
0,904,1063
0,885,1083
0,964,1118
0,965,1123
0,943,1095
0,947,1065
0,936,1082
0,956,1108
0,950,1113
0,951,1082
0,956,1083
0,945,1073
0,905,1091
0,939,826
0,867,876
0,895,805
0,944,831
0,896,845
0,885,856
0,888,851
0,895,847
0,905,800
0,880,832
0,944,838
0,932,811
0,873,784
0,894,823
0,881,834
0,939,815
0,884,823
0,897,839
0,912,822
0,919,798
0,932,1037
0,930,1018
0,924,1032
0,931,1020
0,902,1052
0,955,1024
0,947,1030
0,916,1046
0,941,1012
0,909,1027
0,946,1021
0,959,1024
0,914,1034
0,907,1042
0,941,436
0,940,459
0,950,431
0,923,450
0,919,442
0,1000,444
0,887,452
0,998,461
0,925,419
0,935,438
0,902,399
0,978,450
0,950,445
0,939,426
0,945,420
0,945,423
0,957,454
0,941,442
0,943,416
0,959,447
0,1003,443
0,928,410
0,941,438
0,897,459
0,965,441
0,974,448
0,954,426
0,942,432
0,889,459
0,903,430
0,901,414
0,959,464
0,912,459
0,932,457
0,944,467
0,905,423
0,941,449
0,897,458
0,941,460
0,906,466
0,988,714
0,948,716
0,941,705
0,945,744
0,897,772
0,961,734
0,959,740
0,958,718
0,945,755
0,957,731
0,951,738
0,985,710
0,943,729
0,979,698
0,968,720
0,928,716
0,926,735
0,936,714
0,931,717
0,968,713
0,956,743
0,898,187
0,977,138
0,909,168
0,923,144
0,971,134
0,935,139
0,939,184
0,920,148
0,952,168
0,942,151
0,941,139
0,904,177
0,968,142
0,915,118
0,914,147
0,932,198
0,981,140
0,958,192
0,926,105
0,974,135
0,979,143
0,941,202
0,937,96
0,933,189
0,942,162
0,915,123
0,975,156
0,946,191
0,937,141
0,964,170
0,900,190
0,969,912
0,990,881
0,1009,936
0,986,928
0,933,881
0,947,871
0,1014,931
0,908,925
0,959,871
0,958,861
0,959,883
0,1015,914
0,980,883
0,946,949
0,990,927
0,985,881
0,982,935
0,982,921
0,933,877
0,930,937
0,939,935
0,943,868
0,967,892
0,970,852
0,974,892
0,967,955
0,977,884
0,1015,935
0,938,922
0,952,934
0,934,885
0,994,888
0,963,896
0,927,914
0,956,866
0,954,916
0,969,905
0,948,930
0,948,942
0,991,916
0,945,903
0,933,864
0,1011,915
0,949,909
0,934,878
0,984,928
0,927,889
0,925,780
0,965,778
0,949,767
0,998,754
0,975,749
0,977,751
0,989,758
0,957,759
0,931,782
0,965,789
0,957,797
0,940,780
0,927,785
0,941,777
0,957,28
0,949,11
0,945,32
0,924,31
0,936,11
0,932,29
0,949,38
0,964,16
0,937,1
0,961,27
0,987,14
0,941,14
0,978,1071
0,946,1053
0,970,1068
0,957,1068
0,942,1045
0,958,1060
0,962,1055
0,963,1053
0,968,1067
0,1008,356
0,1001,281
0,1019,317
0,1004,334
0,1016,335
0,1008,302
0,1009,278
0,1016,299
0,1023,381
0,1018,284
0,975,267
0,1012,353
0,1035,331
0,1010,395
0,1009,346
0,1020,386
0,977,310
0,1018,350
0,1025,297
0,990,290
0,1006,344
0,1025,324
0,1006,386
0,980,307
0,1024,295
0,1004,300
0,961,273
0,1006,329
0,1007,315
0,1025,327
0,1018,370
0,1014,359
0,986,303
0,979,297
0,998,766
0,1026,761
0,1034,773
0,1028,772
0,1034,807
0,1024,770
0,1001,776
0,1014,824
0,1016,772
0,1012,750
0,996,793
0,1013,798
0,995,767
0,1026,807
0,1022,770
0,1023,735
0,1013,799
0,988,801
0,1035,777
0,1000,779
0,1009,1083
0,1001,1057
0,999,1101
0,991,1043
0,1022,1083
0,1012,1083
0,1001,1112
0,1007,1088
0,1033,1088
0,1009,1089
0,1027,1073
0,1009,1048
0,981,1040
0,1023,1143
0,1033,1136
0,1017,1064
0,1007,1080
0,1034,1126
0,1032,1143
0,1014,1106
0,995,1088
0,988,1020
0,1030,1067
0,1006,1047
0,1005,1124
0,1031,1343
0,1036,1282
0,1033,1328
0,1033,1334
0,1038,1360
0,1029,1368
0,1023,1313
0,1010,1386
0,1034,1335
0,1012,1287
0,1028,1358
0,1039,1340
0,1011,1296
0,1035,1046
0,1034,1059
0,1038,1042
0,1017,1049
0,1036,818
0,1032,827
0,1036,862
0,1038,735
0,1034,756
1,12,671
1,32,702
1,65,672
1,3,688
1,58,684
1,67,699
1,27,615
1,30,621
1,6,641
1,35,628
1,91,701
1,12,671
1,37,693
1,56,667
1,35,648
1,29,688
1,19,714
1,82,690
1,45,685
1,61,676
1,15,678
1,18,663
1,11,703
1,35,619
1,44,664
1,73,682
1,35,684
1,59,692
1,61,694
1,62,701
1,60,700
1,62,698
1,58,701
1,61,702
1,53,690
1,73,702
1,54,691
1,63,701
1,57,700
1,3,668
1,9,660
1,10,659
1,2,667
1,6,655
1,5,660
1,3,667
1,2,669
1,6,667
1,11,660
1,5,661
1,1,656
1,5,676
1,2,671
1,7,669
1,1,682
1,2,670
1,5,675
1,14,674
1,4,673
1,3,675
1,4,676
1,3,668
1,6,665
1,3,673
1,1,660
1,5,670
1,1,667
1,4,670
1,5,661
1,4,661
1,4,663
1,8,659
1,3,665
1,2,664
1,8,669
1,118,984
1,72,991
1,123,949
1,113,910
1,94,962
1,86,1008
1,70,963
1,86,1006
1,77,964
1,80,1007
1,102,950
1,123,922
1,98,1012
1,108,936
1,72,993
1,99,943
1,84,956
1,116,984
1,125,938
1,103,981
1,87,973
1,134,944
1,79,1004
1,86,995
1,79,991
1,79,994
1,74,990
1,87,993
1,86,1001
1,70,991
1,68,990
1,81,991
1,78,1006
1,76,1001
1,98,1016
1,96,1011
1,95,1016
1,100,1017
1,93,1014
1,99,1000
1,102,1014
1,100,1012
1,101,1009
1,99,1016
1,97,1012
1,98,1007
1,101,970
1,102,973
1,115,964
1,100,970
1,106,978
1,106,959
1,110,972
1,101,960
1,95,967
1,109,980
1,103,971
1,99,953
1,114,905
1,111,903
1,115,908
1,110,902
1,115,922
1,110,904
1,112,902
1,115,916
1,117,914
1,110,901
1,105,902
1,109,898
1,72,93
1,83,137
1,76,128
1,91,123
1,85,153
1,60,77
1,90,135
1,87,146
1,71,70
1,46,72
1,75,79
1,99,148
1,86,125
1,39,23
1,86,107
1,65,88
1,57,70
1,23,36
1,81,147
1,31,82
1,32,101
1,81,110
1,45,48
1,88,110
1,46,92
1,35,59
1,46,123
1,76,106
1,44,65
1,56,89
1,36,16
1,42,80
1,52,87
1,89,143
1,31,39
1,92,119
1,34,96
1,39,43
1,45,37
1,30,62
1,31,50
1,39,63
1,32,50
1,34,50
1,30,57
1,40,50
1,39,49
1,28,54
1,38,53
1,36,52
1,34,65
1,28,83
1,23,91
1,20,83
1,28,81
1,22,91
1,28,101
1,20,93
1,32,85
1,21,89
1,32,84
1,27,77
1,28,85
1,43,86
1,39,83
1,44,94
1,46,81
1,32,84
1,42,86
1,52,79
1,38,71
1,39,89
1,41,83
1,44,88
1,51,81
1,56,83
1,63,78
1,70,75
1,65,74
1,54,73
1,59,76
1,72,72
1,63,80
1,67,75
1,53,69
1,67,64
1,60,77
1,100,1208
1,65,1186
1,101,1197
1,103,1223
1,69,1112
1,58,1175
1,67,1173
1,104,1179
1,108,1177
1,70,1166
1,49,1100
1,34,1113
1,91,1221
1,105,1218
1,33,1099
1,85,1102
1,102,1193
1,55,1115
1,36,1102
1,97,1214
1,28,1117
1,22,1107
1,79,1115
1,68,1185
1,73,1202
1,81,1161
1,57,1153
1,54,1124
1,90,1219
1,108,1200
1,73,1187
1,73,1213
1,79,1104
1,108,1178
1,61,1124
1,59,1135
1,52,1124
1,63,1117
1,58,1120
1,62,1119
1,58,1121
1,47,1118
1,64,1133
1,52,1118
1,63,1122
1,56,1130
1,104,1184
1,96,1181
1,103,1187
1,105,1187
1,99,1188
1,91,1189
1,104,1182
1,102,1176
1,99,1179
1,94,1188
1,109,1186
1,94,1176
1,59,1104
1,47,1090
1,70,1086
1,53,1095
1,58,1088
1,55,1095
1,59,1103
1,72,1087
1,55,1096
1,65,1097
1,55,1097
1,56,1094
1,113,1200
1,120,1212
1,115,1211
1,117,1212
1,112,1210
1,115,1217
1,113,1209
1,109,1206
1,116,1208
1,121,1207
1,111,1208
1,116,1221
1,113,194
1,133,177
1,76,178
1,142,229
1,152,179
1,153,172
1,174,190
1,149,169
1,128,219
1,191,190
1,148,228
1,161,193
1,186,242
1,129,176
1,190,201
1,150,217
1,178,210
1,155,187
1,92,180
1,184,218
1,44,152
1,79,172
1,102,206
1,191,232
1,188,237
1,171,197
1,92,173
1,190,194
1,176,196
1,186,200
1,132,219
1,102,189
1,95,243
1,184,210
1,97,184
1,138,224
1,167,178
1,167,207
1,146,248
1,40,156
1,129,213
1,57,157
1,171,219
1,33,155
1,149,187
1,80,190
1,194,185
1,156,193
1,179,203
1,166,195
1,168,193
1,156,195
1,163,197
1,167,191
1,171,184
1,179,185
1,166,197
1,169,191
1,169,194
1,122,189
1,120,194
1,118,183
1,115,185
1,123,191
1,117,189
1,124,179
1,115,192
1,121,189
1,117,187
1,115,188
1,118,202
1,143,186
1,123,181
1,134,189
1,129,189
1,139,196
1,126,197
1,130,190
1,136,185
1,133,200
1,137,198
1,127,198
1,133,194
1,162,198
1,169,206
1,164,191
1,158,193
1,172,192
1,162,201
1,166,195
1,159,200
1,169,198
1,169,199
1,171,188
1,165,194
1,87,391
1,154,353
1,171,358
1,60,344
1,76,357
1,111,402
1,82,358
1,70,372
1,70,349
1,109,436
1,85,430
1,66,423
1,64,353
1,102,402
1,53,365
1,117,441
1,97,398
1,79,423
1,65,337
1,130,373
1,134,360
1,132,390
1,105,400
1,162,359
1,123,377
1,88,404
1,120,426
1,137,381
1,124,360
1,113,433
1,125,367
1,82,383
1,62,354
1,114,427
1,106,434
1,85,368
1,99,400
1,99,408
1,167,351
1,155,345
1,157,351
1,163,348
1,154,353
1,158,349
1,151,343
1,163,356
1,153,351
1,162,349
1,158,355
1,149,344
1,85,450
1,93,448
1,81,434
1,80,446
1,85,441
1,86,449
1,88,447
1,83,447
1,92,436
1,97,433
1,88,442
1,93,439
1,116,405
1,109,402
1,124,403
1,112,406
1,107,403
1,111,411
1,121,396
1,123,408
1,119,406
1,119,407
1,119,412
1,120,407
1,77,384
1,77,377
1,73,388
1,83,369
1,80,375
1,75,377
1,68,376
1,76,379
1,63,368
1,67,376
1,77,381
1,63,374
1,129,497
1,129,488
1,69,533
1,89,557
1,148,519
1,61,548
1,108,567
1,104,572
1,54,535
1,133,536
1,50,549
1,63,535
1,110,590
1,146,514
1,124,532
1,89,534
1,125,538
1,96,503
1,119,552
1,78,550
1,104,502
1,73,531
1,84,505
1,118,504
1,90,499
1,111,596
1,63,534
1,113,595
1,118,550
1,91,550
1,93,563
1,104,556
1,93,567
1,87,557
1,95,557
1,94,568
1,92,549
1,94,566
1,93,559
1,99,565
1,87,561
1,87,567
1,99,514
1,116,510
1,106,511
1,109,501
1,104,514
1,102,499
1,107,503
1,119,510
1,103,511
1,110,518
1,106,507
1,116,508
1,108,591
1,107,583
1,111,585
1,106,578
1,110,577
1,114,591
1,111,584
1,111,591
1,105,578
1,110,589
1,109,587
1,110,596
1,127,483
1,137,489
1,136,482
1,141,487
1,128,486
1,129,483
1,140,480
1,134,484
1,132,499
1,133,489
1,121,482
1,130,482
1,130,823
1,143,875
1,144,899
1,131,847
1,133,881
1,143,812
1,177,962
1,139,807
1,145,801
1,69,823
1,136,885
1,171,993
1,93,834
1,175,951
1,136,877
1,170,939
1,124,808
1,167,925
1,149,920
1,125,794
1,165,928
1,114,850
1,117,849
1,130,872
1,101,835
1,150,891
1,122,800
1,130,827
1,160,907
1,61,821
1,110,834
1,120,868
1,168,941
1,97,838
1,90,837
1,86,831
1,92,835
1,81,829
1,81,828
1,85,836
1,95,837
1,80,829
1,91,836
1,94,835
1,87,836
1,114,852
1,127,856
1,116,861
1,118,863
1,120,858
1,130,864
1,118,868
1,119,871
1,117,868
1,122,865
1,117,866
1,117,863
1,121,842
1,124,832
1,134,842
1,116,836
1,129,838
1,126,839
1,136,847
1,116,844
1,122,844
1,125,840
1,118,835
1,115,840
1,155,918
1,151,928
1,155,925
1,156,923
1,154,931
1,159,926
1,157,928
1,156,932
1,150,929
1,153,931
1,158,936
1,156,935
1,148,1334
1,113,1386
1,139,1348
1,156,1336
1,139,1354
1,127,1342
1,114,1359
1,94,1378
1,105,1389
1,114,1346
1,124,1306
1,143,1327
1,137,1350
1,132,1347
1,122,1340
1,137,1342
1,99,1330
1,160,1358
1,131,1358
1,134,1312
1,135,1390
1,111,1353
1,112,1381
1,140,1357
1,134,1391
1,111,1345
1,109,1371
1,136,1338
1,131,1336
1,124,1333
1,129,1335
1,125,1338
1,128,1342
1,137,1341
1,128,1326
1,142,1331
1,131,1331
1,134,1335
1,130,1327
1,103,1315
1,100,1310
1,103,1308
1,98,1319
1,98,1325
1,103,1306
1,98,1322
1,104,1307
1,104,1313
1,109,1312
1,95,1313
1,102,1314
1,90,1387
1,106,1386
1,101,1386
1,108,1385
1,112,1386
1,98,1389
1,98,1384
1,103,1387
1,96,1391
1,100,1386
1,106,1383
1,102,1381
1,126,1353
1,116,1350
1,109,1347
1,126,1357
1,113,1351
1,126,1345
1,118,1354
1,134,1353
1,112,1349
1,129,1351
1,124,1339
1,117,1343
1,117,294
1,189,409
1,167,254
1,118,255
1,173,297
1,193,409
1,170,416
1,195,384
1,205,399
1,154,291
1,124,256
1,171,307
1,201,396
1,180,319
1,197,377
1,204,415
1,184,405
1,100,312
1,212,421
1,120,286
1,218,402
1,182,253
1,208,389
1,171,321
1,148,276
1,195,408
1,174,309
1,189,345
1,114,298
1,124,274
1,191,393
1,204,383
1,191,366
1,216,400
1,186,337
1,223,406
1,194,406
1,212,418
1,195,399
1,190,299
1,197,306
1,191,301
1,195,305
1,188,303
1,181,299
1,187,289
1,190,292
1,191,298
1,196,296
1,194,298
1,196,292
1,184,328
1,179,323
1,196,333
1,182,333
1,188,326
1,195,329
1,187,338
1,192,326
1,199,323
1,180,340
1,183,325
1,187,329
1,167,411
1,169,406
1,166,413
1,168,414
1,174,408
1,175,402
1,172,409
1,181,405
1,170,407
1,173,404
1,174,413
1,170,404
1,174,286
1,182,295
1,175,302
1,178,304
1,175,293
1,180,292
1,171,295
1,164,294
1,175,290
1,175,299
1,179,287
1,171,289
1,168,1240
1,182,1250
1,256,1164
1,192,1168
1,172,1165
1,140,1167
1,181,1267
1,169,1256
1,261,1212
1,226,1139
1,168,1220
1,240,1226
1,226,1217
1,221,1249
1,229,1157
1,230,1193
1,178,1200
1,220,1196
1,262,1215
1,196,1241
1,237,1159
1,171,1223
1,240,1258
1,188,1226
1,155,1171
1,181,1236
1,268,1148
1,202,1238
1,250,1217
1,253,1229
1,181,1178
1,267,1140
1,209,1301
1,175,1187
1,180,1168
1,157,1233
1,179,1272
1,230,1147
1,154,1193
1,226,1263
1,256,1157
1,249,1139
1,235,1212
1,221,1187
1,263,1125
1,196,1265
1,197,1254
1,227,1171
1,229,1108
1,217,1155
1,199,1200
1,234,1276
1,262,1212
1,246,1235
1,175,1258
1,209,1223
1,260,1160
1,245,1137
1,187,1261
1,226,1262
1,231,1296
1,212,1164
1,230,1123
1,216,1228
1,214,1274
1,234,1273
1,178,1248
1,225,1166
1,191,1212
1,184,1208
1,160,1212
1,186,1161
1,187,1266
1,151,1191
1,158,1231
1,247,1236
1,176,1181
1,137,1162
1,228,1176
1,218,1288
1,250,1174
1,179,1264
1,257,1130
1,241,1246
1,208,1165
1,153,1245
1,180,1165
1,226,1166
1,175,1257
1,179,1256
1,175,1265
1,175,1244
1,171,1252
1,177,1253
1,159,1245
1,179,1252
1,169,1261
1,169,1257
1,163,1250
1,177,1240
1,252,1238
1,253,1234
1,253,1252
1,254,1237
1,251,1237
1,252,1240
1,251,1254
1,250,1237
1,254,1232
1,249,1241
1,255,1240
1,250,1255
1,233,1285
1,228,1289
1,224,1288
1,226,1280
1,223,1286
1,226,1288
1,215,1293
1,227,1294
1,229,1287
1,215,1281
1,218,1275
1,219,1290
1,138,1163
1,147,1177
1,144,1171
1,142,1163
1,142,1177
1,134,1163
1,141,1178
1,136,1168
1,146,1178
1,136,1162
1,139,1171
1,143,1170
1,197,639
1,183,597
1,183,637
1,215,588
1,193,579
1,164,627
1,193,635
1,166,669
1,221,629
1,159,651
1,169,662
1,169,639
1,204,632
1,215,637
1,219,622
1,205,592
1,172,651
1,211,612
1,194,657
1,167,655
1,211,639
1,197,582
1,165,670
1,190,599
1,171,673
1,156,630
1,223,631
1,189,629
1,187,633
1,170,631
1,165,626
1,177,639
1,176,630
1,177,625
1,179,633
1,181,637
1,169,623
1,173,635
1,169,626
1,191,649
1,182,653
1,193,656
1,204,656
1,185,653
1,201,653
1,187,652
1,190,651
1,187,654
1,201,648
1,188,656
1,189,653
1,183,615
1,178,612
1,173,605
1,178,610
1,179,608
1,176,613
1,181,598
1,186,623
1,178,604
1,172,615
1,175,612
1,177,614
1,172,655
1,176,670
1,176,655
1,170,657
1,163,645
1,181,660
1,183,660
1,184,657
1,175,657
1,180,660
1,182,664
1,172,656
1,260,634
1,302,619
1,278,694
1,269,653
1,297,577
1,280,697
1,282,603
1,307,689
1,199,727
1,260,682
1,291,649
1,261,658
1,266,646
1,299,586
1,298,639
1,288,628
1,286,657
1,302,634
1,287,688
1,313,601
1,270,623
1,290,587
1,271,679
1,253,704
1,328,699
1,306,686
1,201,731
1,273,697
1,298,627
1,205,727
1,276,657
1,272,653
1,253,644
1,265,633
1,313,624
1,285,637
1,304,638
1,308,581
1,307,616
1,255,648
1,303,646
1,267,640
1,310,622
1,286,694
1,263,681
1,268,682
1,273,677
1,269,686
1,281,688
1,280,679
1,278,683
1,276,675
1,264,680
1,274,672
1,269,677
1,274,689
1,335,713
1,330,713
1,336,720
1,330,712
1,337,718
1,336,718
1,329,708
1,337,715
1,331,717
1,333,717
1,336,716
1,336,719
1,297,634
1,302,637
1,294,634
1,295,633
1,294,631
1,288,634
1,283,635
1,307,637
1,297,637
1,287,628
1,293,642
1,289,635
1,303,686
1,291,682
1,294,690
1,301,688
1,296,696
1,292,682
1,301,678
1,297,690
1,306,687
1,296,684
1,302,684
1,303,693
1,241,4
1,364,25
1,294,50
1,231,17
1,257,11
1,324,12
1,250,12
1,265,62
1,325,16
1,319,12
1,216,14
1,220,15
1,285,21
1,220,11
1,220,10
1,278,64
1,276,47
1,325,12
1,228,29
1,291,43
1,268,58
1,249,12
1,227,30
1,274,60
1,326,3
1,218,6
1,252,2
1,253,12
1,255,0
1,253,43
1,369,25
1,314,3
1,316,13
1,314,6
1,306,3
1,300,10
1,313,9
1,311,7
1,309,15
1,310,9
1,311,15
1,311,13
1,317,14
1,280,32
1,275,29
1,270,20
1,277,27
1,273,37
1,277,32
1,265,27
1,267,22
1,279,22
1,282,21
1,268,25
1,269,29
1,310,22
1,302,20
1,308,20
1,304,23
1,308,11
1,309,22
1,299,24
1,312,11
1,315,19
1,308,23
1,304,21
1,307,27
1,258,31
1,257,33
1,261,47
1,260,39
1,262,41
1,261,46
1,274,45
1,266,51
1,263,53
1,264,40
1,266,41
1,259,41
1,257,166
1,270,130
1,207,94
1,236,90
1,269,103
1,237,191
1,254,200
1,263,164
1,231,110
1,255,136
1,210,97
1,282,135
1,228,91
1,247,170
1,235,196
1,239,113
1,261,188
1,246,131
1,257,155
1,208,69
1,248,115
1,231,204
1,264,103
1,257,181
1,283,148
1,258,165
1,261,162
1,270,112
1,261,130
1,274,129
1,262,102
1,257,144
1,274,144
1,269,138
1,272,148
1,267,147
1,278,142
1,276,150
1,269,136
1,277,152
1,273,144
1,278,137
1,267,149
1,278,156
1,242,103
1,236,103
1,241,97
1,252,103
1,234,103
1,249,113
1,229,106
1,234,108
1,252,106
1,242,112
1,244,110
1,244,114
1,263,148
1,258,146
1,258,147
1,259,144
1,251,137
1,255,144
1,250,132
1,245,146
1,253,139
1,257,131
1,252,142
1,262,156
1,274,123
1,281,108
1,277,140
1,282,125
1,279,129
1,268,122
1,270,135
1,280,115
1,279,133
1,281,129
1,279,123
1,275,129
1,257,348
1,216,290
1,329,333
1,315,367
1,280,317
1,257,297
1,287,306
1,254,315
1,261,289
1,292,309
1,258,309
1,243,251
1,259,318
1,285,351
1,239,286
1,250,328
1,245,282
1,287,324
1,234,269
1,231,253
1,303,352
1,215,282
1,264,283
1,222,286
1,249,292
1,299,314
1,298,307
1,249,338
1,328,335
1,227,288
1,265,331
1,289,352
1,296,278
1,325,363
1,296,337
1,287,311
1,243,272
1,288,315
1,259,329
1,322,354
1,247,317
1,227,268
1,246,328
1,269,281
1,256,275
1,255,272
1,263,289
1,266,282
1,252,283
1,262,282
1,252,281
1,263,284
1,261,297
1,251,284
1,265,285
1,224,271
1,230,280
1,232,276
1,221,273
1,225,271
1,232,263
1,221,275
1,231,264
1,230,265
1,228,269
1,226,266
1,226,265
1,298,316
1,298,312
1,300,306
1,294,317
1,294,310
1,287,322
1,296,311
1,302,318
1,294,298
1,289,307
1,288,324
1,296,310
1,293,279
1,302,277
1,298,277
1,291,285
1,300,287
1,295,280
1,299,277
1,297,280
1,298,279
1,295,279
1,308,281
1,298,285
1,303,715
1,251,718
1,300,720
1,289,752
1,264,712
1,304,706
1,317,717
1,267,762
1,258,741
1,315,708
1,252,725
1,235,735
1,311,704
1,238,744
1,287,723
1,242,744
1,279,748
1,309,706
1,234,754
1,285,708
1,288,718
1,237,764
1,246,738
1,262,738
1,285,748
1,296,761
1,287,764
1,291,765
1,284,750
1,286,758
1,279,754
1,297,754
1,288,755
1,282,759
1,278,764
1,288,757
1,286,765
1,279,735
1,273,731
1,273,725
1,275,732
1,275,728
1,282,730
1,269,728
1,278,715
1,269,724
1,284,735
1,281,725
1,263,728
1,299,744
1,298,726
1,299,737
1,308,740
1,301,740
1,292,741
1,297,734
1,289,733
1,301,746
1,297,730
1,296,738
1,296,743
1,297,748
1,304,744
1,291,751
1,291,739
1,301,753
1,304,740
1,313,735
1,303,750
1,305,750
1,300,747
1,296,748
1,295,754
1,334,1263
1,331,1294
1,386,1323
1,314,1301
1,292,1358
1,309,1358
1,361,1261
1,323,1356
1,347,1269
1,276,1345
1,357,1284
1,268,1359
1,383,1292
1,332,1260
1,378,1262
1,299,1317
1,281,1373
1,282,1343
1,378,1271
1,361,1263
1,277,1363
1,344,1294
1,273,1355
1,271,1385
1,353,1310
1,372,1265
1,391,1286
1,295,1353
1,344,1244
1,325,1332
1,351,1243
1,358,1286
1,289,1342
1,319,1336
1,262,1352
1,351,1272
1,317,1299
1,278,1364
1,318,1331
1,298,1302
1,276,1360
1,287,1330
1,264,1327
1,356,1274
1,349,1276
1,241,1389
1,339,1262
1,370,1246
1,270,1339
1,282,1370
1,352,1268
1,416,1313
1,292,1344
1,290,1351
1,348,1277
1,383,1252
1,299,1318
1,405,1314
1,235,1387
1,279,1323
1,253,1381
1,256,1369
1,248,1384
1,251,1365
1,247,1374
1,248,1379
1,251,1380
1,251,1377
1,255,1376
1,251,1375
1,234,1384
1,254,1382
1,260,1356
1,273,1365
1,265,1362
1,271,1360
1,270,1357
1,270,1361
1,275,1368
1,267,1367
1,274,1372
1,270,1359
1,267,1372
1,276,1359
1,296,1327
1,281,1334
1,283,1326
1,290,1322
1,296,1323
1,304,1323
1,280,1324
1,295,1317
1,289,1321
1,277,1330
1,298,1327
1,280,1320
1,390,1318
1,377,1317
1,376,1316
1,386,1319
1,376,1317
1,376,1312
1,382,1317
1,384,1311
1,391,1315
1,400,1322
1,382,1318
1,390,1317
1,302,1013
1,293,978
1,284,985
1,302,995
1,281,975
1,316,1013
1,283,975
1,281,965
1,308,985
1,276,1010
1,283,982
1,313,975
1,299,1007
1,307,986
1,304,991
1,294,1006
1,283,1008
1,335,970
1,332,984
1,347,1029
1,289,1013
1,350,1031
1,350,1032
1,344,1027
1,354,1031
1,349,1031
1,358,1034
1,349,1029
1,345,1033
1,354,1032
1,349,1034
1,364,1029
1,348,1031
1,296,964
1,299,973
1,290,968
1,285,968
1,288,977
1,293,970
1,293,974
1,293,965
1,288,965
1,284,971
1,284,987
1,289,976
1,336,986
1,333,985
1,331,994
1,338,987
1,329,985
1,336,989
1,338,986
1,325,983
1,339,979
1,335,981
1,341,979
1,335,987
1,314,981
1,304,971
1,308,974
1,299,979
1,316,978
1,307,976
1,313,979
1,321,975
1,303,980
1,296,977
1,315,979
1,301,973
1,320,483
1,338,577
1,264,455
1,298,488
1,336,509
1,323,534
1,341,567
1,337,593
1,348,570
1,316,559
1,314,539
1,349,580
1,333,538
1,299,566
1,309,536
1,326,531
1,326,471
1,308,557
1,273,464
1,327,582
1,322,549
1,275,465
1,341,575
1,318,578
1,292,488
1,330,554
1,327,554
1,332,558
1,329,548
1,335,557
1,328,559
1,333,548
1,333,542
1,334,547
1,324,539
1,326,546
1,328,562
1,275,467
1,276,468
1,275,463
1,274,465
1,278,467
1,273,466
1,284,468
1,278,463
1,267,457
1,271,461
1,272,465
1,274,467
1,338,572
1,329,584
1,327,581
1,346,593
1,340,583
1,341,592
1,331,586
1,333,597
1,348,587
1,336,595
1,344,581
1,334,589
1,313,534
1,321,540
1,322,540
1,311,541
1,320,535
1,310,553
1,318,540
1,313,547
1,313,551
1,308,543
1,314,546
1,309,542
1,426,924
1,411,898
1,371,898
1,379,905
1,395,907
1,331,899
1,399,899
1,401,926
1,413,929
1,391,908
1,388,916
1,400,917
1,421,905
1,252,895
1,418,925
1,327,901
1,431,901
1,404,923
1,428,928
1,416,930
1,420,922
1,406,930
1,415,931
1,412,932
1,422,928
1,427,924
1,400,932
1,413,927
1,417,937
1,389,893
1,386,896
1,389,890
1,396,894
1,393,897
1,382,894
1,390,907
1,393,903
1,387,900
1,395,899
1,393,901
1,387,902
1,419,899
1,436,907
1,432,912
1,429,909
1,431,899
1,436,908
1,433,905
1,435,903
1,426,907
1,431,902
1,435,901
1,424,899
1,420,917
1,430,906
1,422,915
1,428,905
1,422,921
1,421,921
1,424,903
1,425,907
1,417,920
1,410,908
1,427,915
1,424,919
1,361,1117
1,379,1222
1,332,1204
1,283,1189
1,386,1192
1,302,1191
1,373,1175
1,400,1227
1,372,1144
1,375,1192
1,413,1223
1,324,1203
1,331,1192
1,334,1199
1,361,1163
1,325,1136
1,352,1172
1,336,1129
1,374,1169
1,346,1118
1,309,1152
1,341,1197
1,302,1168
1,304,1218
1,337,1143
1,398,1186
1,396,1217
1,357,1145
1,267,1172
1,382,1180
1,331,1140
1,321,1127
1,381,1217
1,337,1176
1,345,1125
1,286,1153
1,290,1217
1,289,1216
1,365,1199
1,406,1213
1,362,1205
1,364,1140
1,391,1223
1,316,1182
1,402,1194
1,323,1173
1,340,1125
1,382,1159
1,395,1212
1,348,1208
1,377,1174
1,328,1125
1,355,1158
1,300,1159
1,290,1159
1,309,1193
1,366,1139
1,352,1143
1,362,1143
1,359,1140
1,374,1140
1,367,1139
1,360,1138
1,369,1147
1,374,1148
1,358,1142
1,354,1141
1,369,1140
1,310,1176
1,315,1172
1,308,1166
1,314,1173
1,314,1166
1,306,1171
1,314,1161
1,318,1181
1,311,1170
1,306,1163
1,306,1174
1,320,1165
1,335,1156
1,334,1156
1,327,1157
1,329,1158
1,344,1155
1,330,1144
1,335,1157
1,327,1152
1,333,1142
1,331,1166
1,325,1152
1,340,1147
1,394,1210
1,397,1206
1,383,1212
1,391,1208
1,391,1198
1,398,1212
1,387,1213
1,390,1209
1,389,1215
1,381,1208
1,395,1201
1,388,1204
1,389,114
1,338,99
1,351,168
1,344,172
1,320,86
1,303,207
1,343,182
1,324,114
1,333,158
1,334,126
1,306,232
1,280,247
1,334,227
1,328,100
1,330,96
1,298,199
1,309,161
1,359,228
1,367,107
1,348,151
1,317,82
1,316,156
1,362,65
1,344,132
1,390,130
1,328,112
1,324,235
1,343,207
1,356,74
1,341,88
1,281,246
1,316,215
1,397,117
1,310,116
1,300,172
1,362,137
1,299,224
1,336,167
1,372,135
1,352,147
1,314,86
1,316,165
1,359,114
1,309,206
1,348,132
1,334,170
1,329,128
1,334,93
1,322,223
1,366,136
1,290,243
1,318,153
1,303,147
1,332,148
1,316,141
1,316,147
1,318,155
1,320,135
1,324,148
1,321,148
1,326,144
1,312,154
1,318,150
1,328,122
1,323,123
1,323,127
1,325,121
1,317,125
1,329,125
1,312,126
1,323,126
1,317,129
1,330,125
1,328,119
1,329,120
1,319,96
1,325,86
1,319,86
1,328,98
1,320,102
1,335,103
1,315,97
1,318,90
1,340,96
1,330,88
1,323,88
1,319,99
1,354,161
1,344,152
1,352,152
1,344,156
1,353,168
1,352,160
1,335,168
1,343,159
1,349,152
1,339,155
1,353,152
1,335,150
1,294,864
1,374,822
1,353,886
1,384,840
1,325,798
1,374,830
1,299,850
1,350,841
1,351,803
1,343,795
1,311,879
1,389,852
1,329,864
1,329,803
1,322,799
1,386,848
1,356,877
1,357,794
1,356,788
1,356,877
1,379,835
1,335,864
1,351,860
1,335,822
1,317,838
1,301,860
1,305,845
1,343,824
1,376,831
1,333,878
1,323,877
1,326,823
1,342,835
1,364,814
1,370,811
1,322,836
1,368,785
1,370,770
1,373,834
1,365,839
1,358,847
1,364,841
1,377,855
1,372,846
1,372,856
1,368,844
1,353,849
1,367,847
1,368,850
1,377,839
1,364,856
1,305,845
1,304,844
1,304,851
1,305,842
1,298,837
1,306,852
1,309,861
1,297,843
1,309,849
1,298,862
1,307,849
1,306,848
1,330,848
1,330,846
1,329,850
1,336,856
1,344,844
1,329,857
1,337,851
1,331,860
1,335,851
1,334,851
1,328,857
1,341,856
1,364,794
1,353,806
1,357,803
1,361,806
1,358,804
1,363,808
1,366,806
1,366,802
1,368,794
1,359,794
1,360,794
1,368,815
1,330,436
1,336,458
1,419,442
1,363,473
1,377,429
1,392,440
1,385,457
1,387,463
1,377,435
1,384,458
1,345,439
1,395,458
1,350,390
1,356,429
1,359,411
1,337,458
1,374,468
1,415,447
1,415,438
1,360,418
1,339,436
1,351,454
1,337,425
1,349,449
1,353,419
1,374,455
1,361,474
1,363,432
1,326,446
1,338,443
1,338,457
1,341,449
1,338,460
1,342,447
1,334,444
1,337,451
1,344,444
1,346,441
1,332,442
1,345,461
1,386,441
1,393,437
1,387,450
1,381,449
1,381,441
1,388,455
1,385,445
1,393,452
1,388,456
1,392,442
1,397,452
1,381,439
1,392,437
1,388,437
1,391,437
1,380,428
1,380,432
1,389,435
1,396,441
1,390,432
1,379,427
1,389,436
1,378,435
1,383,435
1,365,417
1,358,414
1,353,422
1,362,416
1,357,412
1,355,405
1,362,412
1,356,417
1,359,404
1,352,421
1,360,421
1,355,416
1,332,637
1,331,739
1,364,626
1,321,753
1,365,709
1,363,641
1,349,699
1,351,692
1,363,701
1,355,639
1,326,634
1,378,628
1,319,651
1,377,707
1,371,706
1,367,740
1,383,748
1,316,652
1,327,751
1,329,759
1,350,672
1,374,693
1,364,677
1,350,694
1,371,738
1,372,728
1,369,740
1,380,738
1,368,740
1,376,730
1,379,738
1,363,734
1,380,735
1,371,742
1,371,736
1,381,729
1,323,656
1,330,656
1,326,650
1,334,653
1,334,651
1,332,659
1,327,658
1,329,656
1,323,658
1,338,660
1,335,661
1,329,657
1,345,716
1,346,714
1,348,719
1,348,712
1,349,705
1,355,709
1,345,714
1,342,713
1,357,703
1,346,718
1,343,720
1,345,719
1,350,727
1,345,718
1,336,740
1,347,740
1,347,721
1,346,742
1,349,737
1,348,737
1,352,731
1,343,731
1,355,734
1,350,737
1,356,295
1,332,284
1,390,297
1,363,287
1,365,294
1,335,293
1,381,287
1,372,300
1,368,299
1,375,303
1,375,304
1,385,300
1,365,301
1,378,296
1,369,295
1,367,304
1,368,286
1,367,292
1,357,303
1,370,284
1,383,294
1,382,297
1,372,291
1,378,294
1,377,287
1,369,286
1,378,290
1,375,297
1,378,287
1,385,302
1,377,290
1,340,286
1,338,288
1,351,291
1,350,287
1,357,286
1,346,290
1,351,287
1,337,292
1,342,285
1,347,290
1,352,291
1,345,287
1,390,302
1,376,289
1,381,297
1,374,301
1,377,298
1,392,297
1,385,295
1,381,298
1,385,293
1,373,296
1,382,294
1,385,302
1,381,528
1,396,551
1,392,524
1,379,496
1,348,545
1,363,520
1,390,552
1,385,493
1,402,513
1,390,534
1,381,534
1,422,478
1,350,532
1,389,539
1,404,539
1,358,534
1,404,547
1,345,524
1,368,551
1,366,543
1,387,561
1,360,528
1,358,512
1,362,519
1,366,514
1,358,532
1,364,522
1,369,515
1,368,512
1,373,516
1,357,518
1,373,519
1,366,518
1,350,524
1,348,517
1,350,514
1,344,524
1,350,518
1,348,519
1,354,515
1,349,513
1,356,515
1,347,520
1,352,528
1,353,529
1,410,518
1,413,519
1,411,527
1,421,524
1,414,520
1,410,516
1,411,517
1,409,533
1,419,518
1,413,526
1,414,515
1,419,521
1,353,535
1,347,534
1,347,533
1,353,529
1,356,535
1,349,531
1,344,531
1,347,538
1,355,529
1,350,531
1,344,529
1,348,538
1,420,330
1,409,303
1,422,331
1,381,353
1,380,314
1,479,306
1,478,303
1,429,310
1,444,292
1,456,318
1,458,300
1,441,321
1,472,307
1,376,316
1,425,318
1,377,339
1,384,349
1,375,356
1,394,355
1,384,334
1,453,299
1,428,292
1,393,314
1,405,313
1,466,316
1,435,306
1,371,379
1,454,319
1,446,308
1,446,294
1,439,307
1,429,308
1,434,291
1,440,296
1,432,304
1,440,303
1,436,310
1,445,311
1,442,308
1,431,305
1,409,293
1,414,299
1,409,289
1,394,302
1,407,294
1,404,296
1,400,304
1,400,298
1,406,298
1,406,294
1,410,293
1,408,297
1,434,308
1,447,313
1,443,323
1,438,327
1,442,305
1,429,317
1,434,310
1,441,310
1,441,312
1,439,316
1,448,316
1,435,329
1,446,309
1,434,312
1,436,305
1,444,300
1,441,310
1,442,316
1,428,301
1,449,307
1,450,302
1,450,307
1,442,304
1,449,308
1,457,232
1,470,195
1,390,185
1,459,173
1,420,137
1,440,122
1,432,172
1,479,189
1,442,171
1,488,217
1,472,205
1,447,204
1,418,182
1,434,126
1,413,195
1,463,200
1,501,195
1,480,227
1,429,148
1,477,226
1,455,186
1,487,209
1,460,173
1,406,151
1,507,200
1,465,209
1,437,151
1,486,198
1,457,166
1,411,145
1,408,153
1,437,211
1,424,136
1,398,165
1,423,144
1,483,216
1,443,128
1,476,191
1,446,171
1,483,205
1,437,145
1,480,182
1,517,190
1,417,157
1,489,194
1,461,214
1,451,215
1,458,211
1,468,220
1,459,219
1,462,223
1,455,211
1,459,212
1,462,211
1,462,221
1,458,213
1,453,218
1,422,186
1,406,183
1,409,195
1,414,192
1,413,184
1,400,182
1,413,188
1,414,176
1,408,176
1,402,189
1,407,195
1,414,186
1,476,207
1,470,221
1,465,221
1,463,217
1,479,207
1,473,205
1,478,214
1,477,212
1,487,217
1,475,219
1,468,214
1,468,220
1,438,110
1,439,106
1,436,115
1,426,119
1,434,112
1,433,117
1,439,112
1,430,121
1,429,116
1,442,115
1,440,119
1,431,113
1,448,791
1,377,785
1,400,764
1,447,787
1,397,782
1,402,792
1,400,767
1,430,742
1,404,796
1,432,791
1,403,843
1,422,761
1,403,785
1,392,787
1,421,784
1,399,775
1,412,780
1,439,729
1,432,762
1,414,758
1,425,757
1,428,760
1,413,762
1,424,746
1,422,753
1,419,751
1,422,758
1,419,754
1,431,751
1,421,753
1,446,711
1,440,717
1,442,710
1,447,716
1,441,720
1,446,712
1,448,721
1,446,719
1,447,714
1,443,714
1,444,709
1,443,715
1,462,733
1,461,734
1,462,736
1,451,734
1,458,726
1,457,730
1,459,731
1,448,735
1,459,736
1,453,733
1,460,737
1,452,732
1,427,773
1,434,780
1,421,775
1,434,771
1,424,778
1,437,789
1,422,768
1,424,770
1,416,771
1,441,781
1,430,782
1,434,769
1,412,970
1,436,952
1,415,942
1,443,989
1,441,989
1,399,941
1,401,951
1,459,961
1,426,966
1,424,984
1,461,970
1,441,970
1,412,953
1,439,999
1,428,952
1,460,931
1,424,1000
1,394,1030
1,462,941
1,413,1024
1,395,1027
1,463,976
1,449,988
1,461,937
1,389,1052
1,421,1003
1,392,1021
1,409,952
1,411,983
1,475,963
1,412,957
1,425,954
1,410,994
1,415,945
1,404,937
1,410,940
1,402,938
1,417,942
1,407,938
1,408,952
1,408,939
1,414,947
1,406,955
1,417,948
1,406,941
1,407,1001
1,411,1009
1,411,992
1,403,997
1,406,1005
1,404,1003
1,404,1000
1,406,1002
1,406,1006
1,406,997
1,408,1010
1,405,1009
1,404,1021
1,402,1023
1,407,1032
1,399,1023
1,398,1028
1,394,1038
1,406,1027
1,406,1019
1,409,1020
1,404,1028
1,410,1027
1,405,1032
1,483,941
1,471,941
1,473,939
1,472,936
1,464,939
1,482,947
1,472,949
1,470,937
1,473,943
1,468,941
1,465,938
1,472,928
1,414,615
1,408,637
1,418,619
1,448,631
1,408,594
1,425,697
1,438,625
1,422,592
1,421,671
1,404,668
1,425,612
1,426,667
1,394,660
1,416,631
1,442,655
1,421,697
1,433,670
1,423,683
1,435,657
1,423,705
1,411,635
1,422,630
1,406,668
1,423,731
1,428,690
1,405,701
1,406,641
1,405,651
1,413,666
1,402,659
1,408,667
1,410,658
1,407,658
1,399,656
1,410,648
1,404,651
1,407,655
1,418,650
1,426,633
1,423,628
1,426,631
1,416,626
1,425,624
1,420,621
1,423,636
1,422,642
1,424,626
1,424,630
1,427,630
1,426,630
1,439,660
1,438,664
1,435,668
1,439,659
1,440,655
1,438,665
1,441,663
1,441,657
1,432,672
1,436,668
1,431,670
1,440,659
1,430,682
1,412,683
1,431,677
1,413,675
1,425,667
1,420,670
1,413,672
1,422,661
1,421,671
1,424,682
1,433,676
1,423,674
1,429,1255
1,414,1251
1,403,1267
1,514,1237
1,457,1218
1,417,1264
1,451,1257
1,466,1215
1,475,1262
1,485,1254
1,502,1237
1,442,1267
1,486,1232
1,459,1262
1,474,1233
1,483,1234
1,451,1245
1,450,1211
1,415,1260
1,479,1252
1,489,1260
1,494,1227
1,455,1185
1,464,1211
1,420,1260
1,413,1258
1,418,1263
1,424,1264
1,425,1262
1,415,1258
1,412,1259
1,421,1266
1,419,1250
1,416,1257
1,427,1256
1,427,1257
1,418,1245
1,422,1246
1,419,1249
1,426,1254
1,427,1258
1,416,1247
1,427,1238
1,422,1241
1,425,1250
1,423,1249
1,422,1245
1,421,1247
1,433,1255
1,420,1251
1,428,1259
1,436,1251
1,427,1255
1,428,1239
1,426,1259
1,422,1252
1,424,1258
1,440,1246
1,430,1257
1,435,1257
1,492,1255
1,496,1252
1,488,1255
1,502,1243
1,488,1245
1,485,1252
1,482,1262
1,497,1247
1,497,1248
1,495,1238
1,491,1240
1,489,1247
1,499,1036
1,447,1038
1,509,1074
1,477,1025
1,442,1032
1,529,1078
1,500,1052
1,451,1035
1,445,1038
1,472,1018
1,518,1055
1,489,1062
1,474,1060
1,499,1046
1,453,1029
1,530,1086
1,499,1052
1,455,1041
1,521,1066
1,486,1040
1,478,1018
1,521,1045
1,445,1055
1,455,1056
1,446,1046
1,455,1055
1,454,1052
1,469,1053
1,460,1055
1,461,1055
1,453,1048
1,465,1053
1,460,1050
1,451,1053
1,443,1033
1,447,1018
1,451,1019
1,450,1025
1,441,1022
1,449,1016
1,454,1021
1,442,1025
1,441,1027
1,443,1025
1,453,1025
1,448,1023
1,495,1077
1,509,1078
1,504,1075
1,506,1061
1,500,1069
1,508,1072
1,496,1063
1,498,1064
1,504,1059
1,506,1081
1,507,1063
1,511,1068
1,475,1035
1,482,1045
1,488,1047
1,485,1038
1,480,1041
1,483,1037
1,476,1032
1,492,1035
1,482,1042
1,472,1038
1,483,1035
1,477,1044
1,461,1388
1,454,1390
1,514,1369
1,480,1382
1,484,1374
1,502,1384
1,517,1376
1,518,1381
1,526,1377
1,520,1379
1,523,1385
1,523,1382
1,515,1388
1,530,1379
1,524,1382
1,522,1385
1,515,1381
1,529,1387
1,514,1377
1,515,1368
1,511,1377
1,498,1381
1,512,1371
1,499,1377
1,516,1372
1,522,1378
1,515,1370
1,513,1380
1,506,1375
1,511,1375
1,477,1372
1,482,1380
1,486,1379
1,481,1378
1,490,1379
1,494,1381
1,476,1387
1,480,1373
1,487,1377
1,496,1378
1,479,1373
1,478,1377
1,528,1386
1,528,1385
1,527,1390
1,518,1388
1,523,1390
1,526,1390
1,522,1388
1,511,1389
1,520,1389
1,527,1389
1,519,1384
1,522,1385
1,506,1321
1,544,1387
1,503,1346
1,459,1295
1,485,1344
1,533,1330
1,570,1373
1,496,1326
1,603,1374
1,607,1380
1,570,1375
1,532,1359
1,548,1389
1,463,1319
1,529,1323
1,543,1380
1,582,1339
1,560,1364
1,483,1327
1,465,1294
1,582,1351
1,505,1343
1,617,1371
1,548,1355
1,616,1386
1,455,1311
1,464,1317
1,564,1344
1,491,1346
1,534,1334
1,589,1350
1,448,1340
1,529,1304
1,513,1311
1,457,1304
1,495,1304
1,554,1378
1,534,1293
1,527,1348
1,444,1348
1,609,1372
1,623,1365
1,476,1292
1,522,1335
1,555,1335
1,493,1349
1,481,1293
1,488,1331
1,530,1293
1,577,1354
1,536,1372
1,467,1347
1,551,1336
1,540,1338
1,542,1341
1,548,1346
1,546,1346
1,554,1350
1,538,1346
1,545,1344
1,545,1337
1,549,1340
1,548,1341
1,530,1345
1,468,1336
1,452,1328
1,477,1336
1,465,1331
1,468,1328
1,471,1333
1,462,1342
1,459,1327
1,466,1337
1,465,1329
1,464,1340
1,463,1339
1,516,1279
1,513,1291
1,523,1283
1,515,1291
1,513,1293
1,516,1282
1,521,1286
1,512,1287
1,528,1284
1,517,1284
1,508,1281
1,523,1286
1,537,1337
1,527,1343
1,519,1342
1,536,1331
1,526,1328
1,535,1346
1,527,1342
1,531,1339
1,533,1342
1,534,1338
1,532,1338
1,522,1335
1,526,1155
1,496,1159
1,489,1176
1,495,1168
1,493,1168
1,499,1158
1,510,1177
1,523,1151
1,509,1149
1,518,1161
1,513,1148
1,525,1151
1,508,1149
1,523,1157
1,517,1157
1,517,1149
1,522,1149
1,506,1149
1,510,1155
1,508,1155
1,502,1152
1,512,1160
1,516,1159
1,508,1148
1,530,1151
1,520,1148
1,515,1152
1,520,1149
1,515,1149
1,511,1149
1,517,1147
1,493,1154
1,502,1159
1,513,1166
1,508,1167
1,505,1162
1,506,1157
1,511,1169
1,506,1169
1,508,1171
1,501,1155
1,497,1163
1,504,1171
1,514,1162
1,523,1175
1,523,1168
1,511,1170
1,512,1167
1,522,1165
1,519,1175
1,524,1169
1,519,1165
1,522,1164
1,516,1163
1,512,1175
1,509,359
1,479,338
1,505,364
1,553,297
1,502,411
1,498,376
1,512,350
1,499,332
1,490,343
1,516,346
1,533,406
1,528,397
1,498,277
1,517,358
1,493,376
1,521,402
1,500,331
1,501,283
1,552,298
1,487,312
1,514,385
1,547,416
1,488,301
1,495,368
1,557,300
1,524,316
1,496,274
1,489,408
1,496,326
1,514,341
1,520,334
1,524,406
1,513,406
1,532,412
1,517,408
1,510,414
1,516,407
1,526,411
1,516,416
1,515,417
1,514,416
1,522,413
1,529,414
1,502,272
1,488,281
1,506,287
1,499,279
1,507,274
1,509,279
1,500,276
1,500,281
1,508,273
1,499,283
1,501,284
1,503,274
1,488,332
1,495,340
1,484,339
1,491,346
1,499,331
1,494,339
1,489,344
1,486,346
1,486,328
1,496,335
1,489,349
1,496,336
1,484,301
1,492,294
1,490,295
1,496,299
1,488,297
1,488,296
1,497,294
1,490,293
1,494,288
1,485,285
1,500,291
1,492,299
1,514,982
1,563,982
1,578,970
1,484,989
1,507,994
1,535,992
1,539,983
1,518,974
1,569,976
1,541,972
1,568,959
1,564,974
1,544,947
1,522,984
1,541,984
1,499,984
1,530,992
1,509,968
1,510,974
1,530,974
1,518,982
1,503,991
1,516,1001
1,516,992
1,506,1001
1,510,995
1,508,998
1,513,995
1,513,1001
1,512,1001
1,521,1004
1,513,1002
1,522,1005
1,552,966
1,565,959
1,556,954
1,554,957
1,551,951
1,560,960
1,554,964
1,561,955
1,562,963
1,567,961
1,551,953
1,550,952
1,534,984
1,524,978
1,536,981
1,525,980
1,523,985
1,524,977
1,522,974
1,528,995
1,540,984
1,531,982
1,533,990
1,530,979
1,542,945
1,541,954
1,539,940
1,541,962
1,553,952
1,546,953
1,550,956
1,556,951
1,546,949
1,558,959
1,556,952
1,554,954
1,498,1193
1,499,1192
1,508,1186
1,507,1199
1,512,1191
1,509,1197
1,513,1189
1,510,1203
1,504,1202
1,509,1199
1,509,1204
1,509,1196
1,512,1197
1,512,1194
1,513,1193
1,513,1193
1,507,1188
1,512,1187
1,512,1198
1,509,1183
1,512,1192
1,506,1191
1,513,1196
1,508,1186
1,511,1201
1,506,1192
1,513,1192
1,487,1183
1,499,1190
1,494,1190
1,499,1184
1,501,1189
1,494,1191
1,490,1182
1,486,1182
1,496,1183
1,496,1185
1,493,1191
1,498,1185
1,488,1188
1,491,1180
1,500,1182
1,494,1185
1,489,1179
1,486,1183
1,490,1183
1,485,1180
1,478,1192
1,495,1182
1,499,1187
1,487,1179
1,544,735
1,564,737
1,590,729
1,540,722
1,631,815
1,558,720
1,599,794
1,580,768
1,509,727
1,590,742
1,609,774
1,516,712
1,610,793
1,580,729
1,528,734
1,511,697
1,539,709
1,549,732
1,575,756
1,563,742
1,579,723
1,565,768
1,599,799
1,598,727
1,598,784
1,611,772
1,557,752
1,606,809
1,579,707
1,611,808
1,542,720
1,555,714
1,568,769
1,595,720
1,593,713
1,597,718
1,594,726
1,598,723
1,592,717
1,595,715
1,595,722
1,582,715
1,595,719
1,596,728
1,588,716
1,565,767
1,574,772
1,575,774
1,577,768
1,577,772
1,572,773
1,573,766
1,585,766
1,578,772
1,580,773
1,579,768
1,569,757
1,625,802
1,634,805
1,635,809
1,621,809
1,632,810
1,630,802
1,625,805
1,628,799
1,623,795
1,634,810
1,634,804
1,633,804
1,524,716
1,510,715
1,513,702
1,515,715
1,515,706
1,504,721
1,511,717
1,516,704
1,524,711
1,520,709
1,527,715
1,526,708
1,514,1106
1,526,1116
1,511,1141
1,499,1138
1,514,1105
1,510,1123
1,502,1131
1,505,1141
1,501,1143
1,497,1141
1,512,1144
1,513,1141
1,508,1139
1,507,1136
1,505,1136
1,507,1131
1,510,1141
1,513,1139
1,497,1131
1,501,1120
1,495,1131
1,500,1130
1,500,1126
1,505,1134
1,495,1130
1,501,1133
1,497,1135
1,501,1134
1,500,1120
1,502,1137
1,502,1114
1,505,1116
1,501,1122
1,500,1123
1,503,1113
1,497,1116
1,501,1111
1,503,1124
1,508,1116
1,504,1112
1,496,1123
1,515,1123
1,513,1128
1,517,1119
1,513,1119
1,521,1125
1,519,1134
1,525,1123
1,522,1118
1,510,1127
1,520,1137
1,520,1133
1,517,1133
1,516,1135
1,645,85
1,598,20
1,549,65
1,689,72
1,534,54
1,588,25
1,561,59
1,525,116
1,513,65
1,608,57
1,627,128
1,536,94
1,563,76
1,529,98
1,560,87
1,603,84
1,645,78
1,658,84
1,544,56
1,535,75
1,575,92
1,660,85
1,579,22
1,597,30
1,586,76
1,675,66
1,548,113
1,539,54
1,683,62
1,600,114
1,550,54
1,579,66
1,648,144
1,701,63
1,635,93
1,604,38
1,570,40
1,682,61
1,588,59
1,652,77
1,610,119
1,611,64
1,649,138
1,528,117
1,534,82
1,508,66
1,646,146
1,572,56
1,536,95
1,656,67
1,541,50
1,514,113
1,649,115
1,622,66
1,586,94
1,541,73
1,623,77
1,623,97
1,653,143
1,578,53
1,573,107
1,623,121
1,664,135
1,655,137
1,639,124
1,546,83
1,616,136
1,518,65
1,574,105
1,595,3
1,568,109
1,580,30
1,614,82
1,616,89
1,610,90
1,617,83
1,611,84
1,622,86
1,620,94
1,614,94
1,630,87
1,624,80
1,613,82
1,601,80
1,568,70
1,568,67
1,569,64
1,559,66
1,572,63
1,559,67
1,568,75
1,574,75
1,564,63
1,569,74
1,562,62
1,569,66
1,532,68
1,527,69
1,528,77
1,521,71
1,529,78
1,521,81
1,527,68
1,531,75
1,527,71
1,522,69
1,519,77
1,523,72
1,553,86
1,556,91
1,548,93
1,549,100
1,553,103
1,562,85
1,549,96
1,554,102
1,551,92
1,557,90
1,549,92
1,549,99
1,568,1153
1,548,1173
1,573,1142
1,588,1102
1,537,1213
1,557,1206
1,566,1224
1,542,1194
1,577,1215
1,578,1138
1,543,1195
1,587,1099
1,574,1220
1,570,1235
1,540,1172
1,568,1207
1,550,1227
1,547,1191
1,570,1154
1,529,1203
1,563,1237
1,558,1177
1,575,1225
1,549,1208
1,539,1208
1,543,1208
1,555,1214
1,553,1205
1,549,1199
1,551,1197
1,551,1207
1,553,1195
1,538,1202
1,550,1210
1,554,1205
1,519,1194
1,525,1183
1,521,1186
1,516,1197
1,515,1192
1,518,1199
1,521,1189
1,517,1194
1,517,1191
1,524,1194
1,520,1190
1,524,1185
1,572,1226
1,567,1223
1,565,1220
1,576,1214
1,568,1229
1,569,1225
1,581,1223
1,579,1223
1,568,1224
1,564,1221
1,567,1219
1,571,1217
1,549,1243
1,560,1229
1,543,1247
1,562,1239
1,555,1241
1,556,1237
1,551,1242
1,556,1236
1,557,1246
1,551,1245
1,563,1244
1,557,1236
1,604,669
1,598,659
1,585,675
1,600,678
1,654,667
1,609,650
1,656,665
1,621,674
1,565,643
1,604,644
1,673,651
1,649,662
1,568,651
1,552,661
1,598,658
1,547,658
1,578,666
1,568,656
1,598,671
1,551,649
1,591,653
1,587,647
1,583,658
1,587,650
1,583,649
1,593,655
1,589,648
1,605,654
1,586,648
1,599,649
1,595,649
1,586,649
1,566,645
1,573,652
1,569,646
1,580,651
1,570,653
1,567,649
1,567,658
1,570,657
1,573,657
1,577,660
1,577,657
1,577,653
1,591,662
1,603,652
1,606,666
1,614,671
1,599,661
1,609,646
1,595,657
1,604,654
1,594,650
1,604,657
1,591,661
1,600,653
1,678,657
1,676,656
1,677,651
1,678,655
1,687,657
1,678,650
1,691,653
1,693,654
1,682,650
1,690,659
1,678,656
1,674,657
1,573,200
1,551,152
1,641,192
1,591,185
1,577,160
1,646,216
1,561,193
1,585,193
1,658,223
1,566,189
1,554,159
1,616,237
1,566,199
1,580,200
1,601,189
1,636,217
1,621,191
1,592,191
1,614,189
1,566,168
1,607,186
1,596,246
1,547,154
1,559,170
1,610,212
1,562,152
1,547,140
1,554,150
1,622,237
1,591,159
1,544,135
1,543,166
1,555,167
1,544,167
1,544,161
1,536,160
1,544,165
1,555,164
1,542,161
1,547,159
1,548,165
1,544,159
1,541,162
1,587,180
1,591,185
1,593,182
1,586,189
1,584,168
1,589,183
1,595,191
1,587,185
1,594,171
1,589,180
1,583,172
1,584,183
1,634,198
1,628,203
1,628,198
1,633,186
1,639,204
1,638,195
1,633,196
1,632,194
1,637,210
1,626,198
1,631,193
1,626,196
1,604,170
1,600,169
1,596,171
1,594,162
1,594,160
1,599,164
1,607,171
1,605,168
1,601,166
1,608,175
1,596,175
1,608,171
1,537,1082
1,653,1091
1,649,1094
1,622,1108
1,634,1106
1,612,1101
1,642,1100
1,582,1083
1,650,1100
1,615,1087
1,635,1098
1,657,1093
1,620,1089
1,598,1073
1,566,1089
1,643,1100
1,569,1084
1,604,1100
1,616,1094
1,607,1098
1,601,1091
1,607,1087
1,601,1087
1,609,1102
1,594,1092
1,603,1101
1,608,1100
1,601,1097
1,600,1094
1,609,1090
1,610,1100
1,603,1092
1,605,1095
1,605,1100
1,608,1096
1,624,1101
1,611,1097
1,606,1100
1,614,1095
1,615,1088
1,622,1088
1,629,1085
1,621,1092
1,634,1093
1,616,1089
1,626,1090
1,610,1078
1,628,1090
1,621,1094
1,619,1096
1,632,1086
1,612,1087
1,622,1086
1,635,1094
1,632,1104
1,624,1097
1,642,1102
1,640,1098
1,634,1096
1,631,1089
1,636,1096
1,643,1103
1,632,1098
1,640,1099
1,637,1113
1,579,318
1,574,299
1,579,320
1,596,295
1,563,324
1,597,309
1,572,360
1,604,277
1,558,312
1,569,294
1,594,322
1,580,295
1,574,357
1,580,285
1,576,361
1,582,288
1,587,332
1,580,337
1,578,343
1,579,325
1,584,347
1,585,337
1,584,346
1,586,333
1,580,344
1,588,331
1,583,328
1,576,341
1,586,339
1,575,333
1,562,338
1,564,344
1,564,334
1,556,337
1,564,335
1,568,346
1,565,347
1,570,339
1,562,341
1,570,337
1,567,337
1,579,363
1,580,357
1,581,357
1,582,352
1,579,369
1,580,353
1,577,370
1,581,355
1,568,358
1,580,363
1,582,362
1,576,369
1,582,296
1,589,294
1,592,292
1,587,283
1,587,304
1,581,296
1,576,300
1,588,285
1,576,286
1,582,297
1,589,298
1,582,294
1,628,900
1,601,891
1,578,890
1,615,896
1,622,898
1,604,888
1,587,886
1,582,927
1,599,925
1,585,908
1,593,918
1,593,909
1,611,913
1,605,896
1,613,896
1,606,893
1,574,911
1,604,907
1,616,902
1,618,903
1,606,915
1,608,909
1,618,902
1,617,901
1,624,907
1,615,914
1,613,911
1,608,904
1,606,911
1,610,919
1,598,919
1,606,916
1,600,910
1,600,918
1,593,922
1,600,925
1,601,913
1,611,904
1,595,921
1,609,929
1,613,923
1,663,903
1,664,895
1,654,908
1,659,905
1,665,898
1,672,901
1,661,899
1,663,902
1,671,901
1,651,901
1,665,899
1,664,897
1,603,900
1,598,900
1,604,906
1,609,907
1,603,910
1,606,905
1,618,896
1,593,901
1,609,901
1,606,896
1,611,892
1,601,894
1,662,1378
1,591,1339
1,633,1361
1,615,1349
1,612,1335
1,657,1372
1,620,1302
1,651,1328
1,644,1316
1,657,1331
1,615,1335
1,591,1337
1,620,1332
1,644,1334
1,646,1352
1,597,1318
1,638,1309
1,630,1343
1,611,1317
1,615,1346
1,627,1352
1,624,1350
1,632,1349
1,633,1352
1,630,1356
1,624,1348
1,629,1350
1,632,1346
1,620,1345
1,622,1352
1,624,1361
1,630,1298
1,634,1311
1,649,1301
1,631,1311
1,639,1313
1,635,1307
1,630,1299
1,625,1309
1,650,1312
1,633,1300
1,642,1313
1,636,1314
1,617,1355
1,622,1353
1,622,1352
1,618,1352
1,622,1337
1,619,1347
1,618,1358
1,630,1347
1,617,1349
1,622,1350
1,622,1351
1,616,1347
1,653,1340
1,654,1334
1,655,1329
1,645,1325
1,654,1323
1,642,1323
1,652,1326
1,644,1321
1,656,1326
1,652,1344
1,653,1332
1,646,1326
1,628,444
1,630,442
1,604,469
1,594,503
1,629,488
1,607,486
1,625,479
1,602,482
1,621,475
1,647,486
1,597,474
1,632,456
1,614,484
1,632,448
1,654,485
1,627,492
1,613,459
1,654,485
1,647,477
1,656,481
1,655,484
1,661,484
1,658,485
1,655,485
1,658,480
1,657,480
1,659,480
1,654,481
1,651,484
1,656,461
1,649,461
1,658,471
1,647,466
1,642,456
1,653,461
1,657,463
1,653,465
1,659,477
1,648,466
1,656,475
1,653,457
1,590,455
1,593,459
1,595,454
1,596,456
1,590,458
1,591,458
1,597,458
1,591,454
1,594,455
1,602,461
1,596,468
1,594,454
1,639,448
1,646,452
1,643,447
1,637,449
1,651,456
1,643,450
1,637,447
1,639,445
1,633,443
1,642,445
1,642,448
1,627,441
1,615,1224
1,601,1222
1,599,1275
1,627,1229
1,588,1281
1,582,1275
1,633,1221
1,634,1203
1,660,1186
1,629,1217
1,670,1162
1,607,1231
1,594,1220
1,600,1265
1,631,1209
1,588,1277
1,698,1174
1,612,1241
1,616,1234
1,610,1218
1,737,1176
1,734,1177
1,744,1173
1,725,1175
1,739,1176
1,724,1175
1,735,1177
1,733,1175
1,726,1174
1,725,1174
1,736,1175
1,742,1177
1,629,1215
1,639,1201
1,626,1212
1,638,1222
1,628,1216
1,637,1205
1,627,1216
1,637,1209
1,630,1214
1,635,1208
1,640,1214
1,634,1210
1,611,1210
1,610,1210
1,628,1210
1,629,1215
1,631,1209
1,633,1222
1,624,1211
1,614,1209
1,630,1219
1,629,1207
1,613,1210
1,626,1209
1,636,1238
1,631,1229
1,632,1237
1,640,1221
1,632,1216
1,630,1226
1,631,1216
1,639,1223
1,633,1232
1,637,1223
1,627,1224
1,634,1227
1,694,291
1,661,367
1,639,383
1,728,340
1,703,325
1,698,298
1,687,317
1,658,352
1,684,322
1,642,320
1,651,385
1,714,301
1,676,370
1,677,311
1,719,316
1,704,364
1,729,343
1,678,304
1,666,287
1,695,344
1,705,348
1,697,323
1,681,305
1,680,362
1,656,375
1,687,330
1,654,335
1,646,323
1,732,312
1,671,381
1,662,311
1,642,322
1,688,305
1,685,329
1,720,327
1,711,360
1,665,353
1,661,327
1,703,327
1,716,349
1,686,299
1,679,301
1,703,279
1,728,319
1,730,311
1,667,351
1,734,327
1,671,347
1,661,346
1,679,365
1,667,363
1,671,356
1,673,359
1,663,361
1,679,361
1,670,363
1,663,363
1,672,356
1,674,352
1,708,292
1,699,283
1,706,278
1,701,273
1,699,274
1,698,275
1,702,275
1,705,286
1,706,289
1,704,276
1,710,285
1,707,275
1,685,375
1,686,372
1,669,374
1,687,378
1,673,377
1,677,379
1,676,372
1,669,372
1,675,383
1,672,381
1,666,380
1,678,375
1,630,379
1,639,381
1,637,372
1,631,372
1,636,370
1,636,376
1,625,373
1,627,377
1,630,370
1,634,380
1,636,377
1,642,387
1,652,1232
1,668,1277
1,662,1217
1,658,1241
1,673,1263
1,642,1257
1,675,1264
1,671,1238
1,668,1243
1,665,1225
1,660,1229
1,672,1247
1,664,1268
1,650,1246
1,638,1252
1,674,1235
1,679,1239
1,668,1225
1,672,1229
1,666,1237
1,670,1235
1,677,1231
1,677,1241
1,677,1239
1,683,1236
1,676,1243
1,677,1234
1,654,1277
1,656,1271
1,663,1281
1,652,1279
1,654,1278
1,655,1275
1,649,1276
1,649,1274
1,661,1270
1,648,1274
1,654,1267
1,660,1275
1,659,1280
1,656,1270
1,658,1271
1,653,1272
1,658,1270
1,658,1273
1,655,1275
1,661,1272
1,663,1271
1,658,1276
1,665,1280
1,662,1278
1,657,1249
1,679,1256
1,676,1253
1,673,1249
1,677,1254
1,655,1264
1,670,1255
1,673,1270
1,679,1268
1,671,1252
1,675,1256
1,674,1258
1,698,1025
1,699,1002
1,683,1051
1,667,1069
1,710,1048
1,751,1108
1,712,1072
1,734,1108
1,690,1038
1,710,1073
1,708,1010
1,701,1084
1,693,1058
1,708,952
1,689,1054
1,690,949
1,694,1057
1,721,1077
1,699,961
1,693,992
1,692,1069
1,712,989
1,735,972
1,716,979
1,697,1101
1,685,951
1,716,1039
1,713,1043
1,713,1050
1,703,1037
1,716,1046
1,719,1052
1,707,1042
1,714,1034
1,711,1043
1,716,1050
1,718,1043
1,713,1037
1,687,1062
1,691,1063
1,695,1064
1,689,1060
1,697,1070
1,696,1053
1,701,1058
1,679,1055
1,689,1061
1,680,1062
1,692,1058
1,689,1057
1,708,1004
1,695,993
1,699,996
1,711,993
1,708,990
1,706,1006
1,709,988
1,710,999
1,700,992
1,697,992
1,703,993
1,699,991
1,705,1025
1,697,1026
1,691,1022
1,698,1023
1,693,1021
1,704,1027
1,703,1034
1,698,1022
1,692,1028
1,706,1025
1,699,1019
1,699,1012
1,658,1316
1,678,1314
1,691,1345
1,678,1331
1,690,1355
1,701,1287
1,669,1353
1,691,1359
1,679,1367
1,692,1376
1,680,1378
1,666,1291
1,678,1289
1,662,1316
1,695,1308
1,683,1326
1,684,1310
1,674,1298
1,675,1290
1,676,1304
1,670,1298
1,676,1298
1,677,1297
1,667,1299
1,670,1300
1,663,1303
1,674,1305
1,673,1292
1,674,1295
1,699,1306
1,693,1305
1,702,1297
1,704,1304
1,703,1307
1,695,1307
1,701,1304
1,703,1301
1,699,1313
1,698,1301
1,699,1311
1,705,1310
1,703,1312
1,700,1314
1,702,1316
1,694,1321
1,698,1312
1,691,1308
1,697,1313
1,704,1317
1,693,1307
1,699,1315
1,702,1311
1,699,1321
1,681,1288
1,678,1285
1,686,1294
1,692,1290
1,690,1285
1,680,1289
1,676,1293
1,685,1285
1,677,1297
1,679,1295
1,679,1293
1,694,1295
1,717,867
1,693,889
1,705,862
1,702,821
1,711,871
1,692,887
1,732,869
1,705,835
1,740,867
1,767,884
1,704,854
1,717,856
1,726,836
1,723,847
1,778,896
1,722,883
1,735,880
1,699,831
1,735,884
1,806,905
1,686,840
1,712,890
1,694,845
1,765,878
1,775,896
1,713,863
1,705,856
1,728,858
1,734,863
1,732,866
1,738,866
1,734,869
1,743,876
1,738,868
1,735,870
1,737,870
1,739,863
1,734,860
1,743,872
1,726,871
1,734,861
1,723,864
1,730,862
1,731,861
1,736,865
1,736,866
1,729,865
1,742,874
1,727,868
1,740,877
1,732,865
1,698,889
1,684,896
1,697,889
1,688,886
1,682,895
1,687,884
1,689,890
1,686,884
1,693,888
1,693,893
1,695,890
1,691,886
1,752,883
1,756,887
1,754,889
1,759,888
1,759,890
1,756,885
1,767,891
1,757,890
1,758,890
1,768,894
1,743,893
1,755,887
1,714,690
1,685,709
1,693,718
1,695,700
1,699,709
1,774,725
1,735,711
1,727,702
1,711,711
1,745,709
1,710,709
1,699,702
1,725,724
1,680,701
1,729,690
1,714,684
1,713,705
1,740,703
1,702,669
1,694,680
1,701,674
1,700,670
1,706,672
1,704,670
1,709,677
1,703,670
1,711,678
1,705,674
1,697,677
1,710,673
1,708,689
1,708,686
1,711,696
1,710,679
1,716,684
1,706,686
1,709,692
1,712,687
1,722,692
1,717,683
1,706,677
1,706,682
1,729,718
1,730,719
1,721,727
1,721,729
1,724,723
1,716,715
1,725,712
1,716,712
1,722,716
1,729,720
1,731,716
1,719,726
1,738,691
1,734,680
1,734,699
1,736,696
1,731,701
1,736,694
1,740,694
1,734,690
1,738,689
1,731,691
1,732,690
1,723,692
1,716,1260
1,766,1290
1,713,1264
1,711,1270
1,734,1306
1,769,1286
1,758,1328
1,765,1300
1,765,1298
1,729,1324
1,719,1312
1,725,1310
1,761,1279
1,746,1278
1,755,1334
1,750,1328
1,757,1197
1,747,1234
1,741,1235
1,747,1224
1,739,1285
1,723,1266
1,761,1212
1,706,1317
1,750,1246
1,755,1279
1,742,1292
1,770,1310
1,760,1276
1,758,1242
1,763,1223
1,738,1227
1,752,1340
1,759,1308
1,758,1309
1,728,1253
1,737,1327
1,731,1326
1,740,1336
1,727,1337
1,742,1335
1,728,1325
1,729,1326
1,737,1331
1,734,1336
1,727,1339
1,730,1323
1,729,1339
1,739,1248
1,751,1251
1,739,1255
1,744,1264
1,744,1254
1,734,1261
1,745,1254
1,752,1256
1,746,1252
1,758,1253
1,745,1255
1,752,1268
1,746,1206
1,750,1213
1,749,1219
1,745,1206
1,745,1221
1,749,1206
1,747,1214
1,750,1198
1,746,1215
1,753,1204
1,748,1211
1,752,1211
1,745,1219
1,757,1229
1,751,1208
1,752,1212
1,751,1215
1,750,1233
1,759,1220
1,750,1215
1,747,1222
1,753,1227
1,745,1221
1,749,1229
1,773,257
1,754,191
1,760,205
1,732,193
1,753,237
1,809,148
1,783,266
1,723,206
1,761,142
1,765,215
1,763,213
1,786,243
1,779,229
1,813,145
1,795,222
1,773,238
1,778,239
1,808,153
1,808,198
1,786,166
1,743,215
1,772,202
1,803,155
1,780,156
1,786,238
1,790,260
1,743,218
1,802,155
1,764,142
1,805,176
1,786,260
1,792,150
1,797,206
1,747,172
1,809,208
1,822,209
1,716,217
1,733,200
1,811,158
1,776,228
1,751,220
1,723,217
1,751,154
1,790,212
1,781,139
1,804,135
1,811,140
1,807,138
1,821,136
1,816,133
1,800,137
1,817,152
1,808,148
1,813,151
1,805,145
1,809,135
1,813,141
1,753,225
1,756,237
1,760,233
1,751,233
1,752,232
1,758,229
1,751,239
1,767,235
1,763,226
1,746,230
1,752,235
1,759,237
1,793,193
1,785,188
1,797,179
1,794,188
1,796,185
1,793,177
1,793,190
1,788,181
1,791,186
1,799,180
1,792,186
1,802,183
1,750,144
1,762,141
1,760,146
1,763,141
1,748,147
1,759,152
1,758,145
1,749,150
1,757,153
1,751,146
1,760,145
1,741,152
1,778,1222
1,781,1225
1,810,1208
1,815,1212
1,811,1207
1,788,1222
1,799,1227
1,805,1225
1,819,1241
1,819,1211
1,804,1215
1,821,1235
1,837,1239
1,819,1231
1,821,1224
1,833,1229
1,817,1223
1,831,1226
1,821,1233
1,833,1232
1,823,1223
1,825,1235
1,811,1231
1,821,1223
1,820,1221
1,820,1224
1,827,1224
1,817,1217
1,822,1214
1,813,1220
1,818,1226
1,814,1216
1,815,1222
1,818,1228
1,823,1230
1,819,1220
1,824,1233
1,856,1238
1,852,1240
1,840,1236
1,851,1242
1,856,1241
1,849,1241
1,859,1241
1,850,1242
1,844,1239
1,860,1243
1,855,1239
1,847,1235
1,790,1238
1,808,1236
1,803,1231
1,798,1241
1,801,1242
1,803,1240
1,812,1239
1,809,1241
1,788,1235
1,805,1239
1,808,1241
1,796,1242
1,811,1380
1,821,1359
1,823,1355
1,859,1381
1,817,1334
1,803,1325
1,891,1387
1,802,1368
1,791,1347
1,788,1288
1,802,1324
1,824,1357
1,865,1391
1,836,1362
1,878,1384
1,902,1359
1,822,1319
1,827,1358
1,820,1320
1,834,1357
1,820,1385
1,811,1338
1,784,1346
1,778,1342
1,778,1346
1,787,1343
1,783,1341
1,774,1340
1,787,1342
1,786,1343
1,791,1344
1,774,1345
1,781,1340
1,782,1357
1,819,1333
1,824,1338
1,823,1332
1,824,1325
1,826,1341
1,815,1349
1,826,1343
1,819,1337
1,820,1336
1,824,1332
1,819,1331
1,813,1345
1,796,1320
1,792,1305
1,794,1317
1,791,1311
1,787,1302
1,795,1326
1,795,1304
1,792,1315
1,799,1310
1,789,1308
1,798,1309
1,790,1307
1,826,1367
1,830,1361
1,829,1373
1,828,1370
1,832,1360
1,836,1370
1,822,1365
1,830,1370
1,831,1365
1,830,1371
1,827,1371
1,838,1368
1,825,472
1,809,342
1,840,540
1,841,473
1,813,357
1,831,459
1,855,534
1,851,507
1,821,310
1,848,488
1,836,520
1,819,306
1,857,508
1,868,525
1,815,350
1,854,508
1,837,535
1,816,331
1,850,544
1,819,340
1,859,549
1,845,519
1,850,499
1,826,423
1,833,427
1,863,517
1,841,463
1,849,469
1,825,412
1,845,546
1,842,438
1,863,512
1,827,308
1,820,359
1,835,498
1,865,511
1,823,439
1,869,513
1,835,548
1,847,537
1,840,538
1,841,547
1,837,551
1,837,549
1,840,543
1,833,534
1,843,548
1,834,543
1,840,546
1,843,543
1,856,534
1,861,534
1,870,532
1,857,539
1,864,541
1,863,545
1,871,543
1,864,544
1,871,542
1,860,549
1,862,540
1,862,543
1,807,297
1,811,294
1,808,299
1,814,300
1,818,294
1,807,296
1,820,298
1,821,303
1,813,294
1,808,297
1,817,311
1,810,303
1,863,502
1,861,490
1,852,506
1,859,492
1,860,488
1,849,494
1,854,488
1,861,494
1,863,499
1,868,509
1,866,506
1,854,487
1,858,1284
1,888,1299
1,860,1299
1,869,1293
1,855,1351
1,853,1313
1,867,1299
1,864,1298
1,854,1360
1,839,1357
1,856,1315
1,861,1345
1,828,1342
1,833,1317
1,884,1296
1,838,1269
1,874,1342
1,909,1334
1,834,1350
1,851,1354
1,857,1277
1,848,1369
1,833,1316
1,853,1302
1,866,1295
1,860,1299
1,860,1295
1,863,1292
1,855,1290
1,859,1288
1,862,1293
1,866,1295
1,850,1291
1,852,1288
1,846,1285
1,852,1278
1,853,1284
1,852,1283
1,838,1292
1,845,1279
1,855,1291
1,839,1285
1,842,1285
1,846,1286
1,847,1291
1,838,1294
1,842,1287
1,836,1288
1,848,1293
1,831,1319
1,831,1337
1,826,1325
1,830,1315
1,831,1329
1,828,1326
1,838,1329
1,836,1330
1,828,1318
1,838,1327
1,827,1322
1,835,1322
1,855,1338
1,864,1331
1,852,1345
1,861,1342
1,857,1333
1,861,1335
1,866,1344
1,867,1341
1,861,1338
1,855,1345
1,867,1332
1,868,1332
1,821,1149
1,841,1128
1,906,1120
1,844,1138
1,878,1113
1,899,1128
1,856,1114
1,854,1136
1,869,1126
1,855,1114
1,890,1111
1,915,1115
1,839,1135
1,881,1130
1,854,1123
1,853,1135
1,852,1135
1,858,1137
1,848,1138
1,861,1128
1,853,1133
1,853,1131
1,857,1136
1,849,1139
1,845,1146
1,857,1131
1,856,1111
1,865,1124
1,855,1111
1,848,1111
1,866,1109
1,860,1107
1,869,1108
1,860,1114
1,858,1123
1,866,1112
1,851,1126
1,856,1119
1,871,1119
1,886,1115
1,863,1109
1,869,1113
1,877,1111
1,869,1111
1,868,1119
1,867,1122
1,879,1107
1,869,1119
1,864,1114
1,874,1115
1,828,1144
1,839,1145
1,840,1137
1,835,1147
1,845,1147
1,834,1151
1,848,1145
1,828,1151
1,841,1139
1,837,1143
1,847,1145
1,827,1152
1,880,1032
1,860,1010
1,850,1061
1,869,1045
1,871,1039
1,861,1028
1,870,1018
1,840,1043
1,852,1025
1,846,1010
1,845,1052
1,873,1021
1,841,1014
1,864,1037
1,858,1028
1,867,1032
1,859,1038
1,870,1036
1,867,1027
1,873,1022
1,863,1037
1,873,1037
1,864,1040
1,869,1038
1,875,1029
1,882,1033
1,875,1032
1,870,1027
1,868,1028
1,876,1034
1,878,1026
1,873,1031
1,862,1041
1,875,1045
1,872,1039
1,880,1027
1,880,1028
1,840,1037
1,845,1046
1,834,1041
1,834,1035
1,846,1037
1,849,1044
1,833,1037
1,843,1045
1,841,1048
1,845,1034
1,835,1043
1,848,1037
1,848,1035
1,852,1034
1,856,1030
1,868,1033
1,866,1023
1,847,1034
1,846,1028
1,861,1038
1,858,1037
1,862,1023
1,861,1024
1,858,1038
1,876,145
1,879,163
1,847,167
1,837,163
1,869,155
1,856,150
1,830,171
1,848,164
1,861,142
1,904,112
1,896,132
1,899,144
1,872,146
1,850,168
1,878,182
1,841,170
1,896,167
1,895,135
1,893,118
1,877,122
1,885,122
1,888,127
1,882,135
1,887,116
1,874,134
1,880,120
1,884,119
1,882,124
1,886,127
1,904,156
1,886,144
1,904,157
1,899,161
1,897,147
1,895,147
1,894,159
1,900,151
1,895,152
1,893,163
1,895,146
1,902,151
1,895,123
1,892,127
1,902,113
1,898,114
1,899,123
1,899,125
1,893,122
1,898,124
1,892,113
1,898,116
1,895,122
1,901,124
1,848,174
1,851,152
1,851,158
1,850,157
1,853,151
1,854,169
1,856,163
1,851,159
1,840,162
1,860,157
1,852,160
1,859,163
1,906,232
1,869,206
1,863,220
1,913,230
1,875,205
1,864,248
1,858,256
1,875,193
1,896,198
1,847,224
1,918,223
1,862,269
1,868,196
1,911,212
1,871,265
1,863,241
1,841,240
1,893,187
1,858,250
1,885,224
1,839,224
1,861,222
1,860,259
1,860,271
1,861,263
1,855,259
1,861,264
1,861,257
1,858,264
1,862,264
1,869,264
1,872,260
1,863,272
1,866,259
1,909,231
1,905,221
1,892,233
1,893,229
1,892,216
1,895,232
1,884,232
1,901,216
1,894,228
1,899,221
1,895,226
1,896,233
1,884,206
1,890,197
1,894,188
1,885,189
1,896,196
1,897,211
1,882,189
1,887,204
1,880,190
1,888,203
1,881,189
1,890,186
1,867,203
1,864,207
1,873,194
1,872,203
1,872,198
1,865,201
1,858,211
1,871,202
1,876,196
1,867,205
1,871,199
1,877,201
1,910,1146
1,859,1203
1,880,1163
1,867,1177
1,977,1220
1,899,1139
1,904,1146
1,965,1211
1,938,1185
1,1010,1240
1,906,1136
1,944,1203
1,948,1202
1,922,1222
1,840,1154
1,919,1164
1,931,1220
1,961,1247
1,932,1215
1,1018,1246
1,991,1220
1,894,1140
1,895,1175
1,976,1242
1,1009,1244
1,928,1219
1,961,1204
1,913,1187
1,994,1244
1,941,1177
1,946,1199
1,959,1221
1,930,1174
1,930,1186
1,965,1229
1,863,1179
1,893,1178
1,958,1230
1,911,1135
1,985,1219
1,873,1166
1,884,1167
1,992,1240
1,870,1169
1,914,1136
1,907,1175
1,900,1159
1,857,1188
1,978,1242
1,989,1242
1,958,1226
1,940,1195
1,866,1145
1,849,1199
1,984,1233
1,986,1227
1,981,1241
1,979,1239
1,980,1226
1,974,1231
1,981,1222
1,991,1223
1,988,1243
1,979,1224
1,980,1234
1,991,1222
1,859,1150
1,862,1162
1,860,1161
1,871,1150
1,855,1150
1,862,1153
1,856,1147
1,856,1146
1,843,1152
1,856,1159
1,857,1155
1,853,1151
1,1028,1234
1,1017,1240
1,1015,1235
1,1018,1235
1,1015,1231
1,1028,1241
1,1014,1234
1,1004,1239
1,1023,1234
1,1008,1232
1,1010,1245
1,1006,1227
1,877,1142
1,873,1144
1,878,1143
1,882,1141
1,866,1148
1,878,1148
1,874,1143
1,882,1150
1,875,1150
1,872,1145
1,881,1145
1,876,1144
1,925,347
1,873,374
1,875,383
1,939,347
1,934,329
1,903,380
1,915,342
1,955,343
1,905,389
1,925,388
1,952,349
1,936,350
1,942,344
1,911,351
1,916,381
1,903,359
1,921,333
1,931,341
1,927,334
1,933,340
1,932,340
1,927,337
1,922,337
1,925,345
1,928,331
1,925,340
1,916,343
1,920,354
1,925,341
1,901,383
1,894,380
1,888,374
1,881,372
1,887,380
1,882,383
1,887,381
1,900,385
1,890,374
1,891,363
1,895,375
1,880,377
1,913,342
1,921,338
1,919,341
1,921,344
1,914,350
1,920,353
1,914,336
1,917,341
1,932,342
1,922,337
1,914,340
1,925,359
1,953,340
1,959,347
1,950,339
1,956,341
1,964,348
1,948,343
1,958,349
1,948,345
1,961,347
1,948,346
1,951,343
1,949,340
1,920,591
1,909,632
1,919,645
1,898,633
1,931,560
1,851,599
1,944,687
1,925,671
1,912,668
1,902,714
1,911,629
1,934,621
1,921,673
1,875,607
1,911,615
1,929,613
1,913,603
1,926,577
1,944,510
1,868,620
1,946,650
1,869,637
1,917,627
1,924,611
1,869,624
1,930,558
1,921,596
1,936,683
1,955,658
1,885,639
1,911,693
1,861,609
1,907,697
1,929,681
1,911,732
1,925,630
1,937,670
1,940,673
1,926,650
1,908,620
1,958,655
1,941,678
1,925,678
1,865,610
1,878,606
1,853,620
1,939,623
1,939,641
1,975,638
1,886,637
1,885,645
1,882,633
1,889,633
1,889,646
1,895,630
1,895,641
1,890,652
1,886,641
1,888,639
1,890,641
1,883,636
1,858,620
1,855,611
1,853,626
1,852,622
1,851,619
1,852,631
1,857,629
1,855,627
1,854,625
1,852,623
1,866,624
1,851,618
1,925,663
1,932,670
1,931,681
1,934,679
1,920,669
1,932,667
1,919,666
1,924,669
1,920,678
1,932,669
1,940,680
1,933,682
1,856,592
1,849,597
1,852,598
1,846,589
1,855,599
1,848,593
1,848,601
1,850,589
1,849,601
1,848,596
1,851,593
1,848,597
1,968,985
1,897,1004
1,900,978
1,903,986
1,881,975
1,888,987
1,939,967
1,908,979
1,865,972
1,879,981
1,902,977
1,900,970
1,924,975
1,892,982
1,899,993
1,923,986
1,896,997
1,890,986
1,899,970
1,887,977
1,886,982
1,891,980
1,884,977
1,892,976
1,890,990
1,879,986
1,882,981
1,895,975
1,887,976
1,884,987
1,895,980
1,903,966
1,900,971
1,880,977
1,892,980
1,900,966
1,894,972
1,890,970
1,885,971
1,897,971
1,894,971
1,896,969
1,903,977
1,904,988
1,909,975
1,902,981
1,914,980
1,904,984
1,908,988
1,897,977
1,904,980
1,903,975
1,901,975
1,910,983
1,890,974
1,889,980
1,877,986
1,881,987
1,893,973
1,899,983
1,888,996
1,888,989
1,883,976
1,878,988
1,878,985
1,885,985
1,951,1085
1,965,1104
1,926,1061
1,862,1079
1,952,1081
1,905,1065
1,885,1084
1,966,1120
1,966,1124
1,941,1097
1,947,1065
1,936,1084
1,958,1106
1,951,1114
1,949,1083
1,955,1081
1,943,1075
1,907,1093
1,909,1098
1,898,1091
1,909,1102
1,907,1102
1,909,1104
1,901,1086
1,901,1092
1,893,1088
1,910,1086
1,899,1094
1,900,1087
1,893,1097
1,926,1055
1,923,1054
1,921,1052
1,928,1059
1,928,1058
1,917,1055
1,913,1052
1,928,1048
1,923,1057
1,921,1055
1,922,1057
1,922,1053
1,940,1105
1,933,1090
1,939,1100
1,935,1102
1,939,1099
1,937,1100
1,941,1102
1,938,1100
1,952,1100
1,942,1105
1,939,1098
1,938,1101
1,885,1087
1,894,1099
1,902,1101
1,894,1096
1,904,1087
1,894,1091
1,893,1092
1,894,1092
1,890,1085
1,896,1095
1,897,1100
1,908,1088
1,940,826
1,865,875
1,897,807
1,943,831
1,897,844
1,886,853
1,893,847
1,905,799
1,879,833
1,942,837
1,931,810
1,875,786
1,894,823
1,880,833
1,940,817
1,883,822
1,898,840
1,911,822
1,917,800
1,873,865
1,882,855
1,880,863
1,874,857
1,875,861
1,874,862
1,871,870
1,876,867
1,873,870
1,874,868
1,872,871
1,879,851
1,898,842
1,894,844
1,888,852
1,897,839
1,894,843
1,894,840
1,882,840
1,904,840
1,889,850
1,889,840
1,888,846
1,891,844
1,927,817
1,939,816
1,931,805
1,925,817
1,927,810
1,926,804
1,926,811
1,932,810
1,928,816
1,928,808
1,927,811
1,932,816
1,892,813
1,908,814
1,892,810
1,900,813
1,892,815
1,908,810
1,890,806
1,896,818
1,886,804
1,898,812
1,888,817
1,887,814
1,931,1037
1,928,1020
1,923,1030
1,932,1018
1,902,1053
1,954,1022
1,949,1029
1,917,1047
1,940,1013
1,911,1029
1,948,1023
1,958,1025
1,912,1033
1,906,1040
1,881,1047
1,873,1055
1,885,1054
1,879,1042
1,877,1053
1,877,1046
1,881,1051
1,883,1056
1,885,1044
1,875,1048
1,884,1048
1,877,1055
1,920,1020
1,923,1020
1,930,1037
1,925,1031
1,933,1030
1,919,1038
1,927,1035
1,925,1034
1,919,1036
1,929,1017
1,926,1030
1,916,1035
1,953,1000
1,942,1012
1,953,1007
1,949,1011
1,948,1017
1,940,1005
1,955,1007
1,954,1020
1,948,1008
1,944,1003
1,950,1017
1,951,1018
1,936,1030
1,934,1031
1,942,1041
1,944,1031
1,950,1029
1,943,1033
1,938,1045
1,956,1029
1,943,1036
1,942,1042
1,938,1044
1,940,1031
1,939,434
1,940,460
1,949,430
1,924,451
1,918,440
1,998,444
1,886,452
1,996,463
1,925,419
1,936,437
1,904,401
1,979,450
1,952,446
1,937,425
1,943,419
1,945,421
1,959,456
1,942,441
1,941,418
1,958,446
1,1003,442
1,926,412
1,940,438
1,897,461
1,963,443
1,976,449
1,956,426
1,943,432
1,891,457
1,904,429
1,901,416
1,959,465
1,911,459
1,933,459
1,942,465
1,906,422
1,941,451
1,898,460
1,940,460
1,904,467
1,885,412
1,880,411
1,883,414
1,888,407
1,883,421
1,888,420
1,894,417
1,886,414
1,886,416
1,883,412
1,882,414
1,882,417
1,881,458
1,893,449
1,883,442
1,885,450
1,895,451
1,891,443
1,878,441
1,880,448
1,876,448
1,883,453
1,880,447
1,880,459
1,1010,458
1,1006,454
1,1006,450
1,999,458
1,1004,450
1,1016,444
1,999,448
1,1003,450
1,1010,455
1,1005,453
1,1015,457
1,1007,456
1,982,456
1,982,455
1,986,458
1,971,441
1,975,444
1,970,463
1,979,454
1,976,461
1,973,444
1,974,462
1,977,446
1,980,455
1,988,714
1,947,717
1,941,706
1,944,742
1,959,735
1,960,739
1,957,718
1,943,754
1,958,730
1,949,736
1,986,710
1,943,728
1,981,697
1,969,719
1,927,718
1,927,736
1,936,716
1,933,718
1,968,714
1,954,741
1,962,737
1,960,722
1,953,731
1,957,728
1,955,720
1,957,727
1,969,730
1,968,728
1,959,719
1,957,723
1,951,729
1,967,729
1,949,738
1,939,758
1,942,757
1,943,744
1,938,756
1,933,753
1,930,748
1,937,753
1,942,745
1,932,743
1,942,752
1,941,758
1,935,737
1,925,717
1,932,734
1,929,736
1,935,728
1,924,732
1,928,721
1,931,732
1,937,719
1,938,727
1,926,722
1,929,726
1,935,712
1,930,710
1,926,714
1,938,712
1,932,728
1,931,720
1,925,726
1,935,713
1,925,719
1,936,712
1,931,723
1,935,714
1,899,189
1,978,140
1,911,167
1,922,142
1,970,134
1,936,138
1,937,183
1,921,148
1,951,166
1,944,151
1,943,137
1,902,177
1,968,141
1,915,117
1,913,146
1,931,200
1,979,141
1,956,191
1,927,103
1,975,135
1,978,145
1,943,201
1,935,188
1,940,163
1,975,156
1,945,193
1,938,141
1,963,171
1,899,189
1,927,149
1,932,138
1,928,139
1,928,143
1,923,138
1,920,146
1,935,141
1,925,155
1,930,164
1,931,154
1,935,139
1,933,149
1,929,114
1,916,104
1,915,116
1,929,104
1,922,119
1,921,105
1,925,108
1,921,113
1,922,114
1,919,115
1,918,115
1,928,116
1,972,143
1,974,146
1,965,148
1,971,141
1,967,141
1,964,143
1,975,150
1,978,159
1,957,149
1,957,146
1,962,143
1,960,157
1,912,185
1,914,186
1,916,184
1,905,178
1,911,181
1,923,188
1,915,178
1,924,185
1,920,187
1,919,182
1,923,180
1,916,182
1,971,911
1,989,883
1,1010,936
1,988,927
1,931,879
1,949,872
1,1016,931
1,909,925
1,960,871
1,957,861
1,961,883
1,1016,915
1,981,884
1,948,949
1,988,926
1,985,880
1,983,934
1,980,921
1,933,876
1,932,938
1,938,935
1,945,868
1,967,893
1,971,853
1,975,891
1,966,957
1,977,884
1,1014,934
1,938,920
1,953,934
1,935,884
1,996,886
1,964,898
1,925,916
1,955,868
1,953,914
1,971,903
1,949,929
1,948,943
1,989,917
1,946,905
1,933,862
1,1013,914
1,951,908
1,932,877
1,984,927
1,927,887
1,911,921
1,914,920
1,909,922
1,904,925
1,906,924
1,908,922
1,912,919
1,904,929
1,910,919
1,905,935
1,920,927
1,912,924
1,951,861
1,951,867
1,960,869
1,964,869
1,961,866
1,966,880
1,957,871
1,948,868
1,958,876
1,960,873
1,958,860
1,956,881
1,996,904
1,1005,920
1,1005,918
1,999,924
1,989,923
1,987,916
1,986,911
1,1003,901
1,1002,917
1,1002,913
1,991,917
1,992,915
1,950,875
1,951,866
1,959,868
1,960,872
1,953,865
1,948,872
1,956,864
1,951,871
1,943,860
1,965,867
1,956,858
1,950,877
1,923,781
1,966,778
1,951,769
1,1000,755
1,975,749
1,978,751
1,989,758
1,958,761
1,929,781
1,964,787
1,956,799
1,942,782
1,926,785
1,942,779
1,982,785
1,984,773
1,982,771
1,982,774
1,978,771
1,976,781
1,979,769
1,987,771
1,973,769
1,984,771
1,983,768
1,976,783
1,973,796
1,959,788
1,970,785
1,973,789
1,967,788
1,964,785
1,980,788
1,968,792
1,965,794
1,964,789
1,961,797
1,964,788
1,935,797
1,931,788
1,940,791
1,942,789
1,939,796
1,940,789
1,936,798
1,940,800
1,935,795
1,940,799
1,941,797
1,936,788
1,944,773
1,941,769
1,948,769
1,951,766
1,942,767
1,938,767
1,947,761
1,939,779
1,944,767
1,952,768
1,954,762
1,941,766
1,955,30
1,948,9
1,943,32
1,925,30
1,936,11
1,930,27
1,947,38
1,963,14
1,939,3
1,960,27
1,941,14
1,930,44
1,934,40
1,930,41
1,934,47
1,937,38
1,942,42
1,935,44
1,929,41
1,939,46
1,937,47
1,929,43
1,939,34
1,928,35
1,925,35
1,926,32
1,933,50
1,931,29
1,928,30
1,931,31
1,935,41
1,936,28
1,934,34
1,933,36
1,936,37
1,982,8
1,980,10
1,984,1
1,971,7
1,966,11
1,976,10
1,977,11
1,992,8
1,977,7
1,979,7
1,973,2
1,980,15
1,943,42
1,953,27
1,945,34
1,948,40
1,949,38
1,947,38
1,945,32
1,951,30
1,950,35
1,942,40
1,944,32
1,944,34
1,977,1073
1,944,1051
1,971,1066
1,955,1067
1,944,1047
1,958,1059
1,961,1055
1,965,1052
1,966,1069
1,958,1057
1,944,1051
1,946,1049
1,957,1053
1,961,1056
1,946,1056
1,953,1060
1,949,1053
1,947,1056
1,941,1047
1,950,1058
1,952,1044
1,985,1077
1,991,1090
1,988,1084
1,978,1078
1,980,1084
1,979,1083
1,980,1086
1,988,1091
1,979,1082
1,984,1074
1,981,1088
1,981,1083
1,992,1092
1,986,1096
1,986,1086
1,987,1084
1,990,1092
1,990,1095
1,991,1093
1,994,1095
1,993,1096
1,989,1085
1,988,1100
1,986,1094
1,976,1075
1,965,1072
1,959,1078
1,974,1081
1,963,1074
1,977,1079
1,962,1073
1,965,1069
1,964,1083
1,960,1070
1,962,1076
1,959,1074
1,1006,354
1,999,282
1,1018,317
1,1006,335
1,1014,335
1,1008,303
1,1007,276
1,1016,297
1,1021,381
1,1019,283
1,976,267
1,1011,351
1,1034,332
1,1009,394
1,1009,344
1,1019,387
1,975,311
1,1020,348
1,1026,296
1,990,291
1,1006,344
1,1027,325
1,1007,387
1,979,305
1,1025,297
1,1003,301
1,963,273
1,1006,329
1,1005,315
1,1025,326
1,1020,369
1,1013,360
1,985,303
1,981,299
1,968,298
1,982,287
1,969,285
1,974,291
1,969,294
1,976,287
1,972,298
1,971,297
1,967,292
1,973,285
1,977,289
1,970,277
1,1003,329
1,1002,318
1,1007,340
1,994,335
1,995,327
1,994,328
1,996,338
1,1005,334
1,992,331
1,988,320
1,997,335
1,997,328
1,1014,276
1,1010,283
1,1008,284
1,1006,278
1,1005,282
1,1003,282
1,1017,279
1,1020,287
1,1011,282
1,1002,288
1,1013,281
1,1006,281
1,981,321
1,988,315
1,983,312
1,971,303
1,985,315
1,981,312
1,979,313
1,982,303
1,977,300
1,983,321
1,979,317
1,985,307
1,996,766
1,1027,762
1,1033,772
1,1026,773
1,1033,809
1,1026,769
1,1000,776
1,1016,823
1,1018,773
1,1014,749
1,998,791
1,1014,799
1,997,765
1,1027,809
1,1022,769
1,1023,735
1,1012,801
1,986,801
1,1035,778
1,999,777
1,1028,799
1,1028,774
1,1030,803
1,1024,786
1,1031,788
1,1024,791
1,1026,786
1,1028,776
1,1025,791
1,1027,790
1,1033,787
1,1032,786
1,1019,780
1,1028,788
1,1029,773
1,1020,785
1,1032,788
1,1031,791
1,1015,777
1,1029,780
1,1027,788
1,1032,783
1,1029,783
1,1022,777
1,1020,732
1,1018,727
1,1017,740
1,1021,744
1,1015,747
1,1018,733
1,1023,732
1,1020,737
1,1021,741
1,1017,739
1,1022,747
1,1017,741
1,1013,767
1,1022,773
1,1014,754
1,1023,765
1,1020,754
1,1030,767
1,1016,765
1,1017,769
1,1022,768
1,1017,753
1,1011,765
1,1020,750
1,1007,1081
1,1000,1059
1,1001,1102
1,992,1044
1,1023,1081
1,1014,1083
1,1002,1112
1,1009,1086
1,1032,1086
1,1010,1091
1,1027,1071
1,1007,1048
1,982,1040
1,1025,1141
1,1033,1138
1,1015,1064
1,1007,1078
1,1032,1125
1,1032,1141
1,1015,1104
1,997,1087
1,987,1021
1,1032,1068
1,1007,1049
1,1007,1124
1,1026,1126
1,1028,1143
1,1020,1125
1,1029,1136
1,1027,1150
1,1031,1128
1,1030,1143
1,1028,1142
1,1021,1135
1,1031,1127
1,1015,1138
1,1033,1136
1,997,1076
1,991,1062
1,1003,1071
1,1002,1061
1,1004,1066
1,999,1070
1,1002,1074
1,994,1056
1,1001,1078
1,1000,1063
1,1008,1070
1,1009,1072
1,985,1024
1,987,1030
1,988,1036
1,989,1036
1,986,1034
1,994,1026
1,993,1019
1,992,1026
1,989,1028
1,993,1025
1,1001,1037
1,982,1021
1,1005,1075
1,1029,1073
1,1015,1077
1,1015,1081
1,1010,1074
1,1016,1073
1,1014,1072
1,1012,1068
1,1005,1076
1,1022,1078
1,1017,1071
1,1026,1077
1,1031,1343
1,1034,1280
1,1034,1329
1,1032,1335
1,1037,1362
1,1029,1366
1,1025,1312
1,1009,1386
1,1035,1333
1,1013,1289
1,1030,1358
1,1037,1339
1,1011,1294
1,1036,1322
1,1025,1318
1,1031,1316
1,1033,1319
1,1026,1322
1,1021,1321
1,1024,1327
1,1030,1313
1,1032,1323
1,1029,1323
1,1033,1320
1,1023,1321
1,1029,1333
1,1028,1330
1,1033,1337
1,1023,1323
1,1027,1325
1,1031,1333
1,1033,1335
1,1027,1337
1,1027,1338
1,1029,1335
1,1023,1333
1,1025,1340
1,1002,1388
1,1016,1390
1,1005,1388
1,1019,1389
1,1018,1385
1,1020,1380
1,1014,1384
1,1014,1388
1,1008,1390
1,1013,1391
1,1009,1383
1,1015,1389
1,1031,1364
1,1024,1349
1,1027,1353
1,1019,1363
1,1030,1350
1,1036,1362
1,1033,1352
1,1032,1346
1,1036,1358
1,1029,1355
1,1024,1356
1,1027,1352
1,1033,1046
1,1032,1059
1,1037,1044
1,1015,1047
1,1030,1038
1,1034,1030
1,1036,1035
1,1025,1039
1,1029,1036
1,1029,1037
1,1037,1047
1,1037,1046
1,1036,1034
1,1037,1036
1,1029,1029
1,1035,1040
1,1029,1036
1,1020,1033
1,1015,1037
1,1011,1038
1,1021,1040
1,1024,1042
1,1017,1036
1,1019,1040
1,1012,1040
1,1015,1036
1,1022,1032
1,1016,1034
1,1037,1048
1,1031,1040
1,1034,1042
1,1037,1037
1,1034,1048
1,1028,1037
1,1027,1041
1,1037,1033
1,1034,1041
1,1019,1035
1,1031,1039
1,1021,1031
1,1015,1044
1,1012,1039
1,1027,1042
1,1018,1051
1,1022,1048
1,1015,1047
1,1012,1044
1,1033,1052
1,1019,1046
1,1019,1050
1,1022,1052
1,1019,1053
1,1036,818
1,1030,826
1,1034,862
1,1036,858
1,1034,857
1,1035,866
1,1035,857
1,1038,864
1,1031,862
1,1037,858
1,1032,858
1,1036,864
1,1038,858
1,1035,859
1,1037,866
1,1027,828
1,1036,832
1,1027,831
1,1033,825
1,1035,830
1,1029,827
1,1029,840
1,1030,829
1,1038,838
1,1037,832
1,1037,829
1,1032,843
1,1028,855
1,1035,852
1,1031,854
1,1036,854
1,1032,850
1,1035,858
1,1036,850
1,1038,866
1,1035,863
1,1032,855
1,1029,857
1,1034,863
1,1035,834
1,1031,824
1,1032,834
1,1030,819
1,1030,824
1,1037,825
1,1029,826
1,1035,820
1,1029,823
1,1025,835
1,1032,833
1,1029,831
1,1037,736
1,1032,756
1,1027,750
1,1029,742
1,1025,745
1,1024,752
1,1036,737
1,1028,748
1,1032,736
1,1029,735
1,1029,743
1,1036,743
1,1033,741
1,1035,755
1,1036,770
1,1038,760
1,1031,754
1,1035,746
1,1025,746
1,1037,750
1,1034,759
1,1038,761
1,1038,752
1,1036,751
1,1034,764
1,1036,748
1,1035,752
1,1032,734
1,1033,747
1,1029,752
1,1028,743
1,1038,749
1,1032,751
1,1032,739
1,1029,755
1,1036,750
1,1036,747
1,1030,744
1,1038,750
1,1037,751
1,1030,743
1,1035,740
1,1035,746
1,1036,747
1,1037,744
1,1032,743
1,1025,743
1,1032,746
1,1035,749
1,1033,739
2,75,681
2,68,677
2,5,628
2,58,696
2,11,630
2,87,687
2,94,706
2,30,649
2,31,649
2,39,627
2,14,708
2,8,677
2,3,651
2,6,648
2,25,707
2,62,693
2,7,694
2,61,696
2,7,654
2,5,664
2,74,682
2,13,620
2,30,637
2,39,692
2,84,689
2,14,715
2,65,695
2,82,702
2,55,670
2,24,625
2,64,701
2,15,619
2,29,684
2,21,654
2,50,667
2,39,698
2,19,694
2,83,983
2,67,995
2,119,920
2,83,963
2,99,1007
2,119,935
2,101,1015
2,119,938
2,83,969
2,130,942
2,107,997
2,75,965
2,139,966
2,128,953
2,133,945
2,126,911
2,68,1003
2,71,999
2,77,967
2,104,993
2,94,1012
2,78,984
2,128,957
2,96,1007
2,73,986
2,108,926
2,19,949
2,114,996
2,130,962
2,121,918
2,119,939
2,101,966
2,140,963
2,85,995
2,26,113
2,64,132
2,75,93
2,68,70
2,103,126
2,110,139
2,101,125
2,28,52
2,91,150
2,27,109
2,112,128
2,71,143
2,76,140
2,55,131
2,110,148
2,47,11
2,124,113
2,77,95
2,26,112
2,72,88
2,33,42
2,24,39
2,20,103
2,38,113
2,117,133
2,41,14
2,18,75
2,65,38
2,87,109
2,78,142
2,59,36
2,59,16
2,108,147
2,22,103
2,100,121
2,70,67
2,78,151
2,74,123
2,46,55
2,95,153
2,92,127
2,61,88
2,93,137
2,25,1108
2,92,1218
2,86,1219
2,87,1168
2,107,1180
2,114,1188
2,67,1147
2,39,1116
2,66,1204
2,69,1086
2,44,1123
2,61,1186
2,75,1115
2,64,1140
2,85,1163
2,109,1175
2,51,1132
2,58,1090
2,86,1168
2,63,1088
2,66,1141
2,50,1095
2,93,1173
2,51,1138
2,87,1161
2,83,1219
2,29,1100
2,103,1221
2,121,1198
2,62,1193
2,62,1204
2,97,1219
2,58,1091
2,52,1143
2,31,1113
2,116,1222
2,65,1177
2,58,1168
2,62,1181
2,78,1091
2,73,1157
2,107,1205
2,28,1112
2,69,1128
2,98,1213
2,67,164
2,73,176
2,92,227
2,73,180
2,158,244
2,106,234
2,141,234
2,31,152
2,130,222
2,197,186
2,85,174
2,147,255
2,80,197
2,70,162
2,186,246
2,192,207
2,166,182
2,61,168
2,186,221
2,196,187
2,110,225
2,196,204
2,138,178
2,141,177
2,38,164
2,140,238
2,54,158
2,195,211
2,77,182
2,78,212
2,86,222
2,78,204
2,187,243
2,144,236
2,115,225
2,104,179
2,200,255
2,118,188
2,131,222
2,46,161
2,73,168
2,163,245
2,76,180
2,181,177
2,192,201
2,121,184
2,117,183
2,114,230
2,110,192
2,184,247
2,186,216
2,44,158
2,43,157
2,76,186
2,153,225
2,152,201
2,59,172
2,165,372
2,74,382
2,133,381
2,55,348
2,65,432
2,81,355
2,141,379
2,60,345
2,132,357
2,65,336
2,129,385
2,157,352
2,75,415
2,67,336
2,127,393
2,72,386
2,170,373
2,60,372
2,97,367
2,132,358
2,92,440
2,67,418
2,54,359
2,77,399
2,123,389
2,55,365
2,116,416
2,67,379
2,130,385
2,116,428
2,75,351
2,152,374
2,71,357
2,74,410
2,56,362
2,69,379
2,71,389
2,66,369
2,121,445
2,125,361
2,145,344
2,69,354
2,118,440
2,150,360
2,109,441
2,92,399
2,144,345
2,99,380
2,75,421
2,88,557
2,162,513
2,97,570
2,92,495
2,94,497
2,179,497
2,119,490
2,51,539
2,64,536
2,68,536
2,93,506
2,76,526
2,82,551
2,123,545
2,161,509
2,91,509
2,173,500
2,131,529
2,91,506
2,53,542
2,127,488
2,110,586
2,115,576
2,163,504
2,123,484
2,85,495
2,56,538
2,74,536
2,155,520
2,140,494
2,87,500
2,160,515
2,84,556
2,140,490
2,56,548
2,86,566
2,134,478
2,100,560
2,120,550
2,102,515
2,85,536
2,169,978
2,171,924
2,112,825
2,170,979
2,135,829
2,121,791
2,163,942
2,130,878
2,101,834
2,144,803
2,199,898
2,101,847
2,172,917
2,134,793
2,142,904
2,131,796
2,157,883
2,143,812
2,148,804
2,160,893
2,157,944
2,133,796
2,77,828
2,133,886
2,134,878
2,159,939
2,174,934
2,182,932
2,117,832
2,173,919
2,155,928
2,125,814
2,170,957
2,169,915
2,127,793
2,161,938
2,100,834
2,177,970
2,140,900
2,102,831
2,89,838
2,117,819
2,138,844
2,173,962
2,135,848
2,119,806
2,153,794
2,103,852
2,164,941
2,124,799
2,171,897
2,164,937
2,103,846
2,120,852
2,117,849
2,178,962
2,173,989
2,95,1377
2,135,1374
2,102,1332
2,96,1383
2,101,1350
2,108,1305
2,158,1343
2,148,1338
2,98,1372
2,97,1378
2,131,1312
2,101,1332
2,139,1325
2,107,1305
2,136,1382
2,137,1387
2,101,1387
2,156,1355
2,165,1344
2,100,1343
2,130,1304
2,138,1372
2,132,1315
2,126,1303
2,98,1389
2,137,1391
2,106,1381
2,161,1352
2,139,1361
2,182,341
2,163,255
2,209,415
2,192,384
2,170,420
2,196,366
2,119,277
2,198,382
2,176,265
2,122,271
2,182,258
2,100,307
2,127,257
2,97,293
2,101,313
2,185,352
2,123,265
2,235,401
2,183,342
2,168,407
2,166,252
2,137,295
2,146,272
2,180,402
2,167,427
2,142,293
2,182,331
2,101,290
2,189,372
2,136,262
2,240,404
2,171,415
2,169,305
2,124,294
2,193,312
2,177,317
2,272,412
2,195,434
2,118,277
2,152,299
2,175,313
2,108,312
2,119,266
2,195,327
2,172,313
2,194,410
2,189,368
2,120,257
2,188,390
2,175,274
2,199,419
2,194,348
2,118,283
2,197,298
2,147,290
2,122,302
2,202,422
2,194,303
2,105,315
2,135,293
2,231,404
2,178,400
2,99,290
2,189,410
2,188,334
2,93,301
2,124,278
2,110,303
2,191,284
2,189,1157
2,250,1259
2,250,1221
2,136,1168
2,162,1163
2,228,1290
2,159,1166
2,218,1126
2,249,1254
2,242,1121
2,182,1295
2,272,1156
2,255,1235
2,249,1258
2,184,1287
2,259,1215
2,253,1194
2,210,1298
2,182,1160
2,251,1256
2,214,1149
2,241,1262
2,256,1190
2,230,1113
2,206,1298
2,135,1171
2,179,1264
2,190,1154
2,237,1112
2,148,1161
2,244,1274
2,176,1304
2,182,1306
2,265,1125
2,252,1172
2,272,1155
2,256,1160
2,195,1152
2,220,1137
2,144,1171
2,149,1163
2,189,1276
2,211,1150
2,262,1123
2,229,1305
2,156,1242
2,214,1133
2,152,1217
2,178,1165
2,149,1228
2,174,1263
2,240,1286
2,146,1201
2,191,1310
2,264,1127
2,235,1116
2,221,1121
2,228,1106
2,262,1196
2,154,1183
2,255,1185
2,164,1197
2,250,1244
2,185,1166
2,162,1243
2,189,1175
2,250,1159
2,140,1162
2,246,1126
2,232,1155
2,241,1271
2,250,1207
2,199,1174
2,186,1159
2,189,1267
2,206,1272
2,186,597
2,194,581
2,204,651
2,161,631
2,213,646
2,189,660
2,215,575
2,152,676
2,174,617
2,220,569
2,176,610
2,157,678
2,230,621
2,215,594
2,223,633
2,222,642
2,211,644
2,164,674
2,157,632
2,213,650
2,165,628
2,175,670
2,156,647
2,173,615
2,207,563
2,223,590
2,224,579
2,190,588
2,211,572
2,207,603
2,174,666
2,210,567
2,198,620
2,220,617
2,338,696
2,211,747
2,231,663
2,316,622
2,238,709
2,293,678
2,276,703
2,311,601
2,311,638
2,335,693
2,196,752
2,203,742
2,226,702
2,197,745
2,298,654
2,234,705
2,291,573
2,229,706
2,223,704
2,270,697
2,192,761
2,248,647
2,203,719
2,313,699
2,298,700
2,289,592
2,311,622
2,198,740
2,191,765
2,320,614
2,242,657
2,209,719
2,312,602
2,267,702
2,233,699
2,292,668
2,197,759
2,249,709
2,235,679
2,293,572
2,315,702
2,310,633
2,225,699
2,231,680
2,212,728
2,324,703
2,299,586
2,228,696
2,307,610
2,212,740
2,237,671
2,215,731
2,323,620
2,301,642
2,298,601
2,187,759
2,234,685
2,198,724
2,290,654
2,236,681
2,198,729
2,293,578
2,240,704
2,304,27
2,224,33
2,295,48
2,229,40
2,254,44
2,224,35
2,224,25
2,286,71
2,224,22
2,250,45
2,234,4
2,322,14
2,360,22
2,323,11
2,317,18
2,291,53
2,269,72
2,240,35
2,264,74
2,223,38
2,325,4
2,284,64
2,256,62
2,235,2
2,233,7
2,321,16
2,372,34
2,344,20
2,234,6
2,368,21
2,291,3
2,371,25
2,289,30
2,252,32
2,366,28
2,316,4
2,274,89
2,275,173
2,278,103
2,229,178
2,230,152
2,211,72
2,231,66
2,278,129
2,229,81
2,248,192
2,255,95
2,224,208
2,252,200
2,281,137
2,282,117
2,238,58
2,218,75
2,271,91
2,228,72
2,277,116
2,276,170
2,206,81
2,262,95
2,231,179
2,219,215
2,224,66
2,261,185
2,221,99
2,278,105
2,235,142
2,246,198
2,217,218
2,285,134
2,272,91
2,230,84
2,282,156
2,221,207
2,213,87
2,210,90
2,219,100
2,249,192
2,270,102
2,277,96
2,234,137
2,230,68
2,241,145
2,239,58
2,296,381
2,304,364
2,246,354
2,230,242
2,251,273
2,288,287
2,299,376
2,278,287
2,314,362
2,298,304
2,316,364
2,296,317
2,322,362
2,235,295
2,294,281
2,301,305
2,223,272
2,225,246
2,342,330
2,327,335
2,237,302
2,242,304
2,231,241
2,272,353
2,322,331
2,333,339
2,261,277
2,244,306
2,234,265
2,261,282
2,271,354
2,228,268
2,324,364
2,271,361
2,223,247
2,325,333
2,296,377
2,249,344
2,302,299
2,265,353
2,248,263
2,227,246
2,251,277
2,235,239
2,314,366
2,244,316
2,245,316
2,287,300
2,291,377
2,243,284
2,281,294
2,286,355
2,287,298
2,314,348
2,314,719
2,326,711
2,238,762
2,272,765
2,256,764
2,236,764
2,235,737
2,305,736
2,282,768
2,239,768
2,322,708
2,300,751
2,298,755
2,307,706
2,241,766
2,295,754
2,249,726
2,236,751
2,283,703
2,320,716
2,230,734
2,317,719
2,295,703
2,304,750
2,272,720
2,251,751
2,273,720
2,246,730
2,267,714
2,316,1368
2,323,1341
2,411,1299
2,329,1358
2,320,1365
2,293,1313
2,293,1318
2,380,1260
2,313,1299
2,356,1310
2,268,1381
2,268,1377
2,407,1315
2,269,1348
2,359,1242
2,332,1336
2,387,1250
2,294,1321
2,267,1334
2,362,1244
2,321,1258
2,411,1319
2,330,1337
2,326,1344
2,252,1370
2,290,1360
2,273,1385
2,244,1382
2,239,1386
2,276,1387
2,335,1246
2,265,1352
2,422,1318
2,333,1245
2,378,1267
2,417,1312
2,337,1241
2,406,1296
2,390,1276
2,266,1372
2,372,1246
2,323,1343
2,366,1312
2,242,1382
2,334,1331
2,351,1317
2,334,1245
2,283,1371
2,280,1367
2,324,1351
2,266,1345
2,242,1385
2,405,1314
2,270,1384
2,312,1254
2,329,1327
2,321,1289
2,242,1375
2,411,1297
2,340,1277
2,359,1292
2,281,1343
2,298,1302
2,318,1311
2,273,1322
2,335,1278
2,249,1384
2,286,1349
2,338,1322
2,328,1356
2,330,1363
2,301,1008
2,279,958
2,331,1020
2,255,965
2,327,1004
2,332,978
2,290,968
2,314,979
2,303,1016
2,268,971
2,319,1010
2,333,977
2,282,987
2,300,971
2,320,1003
2,355,1033
2,324,993
2,326,1007
2,325,992
2,290,960
2,288,1014
2,324,1018
2,283,947
2,274,979
2,286,949
2,341,969
2,322,975
2,281,996
2,340,966
2,264,1038
2,325,1018
2,299,1008
2,330,989
2,290,1003
2,285,966
2,307,975
2,341,555
2,344,567
2,247,435
2,340,547
2,259,452
2,248,442
2,318,488
2,346,606
2,327,469
2,302,569
2,304,562
2,338,560
2,251,434
2,343,557
2,304,484
2,305,569
2,244,431
2,290,485
2,258,451
2,293,487
2,343,587
2,331,581
2,334,548
2,333,528
2,309,513
2,355,573
2,311,490
2,349,570
2,343,598
2,297,497
2,333,593
2,311,579
2,298,495
2,312,510
2,281,466
2,299,496
2,330,517
2,321,509
2,288,477
2,307,496
2,330,552
2,309,515
2,247,895
2,366,911
2,375,902
2,291,891
2,426,903
2,428,897
2,378,902
2,359,910
2,347,901
2,403,898
2,369,910
2,352,898
2,348,907
2,357,910
2,259,895
2,365,902
2,323,899
2,433,929
2,431,906
2,262,896
2,373,911
2,276,893
2,410,899
2,402,934
2,432,920
2,385,914
2,390,899
2,382,901
2,414,940
2,322,1129
2,271,1177
2,364,1133
2,286,1203
2,408,1224
2,401,1188
2,381,1165
2,287,1158
2,374,1138
2,417,1217
2,392,1226
2,353,1213
2,289,1211
2,292,1228
2,273,1180
2,322,1128
2,300,1227
2,311,1221
2,291,1198
2,316,1215
2,332,1219
2,386,1179
2,318,1122
2,288,1146
2,329,1219
2,293,1231
2,338,1120
2,377,1149
2,295,1226
2,355,1107
2,309,1216
2,413,1212
2,384,1173
2,379,1220
2,380,1148
2,274,1179
2,345,1213
2,346,1118
2,288,1160
2,361,1129
2,384,1176
2,282,1162
2,374,1223
2,277,1172
2,298,1188
2,304,1187
2,392,1222
2,359,1162
2,390,1174
2,378,1146
2,384,1192
2,320,1215
2,343,1203
2,300,1201
2,287,1168
2,322,1162
2,349,221
2,302,181
2,346,77
2,357,74
2,355,141
2,390,110
2,315,131
2,365,79
2,363,142
2,397,120
2,350,220
2,294,228
2,389,113
2,285,240
2,336,84
2,391,109
2,338,81
2,361,65
2,327,234
2,382,107
2,305,207
2,358,151
2,283,238
2,295,242
2,341,88
2,305,239
2,296,218
2,357,68
2,371,81
2,396,121
2,355,156
2,340,181
2,354,158
2,349,167
2,376,129
2,347,220
2,343,80
2,375,133
2,310,94
2,338,198
2,311,87
2,300,164
2,347,164
2,356,159
2,398,123
2,305,140
2,309,92
2,355,154
2,289,240
2,315,133
2,327,99
2,337,188
2,297,228
2,329,198
2,332,170
2,308,192
2,318,84
2,300,173
2,335,111
2,356,133
2,326,90
2,364,777
2,363,811
2,332,878
2,294,872
2,341,884
2,336,886
2,293,833
2,343,787
2,307,811
2,362,786
2,308,811
2,367,782
2,364,810
2,374,819
2,379,821
2,340,787
2,301,814
2,313,881
2,361,767
2,354,880
2,298,846
2,384,827
2,369,811
2,362,774
2,325,805
2,360,766
2,345,789
2,348,887
2,334,883
2,301,810
2,294,871
2,355,885
2,375,816
2,355,888
2,317,814
2,297,815
2,378,834
2,347,812
2,324,855
2,307,818
2,313,851
2,325,844
2,404,432
2,351,393
2,380,433
2,387,478
2,401,446
2,341,474
2,403,442
2,352,394
2,348,376
2,384,473
2,437,430
2,427,433
2,411,433
2,314,421
2,346,429
2,430,441
2,394,437
2,406,437
2,377,424
2,381,467
2,332,450
2,360,482
2,360,485
2,356,409
2,432,438
2,353,417
2,356,407
2,360,484
2,327,425
2,328,439
2,373,429
2,402,431
2,428,438
2,394,454
2,385,470
2,361,486
2,398,458
2,375,483
2,350,454
2,344,471
2,356,471
2,399,454
2,380,476
2,349,677
2,328,633
2,317,654
2,388,742
2,370,701
2,343,678
2,367,742
2,365,640
2,348,675
2,394,728
2,374,633
2,366,668
2,345,693
2,343,727
2,345,716
2,375,695
2,307,653
2,336,744
2,386,720
2,351,697
2,357,658
2,368,735
2,329,629
2,369,677
2,344,678
2,341,729
2,376,739
2,351,736
2,345,664
2,324,632
2,338,660
2,361,679
2,369,742
2,320,656
2,344,691
2,321,751
2,344,728
2,370,736
2,321,636
2,342,691
2,378,704
2,383,720
2,343,665
2,367,693
2,349,709
2,336,731
2,329,647
2,399,292
2,385,301
2,344,283
2,320,289
2,323,289
2,320,282
2,375,290
2,375,304
2,347,303
2,359,297
2,376,296
2,396,293
2,317,291
2,337,284
2,353,288
2,374,293
2,378,553
2,418,521
2,395,549
2,406,549
2,356,539
2,359,543
2,411,518
2,364,547
2,351,544
2,344,505
2,366,498
2,407,538
2,354,543
2,414,531
2,377,549
2,344,515
2,379,556
2,346,538
2,395,548
2,410,542
2,377,553
2,407,548
2,381,492
2,346,516
2,387,494
2,361,499
2,402,495
2,365,518
2,389,507
2,404,306
2,430,330
2,371,347
2,413,335
2,426,287
2,422,325
2,459,296
2,476,303
2,472,300
2,420,326
2,390,348
2,445,322
2,449,319
2,452,300
2,391,366
2,415,279
2,477,305
2,443,298
2,445,295
2,383,370
2,474,320
2,378,348
2,449,320
2,370,309
2,401,296
2,399,341
2,381,344
2,390,303
2,470,329
2,385,305
2,410,295
2,451,298
2,475,319
2,375,319
2,377,374
2,405,334
2,394,333
2,393,361
2,434,300
2,450,317
2,482,309
2,376,184
2,498,189
2,382,186
2,463,158
2,507,190
2,441,109
2,480,178
2,444,227
2,420,138
2,395,202
2,441,111
2,490,206
2,474,243
2,441,113
2,377,188
2,399,203
2,441,110
2,488,227
2,421,110
2,433,212
2,481,235
2,487,228
2,464,176
2,496,203
2,419,118
2,417,150
2,434,112
2,410,203
2,458,155
2,480,179
2,452,237
2,395,196
2,405,162
2,403,171
2,418,122
2,401,170
2,480,228
2,421,114
2,427,200
2,519,192
2,443,113
2,439,130
2,406,159
2,460,236
2,421,179
2,389,200
2,481,218
2,458,160
2,417,192
2,482,177
2,408,201
2,463,226
2,402,821
2,429,787
2,425,790
2,439,749
2,467,802
2,386,770
2,447,792
2,432,749
2,399,791
2,402,834
2,423,795
2,461,729
2,423,789
2,442,789
2,446,785
2,420,748
2,378,771
2,441,775
2,496,815
2,391,764
2,452,717
2,373,780
2,414,797
2,448,789
2,394,784
2,444,740
2,432,785
2,441,708
2,462,735
2,422,794
2,448,742
2,470,802
2,404,819
2,503,814
2,455,725
2,389,769
2,463,798
2,390,783
2,447,936
2,404,984
2,396,932
2,463,976
2,410,978
2,438,994
2,401,953
2,401,937
2,416,1016
2,403,1010
2,449,985
2,459,917
2,407,943
2,401,1018
2,482,950
2,445,932
2,481,948
2,419,943
2,469,971
2,416,942
2,465,975
2,455,934
2,474,928
2,410,995
2,416,1013
2,401,1020
2,388,930
2,412,992
2,436,994
2,397,1053
2,474,946
2,462,922
2,416,1009
2,466,909
2,393,1016
2,410,1030
2,452,929
2,401,1008
2,421,949
2,489,948
2,472,904
2,394,1048
2,472,907
2,474,941
2,477,941
2,391,930
2,467,972
2,422,991
2,417,988
2,406,646
2,414,732
2,411,619
2,456,620
2,448,642
2,417,598
2,461,626
2,397,656
2,411,695
2,446,625
2,398,653
2,419,738
2,424,613
2,409,712
2,402,729
2,429,689
2,471,622
2,426,709
2,406,687
2,401,592
2,413,719
2,402,698
2,412,602
2,432,676
2,425,720
2,424,605
2,408,631
2,404,667
2,449,637
2,411,744
2,410,638
2,411,699
2,410,693
2,430,686
2,406,591
2,422,707
2,464,627
2,420,690
2,415,739
2,412,649
2,414,656
2,414,631
2,422,639
2,459,1264
2,454,1173
2,449,1225
2,507,1226
2,502,1245
2,479,1264
2,508,1230
2,454,1208
2,502,1241
2,404,1260
2,426,1264
2,505,1234
2,488,1257
2,475,1266
2,421,1260
2,506,1225
2,465,1201
2,479,1267
2,454,1162
2,511,1227
2,469,1210
2,451,1157
2,530,1231
2,453,1204
2,458,1211
2,438,1264
2,458,1208
2,447,1268
2,407,1268
2,495,1250
2,505,1246
2,530,1233
2,431,1255
2,437,1268
2,443,1236
2,489,1068
2,493,1072
2,426,1042
2,431,1062
2,524,1049
2,487,1023
2,533,1056
2,473,1014
2,436,1045
2,531,1055
2,522,1060
2,438,1029
2,533,1079
2,503,1085
2,463,1054
2,508,1086
2,472,1023
2,490,1061
2,513,1044
2,465,1018
2,418,1044
2,521,1046
2,488,1020
2,523,1059
2,529,1040
2,432,1063
2,523,1095
2,518,1050
2,529,1047
2,533,1045
2,526,1065
2,429,1055
2,469,1041
2,432,1057
2,470,1020
2,475,1052
2,463,1056
2,512,1373
2,525,1376
2,529,1381
2,520,1368
2,460,1385
2,461,1382
2,485,1374
2,454,1383
2,518,1370
2,464,1382
2,493,1376
2,480,1377
2,482,1297
2,556,1344
2,540,1381
2,516,1284
2,530,1361
2,526,1351
2,595,1355
2,637,1383
2,550,1341
2,531,1290
2,484,1353
2,453,1329
2,474,1296
2,537,1374
2,561,1345
2,556,1339
2,535,1295
2,586,1338
2,492,1290
2,454,1292
2,534,1321
2,541,1336
2,454,1334
2,460,1292
2,475,1297
2,497,1283
2,509,1344
2,626,1386
2,546,1381
2,501,1281
2,603,1360
2,454,1306
2,587,1346
2,616,1391
2,455,1332
2,528,1294
2,598,1350
2,451,1295
2,456,1316
2,591,1346
2,535,1321
2,525,1284
2,559,1342
2,450,1325
2,446,1341
2,584,1381
2,507,1302
2,479,1342
2,545,1329
2,569,1387
2,532,1334
2,505,1316
2,482,1296
2,491,1301
2,496,1291
2,577,1347
2,494,1162
2,507,1176
2,523,1151
2,468,1171
2,487,1169
2,527,1149
2,490,1174
2,494,1158
2,496,1151
2,496,1175
2,507,1150
2,513,1147
2,510,1176
2,507,1156
2,508,1156
2,498,402
2,529,309
2,540,420
2,534,327
2,492,315
2,496,366
2,493,366
2,480,334
2,519,411
2,534,331
2,522,360
2,522,385
2,538,318
2,520,388
2,476,331
2,520,357
2,550,304
2,536,410
2,529,393
2,474,331
2,533,413
2,568,287
2,476,344
2,517,379
2,489,312
2,506,405
2,499,303
2,515,409
2,493,315
2,470,337
2,503,272
2,529,331
2,533,334
2,487,307
2,486,316
2,512,409
2,530,334
2,494,369
2,494,410
2,538,319
2,507,311
2,523,352
2,498,409
2,499,365
2,501,276
2,524,409
2,535,416
2,493,288
2,503,293
2,552,952
2,491,993
2,519,1003
2,557,959
2,537,996
2,529,1002
2,563,967
2,544,945
2,504,958
2,525,958
2,552,984
2,525,957
2,570,975
2,516,998
2,546,996
2,566,959
2,585,971
2,585,976
2,501,970
2,538,1002
2,477,991
2,510,962
2,561,981
2,542,949
2,556,955
2,498,999
2,507,970
2,501,1001
2,522,990
2,540,973
2,510,1181
2,508,1193
2,479,1200
2,477,1205
2,479,1191
2,509,1195
2,488,1190
2,513,1189
2,485,1199
2,614,786
2,582,705
2,561,758
2,505,718
2,506,700
2,589,793
2,609,778
2,508,700
2,590,717
2,548,745
2,587,786
2,565,762
2,608,803
2,616,793
2,602,799
2,496,719
2,526,736
2,592,723
2,575,709
2,574,710
2,608,780
2,529,735
2,619,814
2,632,816
2,581,769
2,604,763
2,633,812
2,607,777
2,587,702
2,504,709
2,629,816
2,493,714
2,608,812
2,608,768
2,552,715
2,499,701
2,620,815
2,560,719
2,618,812
2,526,727
2,609,813
2,499,716
2,633,804
2,597,793
2,585,705
2,591,750
2,501,711
2,603,779
2,527,1122
2,526,1121
2,512,1142
2,497,1119
2,502,1126
2,498,1111
2,506,1110
2,520,1116
2,500,1136
2,518,1107
2,515,1134
2,507,1100
2,642,142
2,659,136
2,624,50
2,578,11
2,528,118
2,648,64
2,600,15
2,611,42
2,685,58
2,699,67
2,660,84
2,621,130
2,613,45
2,600,2
2,546,49
2,562,115
2,507,130
2,515,113
2,593,117
2,547,113
2,656,102
2,652,123
2,651,62
2,646,118
2,695,56
2,562,44
2,650,138
2,655,71
2,687,55
2,544,48
2,698,68
2,661,144
2,521,60
2,581,17
2,613,49
2,565,47
2,509,117
2,601,117
2,505,134
2,638,147
2,513,82
2,586,0
2,508,67
2,576,122
2,631,61
2,509,131
2,551,50
2,570,30
2,669,149
2,517,108
2,652,62
2,695,63
2,628,57
2,668,63
2,667,136
2,598,13
2,616,44
2,524,64
2,677,72
2,525,58
2,622,52
2,514,129
2,537,116
2,630,91
2,536,70
2,614,134
2,587,115
2,646,144
2,583,76
2,564,33
2,555,50
2,687,65
2,690,61
2,541,70
2,514,133
2,582,89
2,653,117
2,673,148
2,569,1207
2,535,1168
2,527,1212
2,527,1216
2,559,1193
2,564,1168
2,573,1231
2,572,1152
2,578,1140
2,557,1191
2,531,1180
2,572,1146
2,561,1167
2,544,1233
2,569,1209
2,563,1194
2,588,1106
2,547,1232
2,575,1214
2,564,1162
2,585,1123
2,520,1198
2,528,1184
2,562,1180
2,580,1146
2,527,1183
2,562,1238
2,557,1164
2,559,1175
2,572,1153
2,584,1098
2,554,1231
2,564,1175
2,526,1194
2,650,662
2,567,677
2,607,688
2,555,652
2,696,653
2,678,662
2,648,656
2,626,656
2,548,655
2,675,656
2,664,662
2,633,672
2,607,694
2,683,659
2,610,693
2,640,669
2,616,641
2,542,654
2,587,653
2,593,676
2,601,681
2,600,652
2,541,655
2,586,653
2,542,659
2,680,659
2,578,666
2,623,658
2,563,679
2,619,653
2,626,675
2,660,662
2,620,654
2,548,653
2,648,656
2,689,658
2,557,174
2,544,127
2,607,234
2,637,211
2,594,142
2,596,243
2,566,155
2,635,196
2,565,156
2,658,222
2,601,173
2,567,206
2,670,238
2,638,187
2,634,206
2,655,219
2,546,132
2,547,140
2,545,155
2,553,147
2,592,234
2,661,223
2,633,217
2,635,186
2,613,227
2,543,136
2,538,161
2,543,149
2,583,217
2,661,225
2,624,215
2,567,177
2,623,242
2,539,159
2,596,141
2,570,206
2,594,159
2,632,185
2,569,159
2,579,192
2,553,137
2,573,164
2,607,179
2,595,142
2,546,146
2,600,1071
2,551,1085
2,650,1108
2,599,1071
2,633,1102
2,643,1114
2,591,1079
2,538,1102
2,678,1085
2,653,1105
2,597,1079
2,659,1093
2,614,1107
2,575,1079
2,644,1086
2,615,1079
2,561,1086
2,587,1092
2,655,1087
2,564,1082
2,601,1091
2,671,1092
2,546,1080
2,618,1070
2,542,1091
2,623,1078
2,549,1079
2,614,1074
2,585,1086
2,565,1088
2,589,322
2,590,321
2,591,282
2,587,326
2,575,290
2,582,342
2,580,373
2,601,304
2,593,313
2,563,303
2,593,300
2,598,303
2,570,350
2,593,329
2,611,282
2,565,336
2,573,348
2,582,353
2,582,346
2,593,317
2,596,282
2,606,307
2,598,309
2,562,304
2,605,281
2,560,327
2,607,926
2,583,897
2,606,934
2,653,910
2,574,925
2,625,899
2,646,912
2,582,886
2,588,884
2,573,921
2,623,895
2,623,897
2,589,935
2,583,939
2,618,892
2,646,911
2,581,887
2,569,904
2,617,899
2,590,939
2,581,943
2,575,926
2,591,940
2,619,897
2,622,897
2,670,891
2,598,920
2,656,893
2,629,1297
2,650,1312
2,654,1324
2,605,1351
2,623,1300
2,675,1389
2,624,1360
2,640,1301
2,647,1323
2,654,1344
2,622,1359
2,632,1295
2,587,1323
2,602,1345
2,651,1338
2,657,1337
2,586,1325
2,624,1358
2,660,1376
2,601,1317
2,646,1317
2,612,1311
2,608,1344
2,616,1348
2,634,1338
2,618,1337
2,624,1333
2,621,497
2,601,514
2,632,480
2,657,469
2,654,458
2,649,453
2,645,487
2,595,453
2,626,455
2,612,498
2,608,509
2,625,492
2,661,479
2,623,453
2,634,482
2,648,460
2,611,495
2,650,465
2,598,470
2,604,459
2,639,455
2,600,510
2,621,458
2,595,485
2,597,501
2,595,1266
2,636,1232
2,686,1171
2,713,1176
2,633,1202
2,598,1272
2,596,1272
2,648,1188
2,583,1281
2,684,1174
2,677,1169
2,674,1172
2,652,1191
2,593,1253
2,662,1188
2,658,1191
2,592,1260
2,633,1242
2,641,1204
2,593,1247
2,583,1266
2,587,1282
2,626,1204
2,651,1195
2,670,1164
2,647,1194
2,674,1145
2,668,1172
2,593,1224
2,688,1175
2,674,1178
2,618,1209
2,588,1240
2,666,1175
2,668,1173
2,755,1176
2,642,1215
2,678,1167
2,675,379
2,701,272
2,736,352
2,665,291
2,628,378
2,733,340
2,696,279
2,661,283
2,742,360
2,662,380
2,651,323
2,688,383
2,703,291
2,737,341
2,630,377
2,704,359
2,688,386
2,637,377
2,644,387
2,679,283
2,635,350
2,732,357
2,750,364
2,677,281
2,703,369
2,638,362
2,662,319
2,692,282
2,639,328
2,641,381
2,631,354
2,646,384
2,722,356
2,699,363
2,730,362
2,735,340
2,662,310
2,688,382
2,644,326
2,690,390
2,697,383
2,674,308
2,667,320
2,720,317
2,712,317
2,663,309
2,665,367
2,688,283
2,745,360
2,718,305
2,677,1270
2,708,1246
2,659,1222
2,661,1282
2,681,1238
2,681,1218
2,697,1242
2,678,1241
2,682,1248
2,683,1252
2,642,1247
2,645,1252
2,678,1245
2,664,1218
2,663,1222
2,644,1246
2,656,1218
2,646,1221
2,675,1265
2,670,1220
2,678,1225
2,653,1281
2,712,1064
2,706,1036
2,700,955
2,710,1080
2,681,1055
2,694,991
2,685,1060
2,696,989
2,687,1015
2,673,1064
2,692,958
2,734,1103
2,698,962
2,693,1068
2,755,1105
2,706,984
2,681,995
2,741,1097
2,718,1074
2,722,1069
2,713,1073
2,771,952
2,714,1032
2,703,980
2,701,983
2,711,1075
2,714,1037
2,710,1074
2,702,1018
2,736,1107
2,715,1040
2,713,1052
2,688,943
2,669,1068
2,752,958
2,712,1047
2,679,1045
2,711,964
2,695,952
2,697,988
2,654,1078
2,700,1092
2,694,1040
2,706,992
2,727,972
2,698,953
2,700,1322
2,700,1347
2,670,1351
2,696,1366
2,664,1302
2,667,1287
2,699,1330
2,672,1353
2,656,1319
2,702,1352
2,670,1355
2,666,1331
2,663,1293
2,660,1308
2,672,1288
2,702,1322
2,693,1283
2,684,1382
2,675,1354
2,698,1355
2,663,1350
2,685,1359
2,664,1316
2,705,1295
2,693,1355
2,769,887
2,678,888
2,694,822
2,695,880
2,809,895
2,809,876
2,797,874
2,746,886
2,722,829
2,801,882
2,775,895
2,726,853
2,797,879
2,722,895
2,727,893
2,771,888
2,762,889
2,732,867
2,688,885
2,738,869
2,737,862
2,721,823
2,693,873
2,692,879
2,708,817
2,798,880
2,684,842
2,673,889
2,724,851
2,823,887
2,700,874
2,695,877
2,687,835
2,775,883
2,720,834
2,721,842
2,774,895
2,736,867
2,759,890
2,751,889
2,798,879
2,780,879
2,806,881
2,792,891
2,719,848
2,729,872
2,783,719
2,685,704
2,749,718
2,697,678
2,724,720
2,709,676
2,742,721
2,719,680
2,764,718
2,729,680
2,723,722
2,741,693
2,739,695
2,733,722
2,725,680
2,800,723
2,797,728
2,757,707
2,760,718
2,697,711
2,712,672
2,698,678
2,798,727
2,742,693
2,788,721
2,710,674
2,782,733
2,703,706
2,705,686
2,715,704
2,754,1201
2,758,1203
2,771,1215
2,706,1284
2,773,1311
2,763,1278
2,752,1257
2,760,1325
2,756,1233
2,755,1205
2,714,1300
2,760,1211
2,707,1280
2,765,1314
2,742,1223
2,716,1330
2,714,1289
2,747,1212
2,736,1352
2,713,1262
2,710,1322
2,762,1199
2,723,1259
2,735,1236
2,749,1211
2,726,1248
2,718,1255
2,736,1244
2,769,1219
2,748,1199
2,714,1311
2,740,1231
2,722,1246
2,710,1303
2,710,1297
2,763,1222
2,764,1317
2,770,1309
2,727,1264
2,761,1226
2,758,1266
2,777,1302
2,717,1313
2,744,1296
2,775,263
2,825,127
2,720,216
2,810,134
2,782,138
2,731,215
2,749,182
2,773,252
2,790,137
2,782,271
2,764,236
2,744,158
2,799,186
2,746,154
2,715,219
2,715,223
2,748,173
2,768,231
2,727,192
2,763,129
2,796,224
2,811,144
2,752,146
2,800,192
2,775,244
2,776,266
2,839,123
2,804,198
2,738,149
2,800,196
2,784,245
2,750,235
2,723,213
2,745,146
2,758,145
2,822,131
2,804,209
2,749,153
2,772,130
2,814,202
2,790,136
2,794,264
2,725,196
2,798,181
2,814,137
2,766,168
2,821,211
2,741,184
2,778,266
2,783,205
2,776,262
2,781,158
2,766,192
2,789,209
2,831,1217
2,770,1231
2,833,1234
2,786,1240
2,822,1235
2,784,1239
2,810,1235
2,777,1234
2,784,1236
2,782,1233
2,795,1241
2,854,1242
2,881,1245
2,814,1238
2,785,1240
2,829,1209
2,822,1201
2,816,1201
2,819,1209
2,790,1220
2,829,1219
2,794,1211
2,821,1232
2,830,1236
2,835,1366
2,894,1364
2,894,1371
2,898,1376
2,824,1342
2,788,1346
2,836,1369
2,903,1380
2,824,1332
2,794,1344
2,792,1309
2,872,1391
2,784,1290
2,791,1345
2,814,1326
2,823,1327
2,890,1369
2,855,1384
2,791,1304
2,802,1316
2,900,1388
2,893,1385
2,788,1363
2,789,1367
2,900,1377
2,840,1373
2,807,1390
2,896,1376
2,865,1391
2,779,1352
2,850,1376
2,800,1332
2,901,1361
2,791,1366
2,896,1383
2,805,1364
2,840,516
2,834,554
2,830,424
2,848,474
2,869,514
2,832,555
2,837,415
2,822,439
2,851,485
2,832,556
2,813,295
2,823,366
2,834,526
2,842,461
2,863,545
2,825,447
2,831,541
2,858,545
2,868,544
2,817,339
2,807,302
2,799,554
2,837,537
2,836,493
2,835,417
2,819,389
2,869,511
2,878,541
2,868,506
2,828,311
2,875,510
2,882,528
2,828,443
2,819,335
2,832,537
2,814,554
2,819,310
2,827,324
2,846,447
2,825,429
2,798,338
2,816,549
2,800,552
2,832,535
2,832,551
2,804,295
2,836,489
2,829,315
2,895,517
2,816,356
2,828,407
2,821,302
2,822,387
2,832,557
2,856,547
2,817,375
2,842,547
2,815,298
2,861,528
2,858,500
2,837,503
2,841,428
2,856,527
2,838,490
2,821,399
2,819,304
2,841,1291
2,846,1282
2,839,1348
2,869,1342
2,884,1312
2,882,1303
2,874,1335
2,879,1332
2,836,1338
2,838,1296
2,839,1274
2,862,1358
2,837,1354
2,855,1272
2,849,1279
2,837,1350
2,806,1305
2,822,1311
2,848,1361
2,846,1371
2,872,1290
2,878,1300
2,842,1289
2,878,1334
2,875,1334
2,836,1298
2,892,1334
2,863,1284
2,858,1362
2,864,1297
2,849,1275
2,833,1308
2,898,1332
2,880,1312
2,850,1114
2,849,1112
2,853,1113
2,876,1103
2,839,1134
2,897,1119
2,851,1143
2,841,1136
2,880,1101
2,909,1106
2,863,1139
2,885,1099
2,861,1142
2,842,1143
2,916,1116
2,882,1137
2,818,1150
2,869,1107
2,843,1117
2,885,1106
2,885,1129
2,865,1118
2,863,1119
2,889,1134
2,820,1019
2,843,1060
2,878,1035
2,873,1027
2,825,1036
2,871,1036
2,833,1039
2,848,1049
2,877,1026
2,861,1004
2,873,1025
2,830,1034
2,834,1032
2,864,1052
2,837,1062
2,869,1012
2,862,1050
2,823,1024
2,871,1015
2,854,1003
2,899,139
2,847,155
2,834,165
2,874,134
2,847,187
2,869,186
2,852,154
2,865,145
2,825,170
2,851,185
2,898,161
2,906,145
2,897,164
2,901,168
2,906,102
2,875,136
2,873,140
2,902,146
2,898,127
2,846,158
2,863,183
2,906,156
2,886,130
2,905,105
2,886,136
2,882,244
2,914,224
2,855,257
2,833,234
2,848,251
2,877,251
2,873,255
2,899,193
2,864,213
2,848,228
2,836,226
2,883,245
2,861,257
2,875,192
2,895,201
2,858,216
2,877,258
2,866,279
2,915,227
2,853,218
2,869,205
2,916,218
2,892,186
2,895,197
2,862,214
2,892,189
2,871,193
2,867,264
2,913,229
2,881,207
2,965,1254
2,872,1150
2,947,1190
2,1012,1242
2,1011,1237
2,922,1147
2,980,1207
2,935,1236
2,932,1174
2,851,1207
2,868,1147
2,872,1198
2,858,1202
2,903,1203
2,963,1203
2,1004,1224
2,853,1172
2,885,1202
2,863,1153
2,996,1212
2,911,1204
2,1011,1235
2,903,1135
2,874,1143
2,934,1156
2,937,1238
2,970,1204
2,865,1148
2,967,1253
2,898,1141
2,976,1205
2,846,1200
2,968,1257
2,863,1152
2,923,1152
2,969,1254
2,1010,1243
2,922,1231
2,911,1146
2,903,1132
2,918,1145
2,959,1255
2,904,1138
2,943,1194
2,1005,1248
2,849,1154
2,931,1235
2,920,1213
2,994,1211
2,1032,1239
2,980,1213
2,995,1217
2,873,1155
2,849,1174
2,962,1218
2,933,1156
2,960,1253
2,915,1158
2,941,1215
2,953,1198
2,975,1205
2,969,1239
2,849,389
2,846,385
2,926,383
2,935,353
2,961,343
2,888,374
2,864,380
2,891,375
2,942,342
2,878,373
2,929,335
2,945,340
2,932,358
2,885,373
2,887,382
2,944,333
2,926,334
2,920,335
2,936,332
2,876,377
2,934,369
2,924,381
2,886,376
2,922,391
2,921,340
2,903,358
2,904,369
2,925,362
2,857,594
2,920,599
2,906,614
2,908,606
2,920,717
2,939,526
2,940,665
2,934,612
2,974,659
2,915,720
2,939,672
2,900,711
2,898,681
2,901,659
2,873,637
2,928,589
2,931,602
2,949,667
2,938,529
2,965,639
2,973,643
2,962,636
2,945,503
2,882,607
2,965,655
2,926,701
2,960,633
2,879,610
2,959,659
2,881,646
2,938,617
2,903,613
2,942,677
2,917,715
2,927,604
2,941,672
2,942,507
2,901,667
2,864,599
2,925,578
2,941,517
2,966,640
2,927,569
2,878,645
2,925,705
2,910,604
2,930,575
2,901,672
2,938,533
2,970,652
2,896,704
2,901,691
2,855,610
2,884,642
2,927,629
2,856,614
2,952,648
2,916,659
2,859,618
2,892,638
2,853,617
2,952,654
2,995,653
2,876,611
2,886,972
2,928,997
2,945,976
2,993,971
2,961,975
2,921,1000
2,995,975
2,912,1007
2,901,972
2,901,970
2,927,968
2,896,1005
2,998,970
2,961,983
2,891,977
2,868,973
2,876,976
2,855,977
2,880,988
2,886,982
2,976,985
2,962,987
2,995,974
2,869,971
2,953,985
2,873,969
2,880,977
2,997,967
2,930,968
2,981,983
2,934,999
2,930,979
2,893,990
2,903,1066
2,910,1099
2,927,1053
2,925,1050
2,959,1110
2,949,1080
2,891,1083
2,909,1056
2,960,1082
2,873,1087
2,903,1100
2,947,1071
2,964,1102
2,871,1086
2,900,1070
2,916,1058
2,926,1049
2,936,1094
2,950,1080
2,931,1053
2,920,1096
2,897,1079
2,947,1072
2,898,1068
2,949,1090
2,913,1080
2,916,1055
2,928,830
2,884,838
2,927,832
2,917,832
2,942,829
2,889,782
2,943,824
2,931,828
2,916,828
2,930,811
2,879,864
2,873,774
2,935,816
2,880,805
2,872,781
2,882,833
2,946,825
2,890,782
2,881,858
2,910,836
2,877,830
2,884,800
2,881,800
2,880,793
2,885,804
2,916,829
2,897,834
2,919,819
2,939,826
2,962,1037
2,882,1047
2,965,1032
2,883,1046
2,908,1029
2,943,1000
2,892,1045
2,945,1035
2,928,1015
2,889,1041
2,958,1035
2,929,1041
2,956,1017
2,910,1025
2,902,1046
2,914,1043
2,878,1055
2,949,997
2,892,1051
2,962,1032
2,958,1022
2,920,1027
2,939,1032
2,941,1030
2,946,481
2,882,469
2,899,399
2,906,402
2,918,471
2,888,399
2,953,430
2,945,394
2,892,392
2,919,408
2,1018,448
2,880,442
2,969,442
2,890,433
2,885,435
2,958,439
2,996,462
2,972,447
2,885,425
2,932,415
2,996,457
2,901,464
2,963,481
2,888,459
2,920,415
2,1008,452
2,932,473
2,923,473
2,934,408
2,934,486
2,960,439
2,960,406
2,1013,455
2,984,463
2,1016,443
2,988,450
2,953,403
2,955,416
2,886,432
2,875,443
2,897,467
2,954,450
2,923,412
2,950,410
2,893,394
2,957,436
2,905,414
2,955,389
2,879,415
2,943,707
2,924,726
2,905,762
2,920,725
2,975,733
2,935,712
2,932,708
2,972,692
2,965,695
2,955,746
2,921,765
2,928,744
2,945,709
2,906,770
2,979,715
2,888,772
2,980,732
2,920,759
2,938,755
2,952,708
2,932,766
2,913,758
2,902,768
2,965,699
2,927,728
2,968,740
2,965,717
2,961,702
2,953,701
2,956,201
2,917,208
2,964,164
2,960,167
2,903,182
2,912,201
2,923,104
2,966,159
2,922,135
2,952,216
2,912,193
2,916,210
2,912,168
2,910,155
2,919,111
2,932,100
2,921,215
2,924,113
2,907,161
2,914,201
2,943,132
2,965,169
2,928,95
2,981,161
2,934,101
2,947,210
2,923,137
2,903,179
2,926,134
2,955,190
2,956,136
2,936,118
2,949,205
2,955,176
2,959,192
2,926,157
2,960,148
2,938,102
2,924,117
2,915,124
2,977,947
2,950,868
2,970,859
2,1013,920
2,911,885
2,1014,910
2,991,885
2,980,858
2,1020,924
2,1018,924
2,985,944
2,958,956
2,903,921
2,1005,897
2,927,854
2,933,944
2,907,938
2,904,910
2,926,863
2,903,918
2,919,871
2,903,934
2,986,940
2,945,950
2,931,859
2,983,946
2,921,858
2,950,864
2,1014,921
2,1000,890
2,986,884
2,926,873
2,910,909
2,920,863
2,903,936
2,944,890
2,908,920
2,920,945
2,962,957
2,938,900
2,991,889
2,979,918
2,967,925
2,951,950
2,938,778
2,984,784
2,951,769
2,991,752
2,924,780
2,966,752
2,934,778
2,970,787
2,959,764
2,996,754
2,956,799
2,942,797
2,967,791
2,976,789
2,924,784
2,967,753
2,930,794
2,981,751
2,944,786
2,976,783
2,925,26
2,928,34
2,976,18
2,976,25
2,974,25
2,984,12
2,931,28
2,927,13
2,962,31
2,923,20
2,973,23
2,979,40
2,983,4
2,978,29
2,941,25
2,944,2
2,967,1086
2,985,1082
2,956,1042
2,994,1114
2,958,1074
2,987,1074
2,954,1071
2,961,1079
2,960,1050
2,991,1095
2,975,1058
2,951,1053
2,954,1045
2,991,1098
2,952,1039
2,940,1046
2,1027,356
2,1000,388
2,1022,376
2,1033,355
2,1034,291
2,1029,356
2,1006,386
2,1033,322
2,1032,344
2,1036,326
2,1020,283
2,983,273
2,1024,364
2,1001,382
2,964,269
2,972,297
2,1005,281
2,992,378
2,976,274
2,967,294
2,985,328
2,1028,373
2,997,352
2,1029,289
2,1030,346
2,1002,361
2,1006,384
2,1025,376
2,1023,367
2,1007,395
2,976,270
2,1027,346
2,980,316
2,973,266
2,988,339
2,995,291
2,991,310
2,966,278
2,999,278
2,1022,392
2,995,280
2,1024,823
2,1024,726
2,976,802
2,1018,738
2,1026,692
2,993,773
2,990,775
2,1021,704
2,1018,748
2,1014,811
2,978,802
2,987,803
2,1004,762
2,992,804
2,969,812
2,1016,689
2,983,796
2,968,812
2,1024,760
2,1012,753
2,1019,758
2,1034,786
2,973,808
2,1026,782
2,975,802
2,1026,781
2,1030,803
2,994,801
2,1000,768
2,1020,709
2,980,799
2,1004,779
2,1029,764
2,983,1042
2,1010,1045
2,998,1118
2,991,1068
2,1022,1062
2,1036,1137
2,1029,1067
2,1011,1145
2,1031,1074
2,984,1025
2,1001,1111
2,1025,1072
2,999,1079
2,982,1044
2,992,1028
2,1022,1147
2,997,1037
2,998,1076
2,1009,1050
2,981,1034
2,986,1042
2,1003,1041
2,1032,1131
2,1028,1145
2,1035,1128
2,1033,1137
2,1009,1073
2,982,1039
2,1012,1143
2,1035,1080
2,1037,1121
2,1027,1279
2,1035,1277
2,1015,1385
2,1023,1292
2,1031,1351
2,1025,1345
2,1005,1289
2,1026,1348
2,1028,1320
2,1036,1276
2,1019,1384
2,1034,1273
2,1012,1389
2,1022,1285
2,1021,1378
2,1036,1347
2,1038,1288
2,1019,1047
2,1038,1032
2,1025,1038
2,1015,1043
2,1031,1057
2,1038,1062
2,1028,1041
2,1029,842
2,1030,826
2,1029,840
2,1027,850
2,1027,837
2,1021,845
2,1031,843
2,1031,732
2,1038,755
2,1035,736
2,1038,768
