channel,y,x
0,11,189
0,71,101
0,18,178
0,64,104
0,62,41
0,56,138
0,47,148
0,63,80
0,56,58
0,40,169
0,20,18
0,75,66
0,96,45
0,45,24
0,30,155
0,73,99
0,88,70
0,52,61
0,56,167
0,109,80
0,24,146
0,53,58
0,61,41
0,101,75
0,89,60
0,32,134
0,73,42
0,14,169
0,11,175
0,41,103
0,75,27
0,32,178
0,71,27
0,69,48
0,24,18
0,85,65
0,57,160
0,101,60
0,60,46
0,70,62
0,88,86
0,85,76
0,93,59
0,63,84
0,46,45
0,25,190
0,115,86
0,84,699
0,72,709
0,44,737
0,42,705
0,81,712
0,8,732
0,45,741
0,61,731
0,64,699
0,53,714
0,29,694
0,50,746
0,5,724
0,52,728
0,70,715
0,38,754
0,84,701
0,46,754
0,115,693
0,70,709
0,35,708
0,39,754
0,36,1238
0,14,1217
0,20,1210
0,2,1231
0,41,1224
0,27,1227
0,16,1225
0,31,1237
0,33,1207
0,7,1287
0,19,1295
0,9,1362
0,16,1344
0,0,1358
0,6,1349
0,0,1362
0,6,1332
0,12,1333
0,13,69
0,7,69
0,7,70
0,10,66
0,87,157
0,91,174
0,101,230
0,32,253
0,8,326
0,64,234
0,24,235
0,178,174
0,169,204
0,103,205
0,46,245
0,73,157
0,133,240
0,171,219
0,75,204
0,128,220
0,69,143
0,122,241
0,154,214
0,130,217
0,53,220
0,31,253
0,16,315
0,5,322
0,103,218
0,116,212
0,26,247
0,38,240
0,77,225
0,69,214
0,100,143
0,69,235
0,55,222
0,92,130
0,19,319
0,154,211
0,139,204
0,87,224
0,86,154
0,45,222
0,32,242
0,98,148
0,149,198
0,173,214
0,100,173
0,100,213
0,155,213
0,119,213
0,128,222
0,97,173
0,144,206
0,125,191
0,87,169
0,74,156
0,80,161
0,85,224
0,75,206
0,13,237
0,77,228
0,47,249
0,17,297
0,51,1389
0,58,1383
0,70,1371
0,64,1378
0,72,1385
0,40,1352
0,38,1362
0,47,1373
0,28,1375
0,33,1356
0,66,1285
0,62,1312
0,56,1293
0,76,1294
0,41,1283
0,54,1278
0,70,1300
0,35,1325
0,67,1307
0,42,1322
0,94,1288
0,56,1279
0,32,1302
0,83,1288
0,99,1287
0,67,1292
0,49,1274
0,70,1286
0,36,1303
0,69,257
0,53,278
0,40,355
0,64,295
0,70,244
0,57,278
0,64,287
0,70,306
0,71,253
0,55,308
0,71,300
0,51,281
0,41,312
0,47,289
0,92,283
0,54,280
0,49,323
0,79,289
0,73,245
0,44,270
0,78,1345
0,79,1314
0,66,1327
0,87,1336
0,66,1342
0,55,1349
0,69,1347
0,89,1336
0,51,1331
0,71,1340
0,112,1
0,141,10
0,73,11
0,139,0
0,121,15
0,142,44
0,101,21
0,135,9
0,87,15
0,123,40
0,112,5
0,158,37
0,85,12
0,120,26
0,149,44
0,111,1209
0,101,1165
0,89,1215
0,103,1231
0,122,1189
0,103,1157
0,119,1171
0,102,1201
0,92,1208
0,94,1204
0,111,1179
0,91,1200
0,131,1189
0,126,1211
0,126,1206
0,91,1207
0,110,1205
0,92,302
0,158,349
0,156,386
0,116,334
0,91,301
0,97,338
0,130,369
0,160,396
0,155,343
0,157,336
0,113,353
0,106,355
0,110,326
0,152,386
0,148,336
0,80,327
0,123,331
0,165,348
0,104,358
0,127,344
0,99,312
0,150,391
0,144,382
0,161,345
0,164,357
0,77,405
0,103,402
0,99,398
0,113,418
0,77,393
0,86,371
0,132,455
0,97,393
0,77,380
0,99,406
0,115,439
0,86,406
0,112,409
0,105,424
0,108,385
0,77,396
0,115,440
0,75,398
0,84,427
0,121,438
0,93,1369
0,88,1377
0,82,1383
0,140,1082
0,125,1141
0,146,1124
0,148,1076
0,178,1073
0,125,1129
0,173,1099
0,145,1131
0,170,1084
0,209,1099
0,165,1189
0,152,1157
0,178,1085
0,179,1080
0,88,1113
0,124,1125
0,147,1085
0,166,1162
0,171,1089
0,94,1117
0,199,1075
0,192,1144
0,169,1184
0,201,1121
0,207,1109
0,153,1187
0,198,1139
0,179,1160
0,180,1090
0,153,1135
0,160,1179
0,159,1182
0,110,1117
0,168,1184
0,125,1143
0,131,1146
0,174,1113
0,124,1154
0,192,1158
0,130,1101
0,171,1145
0,137,1077
0,188,1084
0,117,1121
0,135,1143
0,158,1195
0,169,1157
0,188,1131
0,174,1116
0,163,1114
0,161,1189
0,180,1075
0,116,1294
0,185,1287
0,144,1305
0,112,1295
0,162,1304
0,112,1312
0,145,1290
0,145,1288
0,131,1281
0,151,1280
0,97,1307
0,154,1297
0,147,1296
0,139,1021
0,123,1042
0,126,1045
0,141,1048
0,124,1024
0,134,1028
0,105,1050
0,141,1034
0,144,1050
0,140,1032
0,130,1025
0,156,1008
0,160,996
0,132,1019
0,129,1037
0,148,1035
0,117,1033
0,100,1059
0,141,603
0,113,585
0,151,591
0,189,609
0,138,593
0,134,578
0,133,616
0,142,577
0,139,607
0,164,603
0,185,629
0,174,588
0,138,563
0,159,593
0,141,594
0,168,614
0,164,621
0,142,579
0,124,596
0,111,582
0,133,595
0,133,311
0,154,280
0,144,313
0,110,325
0,154,269
0,121,288
0,134,299
0,140,268
0,131,297
0,137,299
0,106,315
0,150,264
0,145,259
0,148,439
0,130,443
0,154,428
0,123,389
0,126,425
0,164,447
0,160,455
0,115,384
0,128,392
0,117,417
0,121,419
0,142,437
0,119,420
0,181,488
0,139,475
0,167,474
0,162,478
0,123,489
0,126,481
0,136,484
0,155,473
0,225,518
0,149,481
0,139,482
0,179,499
0,118,489
0,220,487
0,146,461
0,211,482
0,129,474
0,178,477
0,207,492
0,206,497
0,118,1380
0,202,186
0,244,137
0,203,125
0,176,109
0,157,123
0,184,145
0,201,186
0,229,139
0,245,136
0,214,143
0,182,148
0,196,157
0,209,136
0,161,122
0,139,111
0,215,133
0,223,133
0,179,118
0,215,120
0,189,128
0,233,139
0,210,133
0,186,157
0,171,1267
0,194,1237
0,190,1230
0,175,1228
0,179,1239
0,160,1251
0,145,1263
0,188,1226
0,186,1247
0,169,1254
0,174,1242
0,175,1241
0,194,809
0,184,814
0,163,822
0,171,728
0,187,787
0,153,723
0,155,699
0,217,740
0,157,696
0,143,692
0,172,809
0,193,718
0,205,752
0,205,816
0,190,729
0,159,821
0,181,790
0,194,804
0,180,794
0,199,819
0,156,720
0,214,807
0,190,730
0,194,795
0,168,800
0,182,715
0,190,711
0,152,693
0,191,782
0,187,819
0,217,790
0,201,766
0,178,762
0,173,301
0,219,316
0,175,283
0,192,288
0,172,312
0,217,287
0,176,308
0,226,282
0,171,332
0,169,313
0,221,314
0,227,292
0,190,335
0,176,277
0,209,302
0,201,295
0,197,292
0,190,288
0,205,308
0,210,301
0,188,290
0,168,287
0,178,15
0,183,19
0,192,3
0,175,1
0,168,980
0,166,987
0,192,964
0,216,981
0,189,973
0,168,961
0,206,964
0,191,968
0,180,945
0,179,992
0,206,991
0,180,967
0,178,956
0,187,1309
0,190,1314
0,179,1334
0,183,1310
0,169,1334
0,180,1343
0,188,1316
0,353,9
0,328,21
0,365,32
0,347,36
0,263,73
0,320,20
0,323,19
0,268,65
0,355,22
0,348,22
0,226,51
0,303,74
0,347,3
0,352,19
0,373,29
0,240,78
0,218,67
0,352,11
0,269,66
0,303,65
0,345,27
0,335,20
0,329,28
0,277,41
0,330,43
0,314,51
0,376,9
0,317,50
0,342,16
0,365,23
0,293,33
0,294,48
0,315,29
0,331,26
0,307,59
0,301,47
0,239,1171
0,226,1177
0,243,1201
0,213,1202
0,231,1174
0,230,1212
0,224,1231
0,239,1213
0,241,1205
0,227,1219
0,198,1214
0,218,1248
0,209,1182
0,220,1190
0,220,1237
0,239,1220
0,204,1320
0,234,1324
0,235,1344
0,229,1314
0,261,1387
0,225,1321
0,212,1340
0,239,1362
0,213,1323
0,207,1336
0,208,1306
0,241,1315
0,209,1316
0,219,1312
0,231,1376
0,242,1390
0,216,1383
0,216,1366
0,226,1381
0,205,1359
0,231,1378
0,239,1382
0,228,256
0,244,234
0,234,274
0,279,255
0,210,244
0,225,243
0,251,253
0,221,264
0,240,273
0,240,235
0,242,278
0,205,242
0,226,220
0,232,210
0,298,277
0,227,228
0,283,273
0,249,252
0,226,223
0,238,223
0,222,217
0,212,237
0,256,209
0,273,278
0,226,250
0,228,216
0,234,217
0,264,272
0,239,230
0,271,630
0,273,631
0,237,695
0,259,692
0,278,618
0,265,685
0,254,714
0,239,687
0,271,670
0,223,725
0,289,564
0,273,651
0,279,591
0,212,720
0,268,642
0,267,608
0,269,692
0,253,687
0,301,566
0,250,714
0,291,601
0,205,713
0,277,651
0,249,666
0,267,640
0,287,568
0,270,651
0,283,622
0,209,1267
0,223,1263
0,220,1257
0,241,1295
0,247,1275
0,223,1286
0,205,1274
0,236,1294
0,248,1302
0,257,923
0,293,920
0,242,882
0,255,874
0,301,949
0,261,961
0,274,887
0,274,888
0,275,880
0,231,882
0,269,916
0,261,959
0,277,964
0,253,953
0,254,912
0,267,974
0,248,914
0,294,935
0,254,922
0,233,876
0,255,923
0,254,933
0,256,913
0,287,922
0,257,880
0,244,875
0,261,1093
0,260,1069
0,243,1076
0,241,1090
0,239,1098
0,255,1108
0,247,1111
0,261,1064
0,218,1114
0,272,1082
0,265,1072
0,263,1088
0,282,519
0,228,528
0,299,520
0,268,528
0,245,541
0,300,513
0,266,536
0,277,532
0,256,564
0,278,548
0,270,547
0,261,564
0,259,531
0,275,555
0,276,540
0,313,512
0,238,562
0,256,579
0,318,524
0,272,691
0,242,792
0,232,741
0,225,785
0,271,818
0,235,800
0,285,789
0,282,684
0,223,807
0,238,847
0,224,785
0,282,700
0,243,824
0,273,773
0,279,823
0,266,839
0,283,702
0,232,799
0,268,827
0,272,754
0,281,769
0,254,836
0,241,826
0,271,804
0,224,827
0,238,804
0,229,820
0,230,785
0,240,838
0,240,774
0,234,826
0,232,816
0,276,764
0,272,799
0,264,730
0,252,843
0,291,798
0,281,684
0,305,797
0,224,783
0,250,736
0,271,781
0,223,795
0,246,790
0,262,719
0,230,376
0,311,293
0,316,288
0,250,385
0,381,253
0,364,255
0,240,399
0,314,303
0,267,361
0,358,279
0,309,306
0,302,377
0,366,280
0,262,402
0,238,363
0,253,373
0,360,255
0,370,261
0,305,299
0,274,365
0,257,378
0,342,280
0,329,254
0,336,297
0,305,379
0,356,268
0,257,375
0,338,245
0,372,248
0,334,290
0,340,289
0,338,283
0,408,252
0,346,262
0,322,278
0,285,350
0,286,357
0,262,365
0,230,369
0,235,378
0,298,322
0,249,391
0,352,248
0,243,380
0,289,367
0,342,259
0,255,3
0,256,37
0,258,19
0,238,43
0,246,44
0,231,43
0,285,3
0,254,5
0,249,35
0,267,36
0,256,43
0,238,28
0,279,1257
0,271,1236
0,262,1224
0,244,1231
0,278,1257
0,252,1239
0,267,1209
0,242,1244
0,281,1226
0,269,1233
0,268,1252
0,281,1246
0,320,165
0,311,116
0,351,119
0,251,132
0,310,130
0,265,120
0,364,166
0,271,129
0,349,118
0,359,163
0,355,136
0,315,137
0,252,129
0,361,167
0,355,125
0,339,119
0,359,135
0,311,121
0,341,124
0,357,129
0,304,121
0,336,166
0,356,171
0,278,1322
0,271,1320
0,269,1311
0,275,1282
0,268,1334
0,259,1344
0,256,1328
0,257,1308
0,282,1281
0,275,1294
0,252,1326
0,262,1317
0,255,1031
0,299,1041
0,275,1071
0,298,1020
0,288,1083
0,273,1040
0,281,1054
0,290,1001
0,281,1078
0,257,1026
0,321,1068
0,280,1057
0,288,1025
0,307,1068
0,286,1009
0,313,1038
0,294,1042
0,283,1001
0,326,1068
0,277,1029
0,318,1046
0,335,217
0,360,237
0,354,234
0,273,178
0,312,191
0,292,200
0,273,165
0,320,225
0,315,183
0,321,220
0,318,192
0,306,187
0,296,160
0,302,155
0,267,189
0,344,238
0,329,178
0,257,178
0,328,211
0,270,177
0,305,194
0,283,180
0,264,188
0,298,186
0,378,1156
0,336,1167
0,294,1140
0,306,1147
0,302,1140
0,347,1158
0,351,1168
0,311,1154
0,342,1150
0,357,1148
0,390,1147
0,321,1153
0,343,1158
0,326,1160
0,392,1174
0,294,1133
0,311,686
0,414,751
0,353,679
0,314,691
0,325,672
0,336,689
0,299,705
0,379,645
0,356,649
0,410,734
0,398,672
0,393,629
0,383,636
0,448,623
0,419,743
0,391,721
0,332,674
0,375,657
0,480,592
0,405,704
0,357,699
0,340,686
0,424,638
0,370,731
0,285,654
0,352,654
0,418,763
0,434,642
0,431,641
0,377,683
0,412,702
0,398,638
0,406,629
0,433,742
0,458,620
0,361,665
0,378,655
0,448,637
0,414,753
0,441,744
0,485,596
0,302,708
0,377,705
0,372,656
0,416,747
0,446,638
0,401,689
0,385,725
0,370,716
0,382,616
0,396,773
0,375,628
0,399,660
0,381,675
0,384,659
0,367,727
0,332,699
0,308,664
0,409,692
0,314,681
0,314,683
0,376,668
0,401,706
0,351,648
0,362,660
0,393,693
0,376,694
0,308,701
0,415,692
0,396,764
0,382,699
0,396,765
0,416,704
0,458,606
0,462,615
0,381,696
0,429,645
0,393,769
0,397,631
0,312,1186
0,316,1193
0,313,1177
0,321,1189
0,315,1181
0,318,1180
0,297,1231
0,322,1190
0,336,1195
0,332,1181
0,294,1238
0,332,1372
0,338,1374
0,297,1367
0,312,1377
0,310,1382
0,335,809
0,324,826
0,331,812
0,359,882
0,359,820
0,365,835
0,356,827
0,356,836
0,367,867
0,352,868
0,340,834
0,359,848
0,378,861
0,365,870
0,371,848
0,340,811
0,369,877
0,362,849
0,371,453
0,365,406
0,327,429
0,316,425
0,362,413
0,333,441
0,356,469
0,365,443
0,411,393
0,379,437
0,361,432
0,392,449
0,328,441
0,352,377
0,388,453
0,373,404
0,346,415
0,388,400
0,388,431
0,357,383
0,391,404
0,326,435
0,353,380
0,381,458
0,386,430
0,391,459
0,400,393
0,370,412
0,392,386
0,354,377
0,325,433
0,382,424
0,372,448
0,386,441
0,329,633
0,405,563
0,336,630
0,369,523
0,394,546
0,395,605
0,390,551
0,360,622
0,408,595
0,423,596
0,362,569
0,378,601
0,398,596
0,390,547
0,363,589
0,349,558
0,409,580
0,310,614
0,345,558
0,367,599
0,323,564
0,342,622
0,355,569
0,346,528
0,342,535
0,392,536
0,418,597
0,340,599
0,397,572
0,357,628
0,355,619
0,419,563
0,365,533
0,340,595
0,337,611
0,373,516
0,417,587
0,380,527
0,369,579
0,352,605
0,339,531
0,362,614
0,367,596
0,402,589
0,366,576
0,327,612
0,391,601
0,341,556
0,365,114
0,395,127
0,379,121
0,392,119
0,350,52
0,388,138
0,409,144
0,404,135
0,392,123
0,373,111
0,325,88
0,383,135
0,314,83
0,337,62
0,390,141
0,321,101
0,359,113
0,396,132
0,341,48
0,364,97
0,381,968
0,379,983
0,377,993
0,352,988
0,362,961
0,357,992
0,383,957
0,366,983
0,351,968
0,398,989
0,336,993
0,368,987
0,375,958
0,341,977
0,384,953
0,414,976
0,370,982
0,368,1005
0,387,979
0,399,993
0,365,999
0,358,942
0,372,1038
0,372,1016
0,340,1033
0,385,1022
0,360,1032
0,352,1033
0,365,1033
0,386,1049
0,389,1045
0,356,1031
0,367,1023
0,342,1047
0,418,911
0,423,930
0,373,892
0,361,925
0,379,894
0,370,912
0,434,921
0,447,930
0,375,928
0,334,946
0,372,904
0,368,892
0,380,917
0,376,933
0,414,926
0,364,906
0,360,888
0,375,906
0,353,930
0,396,902
0,365,931
0,406,902
0,362,912
0,390,891
0,352,1192
0,351,1177
0,360,1173
0,358,1177
0,365,1196
0,344,1186
0,417,312
0,414,357
0,366,327
0,418,322
0,401,353
0,363,296
0,369,290
0,391,317
0,395,314
0,407,309
0,366,342
0,401,350
0,384,345
0,434,310
0,418,318
0,421,314
0,379,298
0,360,299
0,384,294
0,432,303
0,408,354
0,364,305
0,352,290
0,413,302
0,411,346
0,394,342
0,510,200
0,452,362
0,458,249
0,642,232
0,645,240
0,489,279
0,439,229
0,530,299
0,424,224
0,511,266
0,570,235
0,442,382
0,577,228
0,536,202
0,581,298
0,632,212
0,543,316
0,557,273
0,584,244
0,477,308
0,427,233
0,454,235
0,507,281
0,400,264
0,580,320
0,621,260
0,435,305
0,527,244
0,586,236
0,620,246
0,584,200
0,593,227
0,523,232
0,657,240
0,548,261
0,639,246
0,627,241
0,458,320
0,409,197
0,537,248
0,516,208
0,595,227
0,403,269
0,462,232
0,490,301
0,413,214
0,643,281
0,543,252
0,473,283
0,484,269
0,553,241
0,578,319
0,507,274
0,540,229
0,618,197
0,461,217
0,441,282
0,434,236
0,627,176
0,574,205
0,616,254
0,564,281
0,609,181
0,456,219
0,585,297
0,531,280
0,493,251
0,576,221
0,602,237
0,481,234
0,576,275
0,547,205
0,546,294
0,432,229
0,438,259
0,648,217
0,443,205
0,492,256
0,572,229
0,568,239
0,560,220
0,505,283
0,620,217
0,465,214
0,650,214
0,493,296
0,440,324
0,472,303
0,549,207
0,437,366
0,538,293
0,575,302
0,578,226
0,514,264
0,519,256
0,435,234
0,593,192
0,500,240
0,477,216
0,460,311
0,642,290
0,641,257
0,634,192
0,624,181
0,632,176
0,435,218
0,521,198
0,521,289
0,648,170
0,565,310
0,415,213
0,400,195
0,466,327
0,446,239
0,524,237
0,463,341
0,497,274
0,653,221
0,632,296
0,501,189
0,655,246
0,584,196
0,438,260
0,578,329
0,442,384
0,564,214
0,457,233
0,487,239
0,634,200
0,452,217
0,568,290
0,579,209
0,457,289
0,515,256
0,444,377
0,483,251
0,511,276
0,596,258
0,543,232
0,481,202
0,507,283
0,561,232
0,464,260
0,527,208
0,577,232
0,540,338
0,610,256
0,487,217
0,515,225
0,605,295
0,604,197
0,624,208
0,647,212
0,541,311
0,566,328
0,623,262
0,620,267
0,521,294
0,409,161
0,388,99
0,456,132
0,449,126
0,437,163
0,420,69
0,405,88
0,417,72
0,463,140
0,433,144
0,431,99
0,432,186
0,386,64
0,402,128
0,394,90
0,392,106
0,425,94
0,400,112
0,433,132
0,433,182
0,411,128
0,392,67
0,431,90
0,413,93
0,464,123
0,415,126
0,444,157
0,435,167
0,419,124
0,394,72
0,416,173
0,440,140
0,422,87
0,394,104
0,415,131
0,449,125
0,428,107
0,427,62
0,460,118
0,440,151
0,441,120
0,441,102
0,437,535
0,446,519
0,434,519
0,493,553
0,483,537
0,427,488
0,457,511
0,523,567
0,429,489
0,432,513
0,516,566
0,501,554
0,512,561
0,496,552
0,426,519
0,437,821
0,408,834
0,437,838
0,475,843
0,426,835
0,437,850
0,427,832
0,445,893
0,463,893
0,440,828
0,414,842
0,474,849
0,452,881
0,470,846
0,439,894
0,452,859
0,441,852
0,431,844
0,455,867
0,469,837
0,478,860
0,474,842
0,410,1055
0,420,1079
0,447,1078
0,406,1052
0,436,1059
0,418,1055
0,447,1087
0,436,1093
0,417,1067
0,448,1074
0,427,1061
0,442,1080
0,439,1095
0,413,1090
0,405,1067
0,417,1070
0,410,1178
0,441,1170
0,449,1171
0,427,1172
0,432,1190
0,422,1182
0,433,1171
0,401,1173
0,433,1174
0,428,1149
0,463,997
0,494,1066
0,467,1026
0,494,1083
0,484,1042
0,423,1009
0,461,999
0,498,1076
0,457,1000
0,504,1078
0,479,1029
0,443,1040
0,461,1021
0,490,1051
0,453,1054
0,451,1061
0,499,1082
0,451,1063
0,454,1046
0,450,1051
0,442,1036
0,476,1053
0,424,1027
0,472,1077
0,471,1032
0,487,1061
0,494,1054
0,486,1035
0,420,1123
0,445,1129
0,434,1127
0,457,1132
0,441,1127
0,459,1123
0,433,1139
0,461,689
0,455,718
0,451,694
0,474,690
0,457,699
0,482,699
0,434,704
0,453,693
0,490,706
0,456,727
0,482,754
0,437,693
0,453,703
0,461,742
0,466,693
0,454,730
0,451,718
0,483,750
0,476,662
0,479,795
0,464,805
0,508,780
0,470,822
0,477,796
0,446,771
0,448,813
0,466,823
0,490,816
0,506,780
0,470,791
0,470,826
0,450,813
0,481,811
0,471,827
0,483,780
0,483,778
0,481,772
0,439,780
0,479,774
0,490,1093
0,496,1091
0,486,1089
0,454,1108
0,483,1102
0,449,1101
0,469,1122
0,494,1112
0,481,1089
0,496,1111
0,510,1131
0,485,1113
0,483,1083
0,458,1107
0,514,1157
0,460,1185
0,493,1200
0,483,1187
0,493,1209
0,502,1156
0,461,1164
0,477,1166
0,503,1176
0,461,1148
0,508,1142
0,468,1145
0,513,1152
0,516,1160
0,460,1151
0,463,1158
0,514,1167
0,460,1183
0,461,1145
0,464,1183
0,493,1175
0,492,423
0,510,474
0,527,410
0,534,445
0,490,406
0,515,440
0,515,412
0,517,425
0,536,447
0,477,419
0,490,442
0,533,421
0,529,441
0,475,457
0,493,381
0,476,461
0,529,449
0,489,405
0,476,450
0,520,418
0,530,419
0,488,447
0,498,468
0,477,442
0,496,374
0,511,163
0,589,179
0,543,192
0,543,187
0,557,180
0,541,153
0,497,168
0,527,184
0,590,174
0,612,143
0,598,179
0,601,178
0,575,161
0,604,149
0,600,176
0,542,130
0,537,180
0,565,159
0,530,149
0,504,146
0,508,155
0,519,165
0,523,154
0,600,147
0,555,192
0,513,155
0,544,684
0,535,692
0,572,712
0,602,681
0,551,678
0,541,688
0,485,689
0,593,681
0,586,673
0,572,678
0,492,692
0,575,684
0,507,669
0,550,698
0,626,672
0,533,696
0,507,698
0,621,676
0,596,690
0,580,704
0,507,687
0,578,689
0,543,705
0,616,661
0,569,680
0,574,694
0,588,1133
0,593,1139
0,547,1170
0,544,1167
0,554,1216
0,583,1124
0,545,1168
0,541,1086
0,546,1109
0,554,1173
0,553,1172
0,537,1163
0,536,1157
0,557,1202
0,537,1065
0,589,1156
0,545,1125
0,544,1079
0,538,1183
0,556,1165
0,513,1135
0,553,1166
0,536,1142
0,546,1042
0,537,1169
0,541,1104
0,557,1163
0,561,1201
0,533,1139
0,526,1101
0,563,1162
0,512,1136
0,550,1213
0,537,1095
0,526,767
0,536,776
0,553,796
0,551,744
0,550,768
0,542,760
0,563,775
0,537,789
0,561,771
0,531,791
0,555,772
0,564,758
0,550,744
0,574,786
0,579,798
0,545,767
0,527,799
0,597,1001
0,593,974
0,645,959
0,545,986
0,646,951
0,642,955
0,606,976
0,650,973
0,606,989
0,596,995
0,580,1015
0,541,977
0,649,972
0,593,960
0,590,970
0,650,971
0,580,1003
0,569,999
0,588,972
0,581,967
0,581,1016
0,547,974
0,557,969
0,612,972
0,588,1005
0,555,987
0,637,586
0,622,594
0,585,623
0,617,584
0,579,611
0,576,626
0,596,623
0,610,565
0,629,603
0,589,571
0,589,611
0,578,629
0,645,555
0,597,608
0,604,604
0,584,583
0,558,636
0,584,623
0,645,604
0,650,563
0,650,568
0,701,571
0,626,575
0,666,570
0,573,626
0,676,574
0,595,539
0,654,601
0,653,608
0,645,587
0,623,552
0,614,576
0,576,582
0,663,578
0,658,593
0,603,538
0,653,564
0,615,618
0,609,582
0,607,580
0,615,610
0,569,1225
0,580,1214
0,587,1226
0,654,1199
0,624,1194
0,594,1196
0,637,1199
0,561,1233
0,601,1203
0,595,1224
0,612,1196
0,640,1196
0,615,1213
0,629,1210
0,560,739
0,563,741
0,566,735
0,600,745
0,638,772
0,605,746
0,592,748
0,602,746
0,634,761
0,561,744
0,632,758
0,665,777
0,606,795
0,610,751
0,656,768
0,627,769
0,604,774
0,599,783
0,605,764
0,615,778
0,603,769
0,611,1294
0,615,1293
0,626,1242
0,629,1289
0,595,1232
0,623,1228
0,618,1231
0,651,1357
0,607,1260
0,630,1239
0,642,1294
0,617,1249
0,590,1235
0,583,1233
0,614,1290
0,636,1327
0,584,1235
0,595,1237
0,614,1260
0,620,1245
0,635,1281
0,608,1236
0,606,1262
0,659,1012
0,616,1008
0,645,994
0,637,1024
0,653,1014
0,632,1029
0,635,1017
0,633,999
0,656,1011
0,626,1012
0,665,1032
0,643,1015
0,643,1036
0,625,1017
0,605,1004
0,635,1074
0,622,1068
0,635,1047
0,620,1074
0,619,1048
0,631,1063
0,642,1041
0,630,1041
0,654,1046
0,662,1047
0,651,1041
0,646,1070
0,619,1078
0,719,266
0,742,367
0,679,324
0,749,327
0,713,226
0,835,366
0,815,363
0,833,341
0,638,318
0,715,336
0,757,336
0,719,334
0,829,333
0,728,337
0,821,357
0,730,292
0,696,203
0,738,351
0,781,353
0,829,365
0,744,311
0,826,362
0,771,344
0,707,327
0,785,349
0,725,250
0,820,359
0,790,348
0,796,337
0,742,375
0,712,280
0,745,355
0,789,345
0,697,311
0,743,380
0,718,303
0,810,375
0,741,286
0,745,324
0,825,334
0,775,333
0,735,294
0,705,314
0,789,360
0,687,321
0,703,327
0,749,325
0,748,337
0,840,357
0,715,297
0,729,357
0,646,1191
0,680,1196
0,678,1191
0,659,1190
0,669,1181
0,655,1193
0,627,1181
0,649,1189
0,672,1168
0,724,513
0,698,416
0,719,477
0,751,556
0,705,497
0,751,524
0,742,572
0,716,520
0,694,466
0,707,501
0,727,531
0,705,503
0,667,431
0,661,410
0,703,495
0,718,426
0,663,420
0,721,498
0,744,577
0,665,467
0,745,556
0,712,512
0,698,405
0,723,531
0,694,441
0,668,454
0,684,430
0,742,481
0,674,462
0,738,484
0,674,480
0,703,488
0,667,450
0,750,568
0,745,566
0,740,486
0,740,541
0,703,519
0,687,492
0,675,469
0,639,438
0,760,563
0,680,448
0,736,501
0,690,494
0,697,506
0,718,497
0,672,452
0,686,457
0,707,405
0,700,441
0,681,459
0,665,420
0,705,509
0,647,452
0,694,486
0,658,451
0,755,535
0,724,504
0,673,697
0,654,697
0,670,697
0,691,643
0,724,658
0,671,695
0,682,704
0,644,712
0,712,659
0,685,649
0,677,661
0,710,647
0,663,705
0,639,697
0,637,706
0,699,676
0,667,682
0,688,697
0,672,691
0,716,627
0,694,696
0,672,731
0,728,669
0,760,647
0,712,663
0,692,686
0,652,689
0,691,626
0,662,682
0,720,640
0,738,667
0,674,787
0,675,800
0,657,817
0,673,760
0,699,815
0,711,731
0,674,795
0,666,751
0,704,809
0,713,762
0,668,766
0,702,730
0,702,796
0,724,746
0,691,810
0,708,733
0,696,754
0,698,809
0,695,751
0,699,780
0,685,809
0,705,802
0,684,1352
0,678,1359
0,673,1333
0,683,1354
0,681,1316
0,686,1314
0,685,1333
0,696,1326
0,684,1300
0,681,1320
0,735,1292
0,712,1328
0,677,1350
0,689,1307
0,695,1313
0,732,1274
0,685,1353
0,676,1357
0,742,1350
0,709,1385
0,695,1359
0,695,1361
0,749,1357
0,727,1365
0,728,1354
0,704,1378
0,715,1364
0,757,1361
0,709,1388
0,675,1388
0,702,1373
0,758,1361
0,718,1192
0,735,1219
0,702,1260
0,718,1207
0,737,1206
0,715,1207
0,730,1142
0,720,1198
0,708,1215
0,752,1137
0,737,1165
0,724,1208
0,726,1158
0,733,1159
0,746,1200
0,728,1198
0,738,1181
0,716,1231
0,710,1232
0,724,1186
0,716,1242
0,732,1217
0,744,1055
0,737,1075
0,732,1033
0,733,1054
0,743,1067
0,732,1069
0,777,1054
0,770,1036
0,800,1054
0,782,1055
0,757,1071
0,762,1075
0,746,1058
0,773,1055
0,742,1029
0,735,1030
0,744,1033
0,778,1066
0,725,1009
0,769,1002
0,751,999
0,799,1028
0,779,1019
0,744,1003
0,762,1008
0,776,1005
0,771,1002
0,736,1013
0,744,1021
0,747,1014
0,801,1028
0,771,780
0,849,707
0,812,749
0,816,778
0,785,791
0,749,719
0,812,790
0,845,724
0,766,794
0,814,797
0,751,729
0,802,677
0,802,695
0,823,793
0,775,757
0,734,735
0,778,793
0,804,703
0,724,786
0,818,732
0,753,683
0,794,780
0,824,751
0,803,784
0,776,799
0,830,745
0,749,756
0,844,736
0,809,790
0,840,712
0,773,659
0,765,739
0,748,816
0,759,739
0,745,670
0,832,785
0,749,775
0,826,773
0,738,721
0,743,752
0,733,730
0,742,760
0,845,796
0,800,790
0,775,660
0,816,705
0,762,733
0,738,715
0,796,709
0,790,740
0,819,712
0,783,707
0,806,788
0,743,761
0,751,785
0,728,779
0,825,725
0,782,789
0,812,694
0,738,771
0,777,674
0,809,704
0,839,721
0,732,769
0,819,727
0,838,799
0,792,773
0,757,744
0,790,688
0,760,739
0,750,679
0,777,791
0,818,792
0,853,762
0,755,792
0,805,788
0,741,791
0,764,718
0,758,665
0,735,783
0,812,756
0,751,826
0,776,848
0,797,888
0,779,880
0,739,843
0,841,907
0,865,911
0,764,885
0,794,856
0,789,867
0,830,899
0,869,916
0,759,882
0,808,914
0,840,903
0,863,900
0,790,862
0,788,862
0,778,899
0,774,857
0,840,882
0,808,895
0,749,862
0,871,900
0,785,911
0,845,904
0,799,917
0,791,868
0,795,885
0,861,919
0,788,905
0,829,910
0,763,868
0,819,875
0,742,861
0,783,1106
0,790,1151
0,829,1100
0,777,1125
0,804,1141
0,813,1149
0,789,1121
0,753,1113
0,789,1100
0,782,1114
0,799,1135
0,806,1120
0,774,1147
0,802,1114
0,779,1096
0,772,1127
0,772,1155
0,785,1085
0,783,1140
0,770,1112
0,787,1160
0,779,1113
0,788,1149
0,773,1098
0,763,1101
0,767,1114
0,812,1144
0,780,1275
0,753,1301
0,749,1297
0,771,1349
0,779,1373
0,736,1309
0,776,1271
0,785,1295
0,744,1318
0,810,1276
0,766,1319
0,785,1270
0,741,1332
0,773,1300
0,776,1277
0,778,1272
0,792,1318
0,748,1317
0,765,1304
0,768,1277
0,739,1311
0,778,1319
0,750,1342
0,912,765
0,879,733
0,868,719
0,875,768
0,851,692
0,899,740
0,872,792
0,877,745
0,885,720
0,914,799
0,859,822
0,821,848
0,895,687
0,891,733
0,904,818
0,900,761
0,859,646
0,897,789
0,905,822
0,899,753
0,908,792
0,907,830
0,862,828
0,885,716
0,900,782
0,910,737
0,910,768
0,865,808
0,844,817
0,873,754
0,870,679
0,895,690
0,908,806
0,831,848
0,921,826
0,886,673
0,855,827
0,846,822
0,892,752
0,912,831
0,923,827
0,845,822
0,887,801
0,873,685
0,862,832
0,874,717
0,853,661
0,834,832
0,893,757
0,831,841
0,873,784
0,902,803
0,892,683
0,885,703
0,889,690
0,893,813
0,839,819
0,872,815
0,855,652
0,896,786
0,824,945
0,845,947
0,882,1056
0,822,976
0,832,1037
0,825,957
0,841,976
0,862,1044
0,859,1051
0,864,956
0,836,978
0,833,1043
0,842,1029
0,852,1044
0,806,973
0,826,983
0,881,1055
0,849,1011
0,809,982
0,811,1006
0,840,999
0,804,999
0,867,1038
0,815,1014
0,848,1008
0,858,959
0,816,960
0,848,978
0,841,1002
0,840,1023
0,829,954
0,871,1034
0,889,1216
0,895,1188
0,899,1170
0,858,1215
0,919,1199
0,886,1227
0,899,1216
0,898,1198
0,899,1189
0,878,1209
0,878,1203
0,890,1185
0,824,1264
0,874,1192
0,907,1195
0,851,1224
0,900,1203
0,926,1202
0,879,1217
0,900,1215
0,929,1196
0,844,1226
0,814,1268
0,895,1200
0,863,1209
0,918,210
0,878,224
0,883,255
0,944,174
0,848,244
0,880,197
0,945,177
0,865,222
0,845,251
0,880,162
0,836,210
0,917,203
0,894,233
0,921,200
0,856,236
0,880,171
0,864,206
0,891,219
0,829,225
0,880,241
0,847,239
0,892,233
0,934,170
0,851,179
0,878,191
0,919,181
0,899,249
0,886,151
0,875,206
0,890,244
0,888,232
0,873,193
0,865,243
0,948,175
0,962,169
0,826,205
0,888,257
0,869,166
0,893,199
0,843,201
0,829,207
0,913,168
0,884,263
0,845,168
0,902,242
0,952,177
0,899,179
0,896,239
0,908,177
0,858,205
0,899,238
0,912,207
0,853,225
0,867,1348
0,875,1350
0,867,1382
0,844,1359
0,873,1386
0,895,1328
0,849,1354
0,887,1389
0,868,1343
0,853,1361
0,879,1322
0,894,1322
0,877,1384
0,852,1365
0,851,1362
0,830,1363
0,840,1377
0,879,1336
0,930,1387
0,878,1338
0,901,1373
0,889,1335
0,898,1369
0,868,1153
0,934,1061
0,906,1048
0,908,1123
0,935,1107
0,861,1122
0,908,1077
0,908,1104
0,922,1067
0,864,1148
0,929,1061
0,919,1085
0,889,1084
0,842,1130
0,890,1143
0,886,1121
0,906,1098
0,866,1125
0,898,1108
0,920,1116
0,888,1123
0,875,1114
0,917,1029
0,899,1132
0,919,1084
0,903,1080
0,852,1116
0,905,1032
0,910,1087
0,926,1061
0,931,889
0,880,887
0,899,883
0,889,866
0,958,838
0,953,877
0,886,864
0,929,856
0,901,897
0,957,879
0,962,845
0,960,859
0,916,873
0,925,879
0,937,861
0,926,875
0,927,904
0,904,894
0,985,838
0,981,859
0,979,868
0,881,876
0,908,871
0,965,872
0,964,843
0,984,838
0,906,900
0,897,922
0,913,868
0,982,838
0,902,905
0,936,873
0,948,846
0,914,983
0,973,907
0,989,938
0,995,953
0,946,964
0,963,943
0,937,973
0,1006,949
0,952,927
0,897,1013
0,997,931
0,963,913
0,944,985
0,992,939
0,965,913
0,934,947
0,936,938
0,946,1001
0,983,954
0,1000,963
0,947,982
0,978,921
0,1004,947
0,986,934
0,968,937
0,964,906
0,941,988
0,922,972
0,994,954
0,935,978
0,976,944
0,942,946
0,973,961
0,952,964
0,923,952
0,956,992
0,905,991
0,978,1270
0,952,1244
0,1015,1205
0,950,1259
0,1015,1177
0,981,1256
0,1007,1188
0,976,1229
0,988,1233
0,968,1150
0,1004,1216
0,991,1210
0,1027,1178
0,968,1182
0,978,1299
0,1008,1190
0,975,1270
0,971,1161
0,1004,1165
0,951,1250
0,970,1248
0,974,1276
0,956,1243
0,947,1241
0,1038,1183
0,960,1221
0,985,1291
0,974,1285
0,969,1225
0,990,1189
0,982,1165
0,1012,1200
0,1039,1180
0,955,1272
0,970,1194
0,974,1262
0,953,1269
0,963,1215
0,1038,1191
0,1009,1181
0,970,1165
0,1020,1204
0,1031,1178
0,964,1142
0,992,1334
0,958,1273
0,941,762
0,1003,801
0,952,776
0,950,764
0,949,802
0,932,775
0,1002,785
0,938,799
0,949,774
0,933,765
0,1002,764
0,941,800
0,977,769
0,984,776
0,1005,775
0,1004,784
0,944,775
0,977,785
0,978,783
0,939,790
0,978,765
0,947,795
0,1001,777
0,951,418
0,999,437
0,959,433
0,1002,447
0,978,459
0,953,422
0,1035,437
0,1036,426
0,982,484
0,972,454
0,957,459
0,966,431
0,1013,440
0,978,472
0,983,469
0,1011,424
0,943,443
0,1013,414
0,1025,430
0,1001,405
0,945,453
0,943,462
0,968,427
0,939,461
0,1000,450
0,1007,423
0,952,446
0,941,460
0,1021,410
0,1037,429
0,974,442
0,1002,456
0,971,441
0,999,486
0,975,505
0,934,514
0,964,537
0,991,568
0,973,496
0,1014,578
0,1038,502
0,975,520
0,989,507
0,1002,537
0,979,537
0,1013,474
0,1015,579
0,983,485
0,991,573
0,991,502
0,982,489
0,955,529
0,992,576
0,988,482
0,979,510
0,992,502
0,977,526
0,969,531
0,932,523
0,1007,492
0,1023,577
0,999,597
0,1007,587
0,1012,505
0,967,555
0,935,524
0,1001,525
0,997,522
0,971,538
0,1009,533
0,996,526
0,988,533
0,1006,507
0,1023,559
0,974,533
0,963,526
0,1034,498
0,994,502
0,1025,586
0,1013,547
0,1009,528
0,999,1116
0,1035,1092
0,1021,1125
0,1032,1093
0,1033,1055
0,1020,1104
0,1026,1125
0,1026,1061
0,1029,1094
0,1014,1090
0,1008,1109
0,1037,1072
0,1027,1038
0,1015,1114
0,1035,1099
0,1013,1124
0,1037,740
0,1034,736
0,1024,750
0,1001,733
0,1013,731
0,1005,735
0,1027,775
0,1039,732
0,1025,749
0,1029,1254
0,1018,1272
0,1019,1303
0,1019,1275
0,1028,1227
0,1035,1223
0,1023,1276
0,1032,1290
0,1037,1253
0,1029,1297
0,1038,1239
1,12,191
1,73,99
1,16,176
1,62,103
1,61,40
1,56,137
1,48,147
1,61,80
1,57,56
1,40,168
1,21,19
1,76,65
1,96,44
1,44,23
1,32,154
1,73,98
1,88,69
1,51,59
1,56,168
1,110,78
1,26,147
1,55,57
1,62,42
1,100,74
1,89,62
1,34,132
1,72,42
1,14,168
1,12,175
1,42,104
1,77,25
1,31,177
1,69,27
1,71,47
1,22,16
1,87,67
1,56,158
1,103,58
1,58,44
1,69,60
1,86,84
1,84,76
1,91,58
1,64,86
1,44,45
1,27,188
1,116,85
1,75,75
1,79,77
1,76,96
1,79,76
1,77,85
1,78,86
1,79,85
1,75,81
1,83,77
1,75,70
1,75,87
1,67,97
1,54,120
1,38,117
1,43,131
1,35,118
1,39,111
1,55,125
1,41,104
1,36,115
1,38,123
1,34,130
1,39,120
1,41,123
1,85,40
1,81,44
1,74,46
1,84,35
1,69,33
1,82,46
1,85,33
1,77,41
1,80,40
1,68,47
1,91,40
1,78,41
1,31,176
1,19,174
1,34,168
1,27,165
1,24,161
1,27,173
1,20,175
1,29,175
1,31,174
1,19,170
1,27,159
1,25,168
1,85,699
1,71,711
1,45,736
1,42,703
1,83,712
1,7,731
1,47,739
1,62,732
1,64,700
1,54,714
1,27,692
1,52,746
1,3,723
1,53,728
1,70,714
1,37,755
1,84,699
1,47,752
1,115,693
1,70,711
1,36,707
1,40,753
1,26,712
1,20,714
1,29,709
1,18,717
1,23,709
1,28,711
1,22,724
1,26,713
1,25,710
1,31,716
1,33,719
1,31,714
1,46,752
1,46,756
1,32,749
1,33,755
1,40,752
1,47,753
1,37,758
1,33,745
1,41,752
1,39,749
1,41,754
1,37,755
1,45,722
1,42,728
1,51,715
1,52,725
1,48,735
1,49,729
1,57,723
1,50,716
1,45,731
1,44,714
1,44,723
1,42,720
1,74,706
1,79,714
1,69,700
1,72,699
1,72,707
1,85,702
1,67,702
1,81,699
1,72,708
1,79,713
1,69,707
1,86,703
1,35,1237
1,13,1216
1,21,1208
1,3,1231
1,42,1224
1,28,1225
1,18,1223
1,30,1235
1,35,1207
1,24,1213
1,27,1226
1,27,1198
1,26,1219
1,21,1207
1,17,1211
1,35,1212
1,12,1222
1,23,1212
1,18,1213
1,13,1209
1,11,1210
1,12,1207
1,19,1216
1,18,1211
1,27,1215
1,26,1215
1,23,1207
1,32,1212
1,18,1209
1,23,1212
1,17,1210
1,29,1207
1,26,1206
1,9,1211
1,5,1212
1,4,1214
1,8,1225
1,13,1201
1,16,1216
1,12,1205
1,21,1208
1,19,1205
1,3,1210
1,5,1217
1,16,1218
1,18,1221
1,6,1218
1,12,1223
1,30,1220
1,28,1223
1,24,1228
1,20,1226
1,30,1229
1,20,1218
1,15,1229
1,21,1212
1,6,1215
1,19,1293
1,3,1293
1,3,1290
1,13,1292
1,9,1291
1,5,1287
1,16,1293
1,1,1296
1,4,1293
1,6,1291
1,5,1289
1,6,1290
1,9,1292
1,1,1314
1,14,1308
1,13,1313
1,3,1313
1,16,1312
1,6,1305
1,14,1299
1,1,1311
1,7,1314
1,11,1303
1,9,1306
1,10,1316
1,12,1307
1,11,1314
1,14,1310
1,6,1315
1,13,1308
1,12,1315
1,3,1318
1,11,1305
1,8,1312
1,7,1312
1,12,1313
1,6,1310
1,9,1313
1,11,1314
1,2,1311
1,12,1307
1,16,1301
1,5,1312
1,14,1315
1,3,1308
1,4,1311
1,1,1307
1,0,1307
1,8,1307
1,11,1363
1,14,1344
1,0,1357
1,4,1349
1,0,1363
1,5,1333
1,12,1332
1,1,1369
1,9,1373
1,1,1366
1,5,1367
1,11,1371
1,2,1377
1,3,1376
1,6,1370
1,13,1372
1,5,1375
1,3,1375
1,9,1366
1,15,1340
1,6,1353
1,5,1339
1,8,1356
1,7,1351
1,9,1349
1,9,1351
1,4,1352
1,6,1349
1,10,1354
1,5,1349
1,4,1347
1,6,1365
1,2,1370
1,7,1372
1,8,1372
1,5,1364
1,8,1371
1,7,1374
1,10,1365
1,1,1372
1,6,1374
1,7,1365
1,7,1380
1,5,1375
1,15,1381
1,17,1371
1,5,1374
1,14,1378
1,19,1368
1,11,1374
1,11,1384
1,7,1383
1,15,1374
1,15,1379
1,16,1371
1,13,70
1,7,70
1,5,68
1,9,68
1,10,60
1,17,73
1,3,70
1,17,60
1,20,66
1,15,62
1,15,72
1,18,62
1,11,62
1,5,60
1,17,56
1,11,65
1,15,61
1,28,63
1,24,54
1,20,55
1,20,68
1,21,63
1,19,62
1,27,64
1,21,68
1,20,71
1,22,69
1,14,59
1,19,66
1,11,80
1,20,68
1,21,63
1,20,66
1,18,65
1,18,73
1,24,63
1,17,63
1,16,74
1,6,62
1,13,72
1,3,82
1,11,68
1,5,73
1,5,62
1,3,75
1,10,66
1,6,80
1,6,68
1,8,62
1,4,82
1,5,72
1,8,72
1,86,158
1,90,176
1,101,229
1,30,251
1,65,235
1,26,235
1,178,174
1,168,204
1,105,206
1,48,245
1,74,155
1,131,240
1,171,217
1,74,206
1,128,222
1,70,144
1,121,240
1,154,213
1,129,218
1,52,221
1,33,252
1,18,313
1,102,219
1,117,214
1,28,249
1,38,239
1,79,225
1,68,213
1,101,143
1,71,234
1,53,221
1,94,131
1,17,319
1,153,211
1,140,206
1,87,223
1,85,152
1,31,242
1,97,147
1,150,200
1,174,213
1,99,175
1,99,214
1,156,214
1,121,213
1,129,224
1,97,175
1,146,207
1,126,190
1,87,168
1,75,155
1,80,163
1,85,222
1,75,206
1,13,235
1,76,226
1,45,247
1,19,295
1,23,247
1,32,257
1,24,240
1,22,250
1,22,246
1,32,240
1,29,246
1,29,260
1,28,248
1,20,244
1,23,252
1,31,262
1,144,249
1,133,243
1,127,239
1,129,242
1,133,240
1,129,238
1,134,247
1,138,246
1,137,236
1,137,247
1,131,246
1,137,237
1,183,240
1,180,246
1,178,238
1,180,245
1,180,235
1,180,236
1,173,252
1,173,248
1,181,237
1,183,241
1,180,239
1,173,242
1,126,216
1,132,226
1,132,219
1,136,220
1,142,222
1,121,225
1,141,227
1,148,222
1,140,216
1,129,219
1,145,223
1,132,220
1,52,1389
1,56,1384
1,69,1373
1,66,1376
1,70,1386
1,42,1352
1,37,1360
1,47,1374
1,29,1377
1,34,1357
1,42,1389
1,36,1390
1,39,1390
1,33,1391
1,34,1383
1,38,1390
1,25,1390
1,37,1390
1,33,1385
1,29,1386
1,37,1385
1,44,1387
1,30,1387
1,27,1388
1,33,1379
1,21,1387
1,29,1384
1,32,1378
1,35,1388
1,30,1379
1,21,1391
1,34,1383
1,31,1384
1,25,1379
1,38,1378
1,41,1370
1,30,1384
1,37,1380
1,29,1391
1,48,1379
1,33,1379
1,37,1388
1,32,1383
1,42,1371
1,30,1382
1,38,1386
1,29,1384
1,33,1385
1,23,1387
1,27,1391
1,35,1386
1,36,1391
1,41,1391
1,35,1391
1,37,1388
1,29,1388
1,37,1391
1,30,1384
1,68,1283
1,64,1313
1,58,1294
1,78,1292
1,42,1284
1,54,1276
1,71,1302
1,35,1323
1,68,1307
1,43,1324
1,92,1287
1,57,1278
1,31,1302
1,84,1287
1,100,1289
1,66,1292
1,51,1276
1,71,1286
1,36,1304
1,96,1300
1,107,1291
1,96,1290
1,112,1288
1,100,1282
1,105,1295
1,99,1297
1,97,1291
1,102,1293
1,96,1281
1,103,1283
1,99,1288
1,89,1288
1,86,1298
1,93,1292
1,82,1284
1,91,1288
1,83,1294
1,96,1292
1,95,1287
1,81,1282
1,91,1283
1,86,1283
1,92,1293
1,51,1263
1,52,1266
1,53,1274
1,59,1273
1,56,1278
1,54,1262
1,49,1276
1,55,1272
1,50,1265
1,50,1273
1,52,1269
1,48,1275
1,33,1317
1,29,1306
1,33,1303
1,37,1304
1,29,1313
1,24,1308
1,24,1317
1,30,1303
1,22,1311
1,22,1301
1,28,1301
1,25,1297
1,71,255
1,55,277
1,63,294
1,71,243
1,56,278
1,62,287
1,68,304
1,72,252
1,53,307
1,70,298
1,51,279
1,40,313
1,45,287
1,94,282
1,56,279
1,50,322
1,79,287
1,71,244
1,43,268
1,52,304
1,41,315
1,54,303
1,42,314
1,44,304
1,45,312
1,49,312
1,38,308
1,47,304
1,40,306
1,42,312
1,40,308
1,82,287
1,86,277
1,74,283
1,78,274
1,76,273
1,79,285
1,69,277
1,77,280
1,72,288
1,68,285
1,74,286
1,72,284
1,59,309
1,41,308
1,40,311
1,40,302
1,42,306
1,40,307
1,51,306
1,50,320
1,48,302
1,40,308
1,50,308
1,45,308
1,85,279
1,79,286
1,87,281
1,88,285
1,92,279
1,82,274
1,85,276
1,91,292
1,92,286
1,79,276
1,86,279
1,89,284
1,77,1347
1,80,1315
1,67,1329
1,87,1336
1,66,1341
1,57,1350
1,69,1345
1,87,1336
1,50,1329
1,72,1338
1,78,1358
1,79,1358
1,76,1359
1,77,1366
1,73,1361
1,83,1355
1,76,1350
1,76,1360
1,83,1358
1,77,1355
1,85,1350
1,74,1361
1,91,1325
1,82,1325
1,88,1331
1,87,1321
1,78,1321
1,86,1332
1,88,1335
1,94,1329
1,91,1330
1,86,1329
1,87,1324
1,82,1328
1,57,1344
1,62,1336
1,56,1337
1,46,1348
1,58,1343
1,60,1337
1,66,1337
1,62,1340
1,57,1345
1,50,1341
1,53,1339
1,48,1352
1,97,1316
1,88,1311
1,93,1310
1,93,1312
1,83,1319
1,91,1313
1,97,1322
1,98,1316
1,90,1312
1,95,1311
1,97,1321
1,97,1315
1,114,2
1,142,12
1,71,9
1,139,0
1,119,13
1,99,21
1,137,7
1,89,14
1,124,38
1,112,4
1,158,38
1,85,12
1,121,27
1,149,43
1,62,2
1,79,6
1,72,4
1,66,6
1,69,6
1,70,0
1,78,6
1,72,2
1,67,7
1,68,10
1,73,1
1,73,4
1,113,36
1,110,29
1,121,36
1,117,26
1,120,31
1,112,28
1,115,24
1,114,28
1,108,22
1,132,23
1,127,24
1,122,31
1,122,37
1,116,37
1,119,30
1,122,34
1,127,38
1,126,34
1,132,35
1,122,38
1,117,35
1,123,27
1,129,38
1,138,39
1,64,4
1,72,5
1,66,12
1,60,7
1,66,7
1,51,3
1,57,2
1,69,0
1,62,1
1,59,5
1,57,7
1,61,4
1,111,1207
1,100,1163
1,87,1214
1,103,1231
1,123,1189
1,103,1155
1,117,1173
1,103,1201
1,93,1206
1,94,1204
1,109,1180
1,92,1201
1,129,1188
1,124,1213
1,128,1204
1,92,1206
1,109,1207
1,108,1184
1,115,1181
1,97,1172
1,105,1185
1,107,1188
1,99,1181
1,99,1186
1,109,1189
1,112,1186
1,93,1190
1,100,1166
1,104,1178
1,100,1186
1,89,1184
1,96,1171
1,96,1186
1,95,1179
1,96,1189
1,99,1177
1,96,1187
1,98,1180
1,99,1189
1,96,1183
1,95,1185
1,59,1220
1,64,1219
1,69,1215
1,71,1218
1,65,1217
1,64,1218
1,60,1219
1,70,1219
1,64,1220
1,68,1219
1,59,1221
1,66,1220
1,105,1162
1,108,1172
1,107,1159
1,101,1159
1,107,1153
1,104,1167
1,109,1151
1,109,1157
1,111,1156
1,107,1151
1,100,1165
1,117,1159
1,91,302
1,159,349
1,156,388
1,118,334
1,90,303
1,98,340
1,132,368
1,161,398
1,156,343
1,157,335
1,115,351
1,106,355
1,111,327
1,152,388
1,147,336
1,82,328
1,123,333
1,165,346
1,102,358
1,129,345
1,97,310
1,152,393
1,146,382
1,161,347
1,162,355
1,134,348
1,135,361
1,133,359
1,121,354
1,131,365
1,128,358
1,131,352
1,139,352
1,124,364
1,131,368
1,129,354
1,132,367
1,110,358
1,110,355
1,107,357
1,115,356
1,118,358
1,121,353
1,111,357
1,106,353
1,112,360
1,105,357
1,119,354
1,113,354
1,121,352
1,136,345
1,120,351
1,108,346
1,129,344
1,118,354
1,115,340
1,129,357
1,122,346
1,131,349
1,130,357
1,116,341
1,124,339
1,119,346
1,123,352
1,120,347
1,127,343
1,120,335
1,125,344
1,132,341
1,118,344
1,116,347
1,119,343
1,120,340
1,77,406
1,101,401
1,97,398
1,76,395
1,86,369
1,133,454
1,96,394
1,78,378
1,98,404
1,116,439
1,86,405
1,107,426
1,110,387
1,79,395
1,113,438
1,73,400
1,84,425
1,80,352
1,84,350
1,74,354
1,72,351
1,69,358
1,75,360
1,77,358
1,77,353
1,73,365
1,85,369
1,89,362
1,77,362
1,89,360
1,86,367
1,78,360
1,89,358
1,97,366
1,88,357
1,93,361
1,92,361
1,84,355
1,85,359
1,89,352
1,72,352
1,75,384
1,83,391
1,76,373
1,74,375
1,79,382
1,71,386
1,76,380
1,70,379
1,73,388
1,75,386
1,68,378
1,76,394
1,88,419
1,93,413
1,93,406
1,98,411
1,87,420
1,94,408
1,97,412
1,93,420
1,85,418
1,80,414
1,84,410
1,88,424
1,95,1370
1,90,1376
1,80,1381
1,113,1388
1,110,1389
1,109,1388
1,107,1384
1,109,1386
1,110,1387
1,99,1386
1,104,1389
1,110,1385
1,97,1384
1,108,1382
1,107,1385
1,89,1383
1,87,1382
1,81,1389
1,94,1370
1,85,1370
1,92,1379
1,94,1374
1,87,1376
1,85,1387
1,86,1368
1,84,1380
1,84,1384
1,80,1372
1,81,1369
1,77,1382
1,80,1371
1,84,1383
1,77,1376
1,78,1383
1,78,1384
1,84,1377
1,79,1375
1,77,1374
1,80,1388
1,101,1376
1,78,1388
1,87,1383
1,86,1389
1,88,1379
1,89,1388
1,97,1382
1,94,1387
1,100,1384
1,87,1378
1,88,1387
1,91,1383
1,141,1084
1,124,1142
1,144,1124
1,148,1078
1,176,1071
1,125,1129
1,175,1099
1,147,1130
1,171,1086
1,167,1187
1,152,1159
1,178,1084
1,180,1079
1,122,1124
1,147,1083
1,164,1163
1,172,1087
1,92,1119
1,197,1074
1,193,1145
1,201,1120
1,208,1111
1,153,1188
1,198,1140
1,178,1161
1,178,1089
1,153,1137
1,158,1177
1,160,1183
1,112,1118
1,167,1183
1,127,1145
1,129,1144
1,173,1115
1,124,1155
1,190,1160
1,128,1099
1,172,1146
1,139,1078
1,186,1086
1,115,1119
1,136,1144
1,158,1197
1,167,1159
1,190,1132
1,172,1117
1,162,1112
1,163,1187
1,182,1075
1,182,1138
1,184,1136
1,195,1155
1,183,1148
1,194,1137
1,182,1146
1,197,1141
1,191,1143
1,199,1148
1,190,1149
1,198,1149
1,191,1139
1,119,1137
1,112,1137
1,110,1134
1,120,1134
1,125,1131
1,114,1134
1,124,1136
1,125,1149
1,113,1127
1,123,1131
1,118,1134
1,116,1124
1,194,1148
1,199,1135
1,201,1132
1,191,1134
1,203,1131
1,197,1130
1,190,1129
1,193,1126
1,206,1126
1,197,1136
1,195,1150
1,194,1138
1,191,1099
1,185,1110
1,202,1111
1,186,1104
1,183,1101
1,192,1110
1,185,1111
1,192,1109
1,188,1114
1,188,1099
1,187,1106
1,189,1100
1,117,1293
1,184,1285
1,142,1304
1,114,1294
1,162,1306
1,110,1310
1,144,1290
1,145,1289
1,131,1282
1,149,1279
1,97,1305
1,152,1299
1,146,1298
1,151,1303
1,160,1297
1,147,1296
1,150,1302
1,150,1295
1,152,1294
1,152,1292
1,156,1301
1,148,1301
1,149,1299
1,156,1304
1,156,1296
1,152,1272
1,152,1281
1,153,1279
1,155,1275
1,159,1285
1,153,1275
1,157,1282
1,155,1282
1,156,1277
1,153,1291
1,147,1280
1,149,1280
1,139,1277
1,138,1274
1,136,1276
1,141,1280
1,134,1293
1,131,1282
1,142,1282
1,143,1284
1,132,1281
1,135,1292
1,135,1279
1,138,1287
1,128,1310
1,124,1307
1,131,1309
1,135,1301
1,127,1308
1,131,1306
1,145,1304
1,148,1303
1,142,1304
1,139,1301
1,130,1303
1,126,1305
1,140,1021
1,124,1040
1,128,1046
1,139,1049
1,123,1024
1,135,1029
1,107,1049
1,142,1034
1,143,1050
1,138,1030
1,128,1023
1,156,1008
1,161,998
1,134,1020
1,128,1037
1,148,1034
1,117,1032
1,99,1058
1,118,1051
1,124,1050
1,121,1046
1,116,1044
1,124,1048
1,119,1047
1,115,1050
1,118,1050
1,132,1053
1,126,1049
1,117,1052
1,111,1038
1,158,1044
1,172,1051
1,165,1059
1,161,1051
1,168,1049
1,168,1058
1,168,1050
1,167,1049
1,161,1053
1,170,1044
1,169,1056
1,156,1053
1,134,1029
1,130,1029
1,134,1027
1,137,1026
1,124,1020
1,137,1031
1,127,1023
1,136,1037
1,134,1033
1,139,1030
1,124,1024
1,137,1040
1,142,1045
1,145,1038
1,138,1040
1,141,1040
1,143,1047
1,142,1037
1,144,1043
1,148,1036
1,145,1033
1,142,1047
1,139,1042
1,147,1031
1,142,604
1,112,587
1,150,590
1,187,607
1,137,591
1,135,617
1,140,578
1,140,607
1,163,604
1,138,564
1,160,592
1,140,595
1,166,615
1,164,620
1,142,581
1,126,597
1,111,583
1,132,595
1,103,600
1,126,590
1,115,600
1,117,585
1,118,600
1,119,603
1,118,597
1,111,592
1,118,591
1,122,593
1,127,591
1,127,597
1,167,623
1,159,629
1,170,618
1,170,622
1,154,617
1,168,614
1,170,620
1,166,625
1,171,624
1,158,619
1,169,622
1,168,624
1,144,557
1,144,554
1,152,554
1,145,553
1,155,557
1,148,549
1,154,562
1,153,554
1,146,561
1,143,551
1,144,553
1,150,555
1,146,641
1,150,623
1,148,639
1,149,630
1,151,635
1,154,632
1,147,641
1,147,634
1,142,631
1,146,632
1,147,639
1,149,638
1,131,310
1,156,281
1,145,313
1,109,323
1,155,270
1,120,288
1,134,301
1,141,269
1,129,298
1,138,301
1,108,314
1,152,265
1,146,261
1,150,256
1,146,259
1,158,252
1,149,255
1,153,246
1,158,250
1,158,256
1,154,252
1,155,254
1,159,256
1,155,259
1,145,261
1,117,327
1,108,313
1,110,322
1,107,319
1,114,318
1,110,313
1,109,325
1,107,318
1,112,317
1,116,324
1,114,312
1,104,318
1,136,308
1,129,297
1,115,298
1,121,290
1,127,306
1,125,303
1,134,299
1,130,297
1,138,299
1,126,301
1,136,301
1,126,303
1,108,315
1,124,315
1,131,304
1,118,306
1,126,319
1,110,313
1,121,307
1,111,310
1,115,305
1,108,312
1,125,309
1,119,313
1,146,441
1,129,442
1,153,428
1,123,389
1,125,424
1,164,446
1,159,456
1,114,383
1,130,394
1,120,419
1,143,438
1,117,418
1,153,428
1,152,411
1,149,413
1,155,425
1,149,425
1,152,419
1,145,425
1,149,410
1,145,420
1,147,419
1,151,421
1,154,422
1,160,461
1,160,459
1,165,453
1,160,460
1,165,462
1,159,460
1,165,458
1,157,456
1,153,457
1,162,459
1,159,461
1,159,462
1,124,388
1,122,387
1,126,390
1,120,396
1,117,383
1,123,387
1,121,392
1,130,387
1,125,395
1,122,393
1,132,389
1,134,400
1,127,428
1,125,434
1,135,421
1,127,429
1,119,426
1,121,427
1,122,428
1,128,423
1,121,426
1,123,419
1,119,417
1,126,425
1,182,487
1,139,476
1,165,476
1,160,477
1,121,490
1,137,482
1,157,472
1,227,516
1,151,479
1,138,482
1,181,499
1,220,488
1,147,463
1,209,481
1,129,475
1,178,479
1,206,493
1,207,498
1,206,482
1,218,488
1,209,489
1,215,496
1,208,491
1,210,492
1,201,486
1,205,484
1,206,485
1,215,499
1,210,497
1,219,491
1,128,478
1,126,486
1,143,475
1,131,487
1,124,488
1,132,479
1,137,483
1,138,493
1,129,484
1,124,481
1,145,478
1,130,477
1,185,489
1,191,480
1,175,492
1,179,479
1,177,500
1,191,486
1,177,498
1,182,490
1,172,484
1,177,495
1,191,489
1,195,489
1,214,495
1,232,494
1,213,499
1,224,499
1,222,500
1,223,494
1,219,501
1,222,495
1,228,492
1,214,505
1,210,499
1,230,497
1,116,1379
1,133,1389
1,137,1389
1,135,1385
1,132,1387
1,136,1385
1,136,1388
1,131,1382
1,132,1385
1,136,1389
1,135,1387
1,126,1380
1,134,1387
1,123,1386
1,124,1387
1,113,1385
1,126,1385
1,129,1388
1,121,1377
1,121,1381
1,116,1388
1,123,1376
1,125,1384
1,118,1385
1,118,1390
1,136,1386
1,134,1386
1,131,1390
1,135,1389
1,126,1386
1,134,1389
1,131,1387
1,128,1381
1,132,1388
1,137,1387
1,136,1388
1,124,1384
1,132,1389
1,127,1384
1,133,1387
1,130,1386
1,136,1389
1,135,1389
1,134,1387
1,130,1387
1,132,1383
1,131,1383
1,140,1390
1,129,1388
1,203,186
1,244,139
1,202,126
1,178,110
1,155,124
1,186,143
1,202,184
1,227,137
1,245,136
1,213,145
1,182,150
1,197,157
1,209,134
1,162,121
1,138,110
1,216,131
1,225,132
1,178,120
1,216,120
1,190,130
1,231,138
1,209,135
1,188,158
1,142,120
1,151,107
1,149,103
1,157,103
1,147,112
1,151,101
1,143,115
1,149,107
1,149,108
1,146,110
1,156,103
1,151,110
1,229,140
1,229,139
1,231,140
1,239,141
1,227,146
1,239,138
1,225,131
1,219,152
1,223,138
1,228,135
1,228,136
1,225,139
1,142,106
1,147,109
1,151,114
1,139,106
1,147,100
1,149,109
1,149,98
1,146,117
1,143,92
1,143,101
1,154,116
1,154,101
1,200,119
1,201,128
1,202,121
1,201,125
1,203,118
1,198,125
1,204,123
1,208,129
1,206,119
1,209,124
1,199,125
1,203,127
1,173,1266
1,195,1238
1,192,1230
1,175,1226
1,180,1240
1,162,1251
1,187,1224
1,188,1248
1,170,1252
1,175,1240
1,173,1243
1,180,1277
1,185,1271
1,181,1277
1,188,1281
1,187,1279
1,188,1278
1,186,1277
1,191,1275
1,190,1281
1,185,1268
1,185,1272
1,183,1277
1,187,1252
1,188,1265
1,192,1255
1,197,1259
1,202,1254
1,190,1245
1,188,1245
1,189,1255
1,195,1258
1,201,1250
1,194,1251
1,191,1254
1,175,1255
1,186,1256
1,174,1253
1,172,1255
1,175,1238
1,166,1257
1,165,1253
1,169,1247
1,169,1255
1,174,1254
1,164,1254
1,174,1261
1,203,1253
1,207,1256
1,202,1256
1,200,1254
1,202,1262
1,199,1264
1,204,1250
1,206,1260
1,201,1251
1,200,1257
1,205,1261
1,205,1259
1,193,809
1,186,814
1,163,821
1,170,727
1,189,788
1,156,697
1,156,695
1,141,691
1,170,810
1,194,718
1,204,752
1,207,817
1,192,731
1,180,789
1,193,804
1,180,792
1,199,820
1,155,722
1,212,808
1,192,730
1,195,797
1,168,798
1,183,714
1,189,710
1,154,693
1,189,782
1,185,817
1,218,789
1,203,764
1,176,761
1,202,761
1,210,773
1,198,764
1,211,767
1,204,762
1,215,753
1,209,768
1,199,762
1,212,763
1,205,761
1,205,763
1,211,777
1,174,793
1,172,803
1,166,809
1,170,790
1,171,802
1,167,805
1,172,812
1,174,792
1,167,788
1,167,803
1,176,801
1,176,805
1,143,691
1,137,689
1,145,699
1,150,697
1,154,698
1,149,690
1,148,691
1,142,692
1,139,691
1,148,690
1,142,682
1,139,685
1,191,812
1,182,797
1,182,796
1,178,801
1,179,803
1,173,804
1,185,795
1,185,805
1,174,796
1,177,808
1,175,798
1,177,800
1,172,299
1,220,317
1,174,282
1,193,288
1,171,310
1,218,286
1,177,310
1,227,283
1,172,332
1,171,315
1,222,312
1,226,291
1,190,334
1,177,275
1,210,304
1,203,293
1,197,291
1,188,286
1,203,310
1,212,302
1,188,291
1,170,285
1,189,328
1,195,328
1,195,332
1,201,330
1,194,321
1,198,333
1,189,322
1,196,335
1,189,329
1,204,329
1,198,331
1,199,332
1,164,324
1,156,326
1,173,324
1,159,313
1,161,327
1,157,317
1,156,318
1,155,317
1,162,328
1,154,321
1,153,324
1,161,324
1,176,277
1,177,297
1,178,287
1,176,298
1,182,297
1,170,299
1,167,294
1,181,290
1,176,291
1,174,295
1,170,292
1,168,295
1,176,308
1,169,308
1,176,304
1,175,300
1,165,302
1,171,297
1,159,314
1,161,310
1,176,322
1,160,316
1,174,306
1,167,308
1,177,15
1,182,20
1,192,3
1,175,0
1,174,19
1,188,10
1,193,21
1,186,20
1,191,18
1,187,11
1,185,15
1,187,20
1,195,11
1,182,19
1,178,20
1,170,10
1,163,2
1,161,4
1,168,3
1,167,0
1,158,1
1,163,4
1,162,12
1,157,11
1,162,9
1,162,11
1,166,1
1,166,8
1,156,11
1,162,14
1,165,7
1,161,1
1,162,4
1,162,16
1,161,6
1,158,5
1,163,16
1,157,15
1,159,9
1,160,6
1,196,13
1,190,12
1,192,10
1,189,15
1,191,16
1,194,19
1,191,20
1,185,18
1,196,11
1,194,16
1,194,9
1,188,17
1,169,982
1,166,985
1,194,963
1,214,982
1,187,973
1,169,959
1,205,964
1,191,968
1,181,946
1,178,992
1,206,990
1,182,967
1,179,957
1,177,995
1,172,1001
1,177,997
1,169,1000
1,172,991
1,169,999
1,175,995
1,176,989
1,181,992
1,177,993
1,177,996
1,171,997
1,182,975
1,192,961
1,200,968
1,184,966
1,190,971
1,193,977
1,182,960
1,187,968
1,189,968
1,189,970
1,191,967
1,190,959
1,166,965
1,171,962
1,173,957
1,169,957
1,166,971
1,166,956
1,165,954
1,167,951
1,170,964
1,162,959
1,166,960
1,165,962
1,173,982
1,162,979
1,166,986
1,167,969
1,162,973
1,167,975
1,172,974
1,166,977
1,163,977
1,164,985
1,170,974
1,165,980
1,187,1309
1,191,1312
1,181,1332
1,184,1309
1,169,1334
1,181,1342
1,190,1315
1,178,1343
1,173,1330
1,177,1334
1,181,1338
1,165,1341
1,173,1331
1,175,1342
1,173,1342
1,180,1323
1,180,1344
1,178,1333
1,170,1331
1,173,1339
1,179,1345
1,171,1342
1,170,1345
1,169,1341
1,183,1349
1,174,1339
1,169,1338
1,179,1334
1,176,1342
1,186,1341
1,184,1344
1,194,1308
1,199,1316
1,197,1316
1,193,1309
1,203,1333
1,197,1320
1,199,1318
1,195,1321
1,201,1321
1,198,1322
1,194,1315
1,199,1319
1,191,1326
1,181,1322
1,191,1317
1,185,1310
1,185,1323
1,184,1319
1,193,1326
1,179,1331
1,189,1313
1,185,1317
1,190,1331
1,189,1325
1,354,7
1,330,23
1,365,31
1,347,36
1,261,72
1,320,19
1,322,21
1,267,66
1,354,21
1,347,22
1,224,53
1,305,72
1,353,19
1,373,30
1,242,77
1,216,66
1,351,10
1,269,65
1,302,64
1,347,25
1,335,19
1,331,26
1,278,42
1,329,44
1,312,51
1,375,7
1,316,51
1,344,14
1,367,21
1,291,32
1,293,47
1,316,28
1,329,24
1,309,59
1,300,47
1,303,44
1,301,40
1,304,46
1,301,41
1,300,37
1,308,37
1,293,37
1,301,48
1,293,41
1,301,53
1,298,42
1,296,52
1,307,79
1,309,73
1,306,73
1,309,76
1,302,67
1,305,71
1,309,75
1,295,74
1,305,63
1,301,77
1,306,71
1,309,70
1,377,21
1,385,21
1,371,19
1,381,16
1,371,21
1,380,15
1,380,24
1,379,20
1,370,12
1,377,16
1,367,16
1,378,23
1,287,69
1,282,76
1,275,68
1,288,68
1,269,70
1,289,76
1,286,64
1,290,69
1,282,69
1,280,71
1,284,73
1,282,71
1,238,1173
1,228,1177
1,243,1200
1,214,1202
1,232,1175
1,230,1212
1,222,1232
1,238,1215
1,242,1204
1,229,1217
1,196,1215
1,217,1249
1,208,1182
1,218,1192
1,222,1239
1,237,1218
1,228,1211
1,231,1203
1,236,1221
1,229,1216
1,235,1205
1,231,1221
1,233,1212
1,228,1221
1,234,1210
1,240,1201
1,239,1208
1,223,1217
1,223,1216
1,236,1204
1,231,1191
1,221,1201
1,236,1184
1,228,1202
1,231,1201
1,217,1205
1,235,1193
1,223,1198
1,231,1203
1,233,1205
1,204,1184
1,201,1182
1,209,1176
1,207,1177
1,204,1177
1,204,1187
1,201,1179
1,206,1178
1,206,1182
1,199,1182
1,204,1181
1,201,1188
1,213,1220
1,223,1217
1,224,1208
1,232,1212
1,219,1228
1,222,1216
1,229,1223
1,216,1225
1,220,1219
1,221,1217
1,230,1219
1,222,1213
1,204,1320
1,232,1322
1,234,1344
1,229,1315
1,259,1388
1,224,1321
1,210,1339
1,241,1360
1,212,1325
1,210,1308
1,243,1316
1,207,1315
1,218,1310
1,221,1305
1,218,1302
1,217,1302
1,208,1302
1,219,1306
1,215,1300
1,214,1308
1,214,1302
1,217,1315
1,212,1299
1,212,1309
1,216,1309
1,240,1314
1,222,1314
1,229,1315
1,235,1317
1,244,1322
1,235,1314
1,244,1321
1,233,1310
1,226,1316
1,233,1317
1,237,1319
1,232,1315
1,214,1315
1,211,1319
1,214,1318
1,218,1322
1,211,1323
1,208,1310
1,211,1310
1,215,1320
1,207,1314
1,222,1318
1,205,1321
1,207,1320
1,238,1321
1,241,1319
1,231,1324
1,220,1323
1,231,1316
1,230,1329
1,241,1327
1,225,1313
1,218,1328
1,236,1317
1,231,1325
1,228,1324
1,233,1377
1,241,1388
1,217,1382
1,217,1368
1,226,1380
1,205,1360
1,231,1378
1,240,1384
1,224,1369
1,226,1372
1,225,1363
1,228,1374
1,233,1372
1,227,1359
1,232,1365
1,228,1362
1,233,1370
1,227,1364
1,223,1361
1,229,1376
1,214,1379
1,222,1373
1,210,1375
1,217,1373
1,215,1373
1,218,1391
1,225,1384
1,221,1384
1,222,1385
1,228,1369
1,209,1381
1,213,1373
1,198,1365
1,204,1355
1,220,1354
1,201,1369
1,214,1365
1,201,1367
1,201,1358
1,213,1371
1,211,1362
1,219,1360
1,204,1362
1,208,1369
1,209,1356
1,199,1353
1,213,1351
1,214,1360
1,217,1353
1,207,1352
1,213,1357
1,203,1349
1,212,1353
1,212,1350
1,201,1352
1,211,1350
1,230,257
1,242,232
1,236,274
1,279,253
1,210,242
1,225,241
1,251,254
1,220,264
1,238,274
1,241,235
1,227,220
1,233,212
1,296,279
1,228,227
1,285,273
1,250,250
1,226,222
1,239,224
1,224,215
1,213,235
1,256,207
1,274,279
1,226,249
1,226,214
1,235,218
1,262,272
1,240,231
1,213,240
1,234,252
1,226,234
1,214,238
1,208,248
1,220,252
1,226,245
1,225,244
1,213,254
1,224,237
1,217,240
1,217,236
1,272,218
1,264,214
1,272,219
1,252,218
1,263,217
1,258,220
1,273,217
1,265,212
1,266,218
1,269,222
1,273,224
1,270,225
1,253,255
1,248,261
1,246,256
1,250,257
1,257,254
1,246,244
1,251,247
1,249,261
1,241,262
1,262,259
1,243,255
1,246,261
1,292,267
1,292,255
1,292,260
1,303,255
1,301,266
1,291,262
1,282,274
1,303,268
1,289,266
1,294,258
1,289,261
1,296,264
1,272,630
1,272,633
1,239,694
1,261,691
1,278,618
1,264,683
1,253,716
1,237,687
1,272,670
1,221,724
1,287,562
1,273,651
1,280,590
1,212,718
1,270,641
1,267,694
1,254,685
1,301,568
1,251,714
1,292,602
1,206,711
1,279,653
1,265,638
1,288,568
1,271,653
1,281,624
1,253,712
1,260,696
1,247,700
1,253,696
1,250,699
1,252,695
1,248,700
1,246,709
1,254,701
1,256,716
1,247,711
1,251,698
1,268,636
1,268,631
1,273,646
1,266,634
1,262,643
1,263,634
1,278,635
1,271,635
1,261,642
1,264,636
1,266,639
1,272,645
1,241,696
1,242,691
1,232,689
1,230,693
1,227,701
1,238,687
1,239,690
1,236,700
1,239,687
1,237,702
1,232,693
1,238,702
1,242,731
1,236,720
1,247,708
1,231,717
1,234,723
1,240,724
1,233,724
1,235,717
1,235,719
1,233,716
1,230,705
1,237,721
1,209,1268
1,222,1261
1,219,1259
1,240,1295
1,248,1277
1,221,1287
1,205,1272
1,235,1294
1,250,1303
1,233,1273
1,225,1259
1,220,1267
1,211,1262
1,219,1264
1,214,1273
1,226,1267
1,219,1267
1,232,1263
1,223,1266
1,220,1255
1,226,1268
1,221,1260
1,215,1262
1,221,1267
1,214,1263
1,210,1260
1,219,1260
1,212,1262
1,209,1259
1,224,1261
1,219,1259
1,219,1261
1,220,1255
1,238,1278
1,238,1286
1,245,1289
1,239,1295
1,247,1285
1,236,1283
1,236,1291
1,239,1285
1,231,1290
1,229,1292
1,237,1295
1,233,1284
1,223,1271
1,218,1273
1,212,1270
1,215,1270
1,221,1262
1,221,1263
1,218,1264
1,216,1265
1,225,1258
1,212,1269
1,213,1261
1,226,1271
1,258,924
1,291,918
1,244,884
1,299,950
1,262,961
1,274,888
1,273,889
1,273,882
1,232,881
1,267,917
1,259,959
1,277,965
1,254,952
1,253,910
1,247,916
1,295,937
1,253,921
1,235,874
1,257,922
1,256,931
1,258,915
1,289,924
1,255,881
1,242,875
1,259,961
1,272,963
1,267,967
1,263,957
1,271,971
1,269,972
1,272,962
1,269,969
1,266,963
1,277,957
1,269,961
1,265,962
1,258,947
1,255,938
1,256,937
1,267,937
1,252,930
1,259,937
1,264,938
1,257,933
1,261,937
1,260,942
1,267,936
1,253,930
1,228,884
1,230,882
1,232,871
1,238,873
1,237,875
1,237,877
1,242,882
1,246,883
1,241,878
1,235,872
1,238,875
1,233,875
1,272,968
1,266,970
1,259,967
1,270,964
1,261,971
1,273,963
1,265,966
1,272,952
1,273,965
1,263,965
1,268,963
1,260,962
1,263,1092
1,260,1069
1,243,1077
1,243,1089
1,240,1097
1,255,1106
1,245,1111
1,260,1065
1,216,1113
1,273,1080
1,263,1073
1,261,1090
1,267,1076
1,264,1084
1,266,1082
1,262,1075
1,263,1084
1,265,1083
1,268,1084
1,255,1084
1,261,1086
1,262,1082
1,270,1080
1,267,1081
1,240,1080
1,243,1075
1,243,1070
1,242,1077
1,247,1071
1,245,1083
1,243,1074
1,253,1076
1,241,1083
1,244,1082
1,250,1072
1,246,1084
1,268,1069
1,259,1068
1,257,1063
1,248,1069
1,246,1069
1,248,1072
1,257,1065
1,258,1074
1,246,1071
1,260,1067
1,252,1071
1,257,1064
1,241,1086
1,236,1087
1,234,1084
1,244,1076
1,233,1092
1,239,1075
1,242,1086
1,246,1088
1,237,1090
1,251,1082
1,250,1087
1,233,1091
1,227,529
1,300,522
1,270,529
1,247,542
1,301,514
1,267,537
1,277,532
1,256,563
1,279,548
1,268,546
1,260,566
1,258,529
1,277,553
1,275,540
1,311,513
1,236,563
1,255,578
1,316,524
1,267,540
1,260,544
1,267,534
1,257,546
1,260,547
1,275,546
1,266,552
1,265,545
1,263,544
1,268,548
1,261,540
1,270,536
1,258,541
1,251,545
1,257,541
1,247,543
1,233,542
1,243,541
1,250,537
1,246,555
1,241,539
1,248,538
1,242,539
1,244,535
1,247,536
1,247,534
1,250,533
1,250,540
1,252,533
1,252,535
1,245,533
1,247,538
1,243,530
1,257,532
1,245,531
1,255,537
1,261,579
1,264,575
1,256,582
1,259,586
1,262,581
1,262,572
1,261,577
1,265,581
1,259,580
1,255,581
1,253,575
1,261,572
1,241,794
1,234,741
1,224,784
1,271,819
1,236,800
1,285,789
1,223,809
1,239,849
1,226,785
1,280,700
1,244,823
1,272,775
1,278,825
1,267,838
1,284,703
1,230,800
1,267,828
1,270,755
1,280,769
1,255,836
1,242,825
1,270,802
1,226,825
1,239,805
1,229,819
1,229,787
1,241,840
1,239,775
1,236,824
1,233,815
1,278,762
1,270,798
1,263,732
1,254,844
1,290,800
1,280,685
1,306,797
1,223,781
1,250,736
1,269,779
1,221,795
1,246,789
1,264,717
1,246,747
1,244,743
1,253,745
1,241,749
1,240,740
1,232,739
1,244,742
1,243,755
1,238,755
1,243,745
1,250,740
1,249,746
1,251,835
1,273,816
1,264,829
1,267,828
1,277,827
1,271,830
1,266,829
1,250,829
1,267,829
1,276,823
1,266,812
1,258,822
1,232,817
1,231,809
1,236,825
1,229,806
1,233,819
1,233,820
1,240,819
1,236,814
1,230,818
1,239,824
1,227,814
1,237,816
1,256,779
1,246,776
1,256,780
1,255,774
1,254,787
1,251,788
1,253,781
1,260,777
1,253,783
1,265,782
1,263,781
1,246,784
1,228,374
1,312,293
1,318,286
1,249,385
1,383,255
1,364,255
1,241,397
1,312,305
1,265,362
1,357,279
1,311,306
1,300,378
1,367,280
1,261,403
1,236,364
1,255,371
1,360,255
1,372,259
1,305,301
1,274,365
1,257,379
1,343,281
1,331,252
1,335,298
1,355,268
1,258,374
1,374,246
1,336,291
1,341,288
1,338,281
1,409,252
1,344,264
1,323,280
1,285,352
1,284,355
1,260,365
1,230,370
1,233,376
1,297,324
1,248,389
1,351,246
1,241,378
1,291,366
1,340,258
1,291,333
1,297,329
1,295,333
1,295,336
1,294,318
1,296,326
1,303,338
1,298,327
1,292,325
1,293,336
1,295,323
1,298,325
1,346,288
1,346,290
1,342,277
1,338,288
1,337,299
1,348,288
1,343,278
1,347,291
1,341,286
1,346,280
1,349,288
1,340,295
1,375,262
1,383,255
1,381,263
1,383,265
1,375,263
1,380,258
1,373,258
1,372,260
1,380,262
1,370,268
1,378,257
1,374,261
1,287,349
1,274,343
1,282,353
1,280,340
1,284,351
1,276,350
1,286,343
1,275,347
1,278,342
1,286,354
1,285,346
1,282,338
1,254,1
1,254,35
1,259,21
1,240,43
1,247,42
1,232,43
1,283,2
1,253,7
1,247,37
1,267,35
1,257,41
1,240,27
1,251,23
1,247,27
1,241,38
1,252,36
1,260,26
1,255,30
1,251,27
1,246,28
1,245,27
1,246,31
1,243,31
1,246,34
1,283,5
1,277,11
1,282,0
1,272,18
1,269,9
1,264,11
1,276,11
1,268,4
1,259,15
1,266,12
1,281,7
1,258,10
1,249,44
1,258,39
1,250,38
1,250,41
1,247,35
1,234,40
1,245,42
1,245,40
1,253,47
1,242,42
1,245,45
1,240,44
1,243,33
1,256,32
1,241,34
1,243,40
1,242,40
1,252,34
1,256,33
1,255,37
1,247,34
1,257,37
1,248,34
1,237,35
1,281,1256
1,272,1237
1,261,1222
1,245,1229
1,277,1258
1,253,1239
1,266,1211
1,240,1244
1,280,1227
1,267,1231
1,269,1254
1,280,1244
1,282,1254
1,277,1254
1,265,1259
1,269,1260
1,270,1254
1,265,1253
1,269,1258
1,277,1250
1,263,1254
1,272,1249
1,264,1250
1,276,1258
1,254,1244
1,238,1237
1,241,1241
1,249,1244
1,244,1247
1,241,1251
1,249,1250
1,250,1239
1,241,1242
1,248,1233
1,247,1239
1,241,1233
1,244,1254
1,250,1259
1,254,1252
1,253,1254
1,249,1263
1,251,1261
1,251,1269
1,253,1258
1,261,1265
1,257,1266
1,248,1257
1,244,1260
1,261,1268
1,267,1265
1,259,1269
1,263,1269
1,260,1260
1,262,1272
1,272,1260
1,259,1272
1,265,1262
1,269,1264
1,264,1264
1,258,1263
1,311,115
1,352,120
1,253,132
1,309,132
1,267,120
1,272,128
1,347,120
1,359,162
1,355,134
1,315,135
1,253,129
1,359,168
1,337,118
1,358,133
1,310,122
1,340,125
1,359,131
1,304,119
1,335,165
1,354,171
1,248,129
1,254,132
1,247,126
1,259,132
1,251,128
1,249,130
1,254,127
1,259,128
1,248,130
1,247,129
1,253,124
1,250,127
1,297,145
1,298,142
1,304,136
1,301,143
1,291,132
1,293,136
1,301,141
1,286,128
1,293,138
1,292,132
1,296,133
1,289,133
1,340,176
1,338,169
1,339,178
1,345,177
1,343,172
1,344,171
1,344,170
1,335,170
1,350,173
1,350,170
1,352,171
1,338,177
1,311,160
1,311,153
1,314,160
1,320,154
1,317,161
1,323,163
1,320,153
1,327,163
1,319,160
1,321,164
1,323,157
1,316,149
1,277,1322
1,273,1321
1,271,1310
1,277,1281
1,270,1334
1,258,1342
1,256,1329
1,258,1309
1,282,1283
1,273,1293
1,251,1327
1,262,1315
1,282,1284
1,287,1282
1,280,1286
1,283,1275
1,276,1273
1,287,1279
1,282,1288
1,285,1283
1,282,1294
1,282,1283
1,283,1281
1,274,1276
1,273,1329
1,260,1331
1,274,1330
1,258,1324
1,272,1326
1,275,1329
1,264,1328
1,273,1324
1,272,1335
1,265,1334
1,275,1332
1,263,1333
1,277,1309
1,278,1297
1,266,1307
1,272,1306
1,277,1307
1,272,1303
1,274,1305
1,273,1297
1,280,1306
1,277,1297
1,276,1297
1,278,1319
1,277,1316
1,276,1304
1,268,1306
1,273,1311
1,266,1299
1,279,1317
1,273,1315
1,267,1315
1,274,1317
1,272,1313
1,276,1305
1,272,1310
1,257,1032
1,298,1040
1,277,1071
1,298,1022
1,289,1083
1,274,1040
1,279,1053
1,290,1003
1,281,1078
1,321,1066
1,282,1056
1,286,1025
1,309,1066
1,287,1011
1,314,1038
1,293,1040
1,324,1069
1,275,1029
1,316,1048
1,279,1024
1,280,1013
1,284,1024
1,275,1022
1,289,1018
1,278,1009
1,293,1011
1,280,1030
1,280,1028
1,287,1011
1,284,1006
1,276,1029
1,305,1037
1,302,1039
1,311,1037
1,310,1043
1,310,1040
1,316,1042
1,311,1041
1,308,1035
1,299,1038
1,308,1050
1,309,1044
1,314,1039
1,323,1058
1,330,1043
1,331,1051
1,331,1055
1,313,1056
1,315,1046
1,327,1055
1,333,1054
1,331,1056
1,322,1047
1,333,1050
1,322,1051
1,299,1075
1,309,1070
1,304,1071
1,302,1066
1,292,1071
1,298,1070
1,293,1075
1,289,1080
1,298,1065
1,297,1070
1,296,1081
1,291,1079
1,335,215
1,358,236
1,356,232
1,273,180
1,314,192
1,292,199
1,271,166
1,318,223
1,317,182
1,319,220
1,317,192
1,305,185
1,297,161
1,301,157
1,266,191
1,343,236
1,331,179
1,327,209
1,270,179
1,307,193
1,282,180
1,262,189
1,297,188
1,340,232
1,335,215
1,333,212
1,333,217
1,330,221
1,332,211
1,325,215
1,326,216
1,335,211
1,329,209
1,335,216
1,322,219
1,305,197
1,305,192
1,306,197
1,304,190
1,313,181
1,305,196
1,306,187
1,314,180
1,309,191
1,308,189
1,320,193
1,326,189
1,263,168
1,261,179
1,259,175
1,268,177
1,258,185
1,263,180
1,259,180
1,264,185
1,257,183
1,261,172
1,257,181
1,258,184
1,313,165
1,312,176
1,305,180
1,307,174
1,311,163
1,310,164
1,310,174
1,315,168
1,304,170
1,301,167
1,309,166
1,312,165
1,379,1157
1,295,1142
1,307,1148
1,300,1140
1,347,1156
1,351,1168
1,310,1152
1,340,1151
1,359,1150
1,390,1149
1,322,1154
1,341,1158
1,324,1161
1,394,1175
1,295,1132
1,359,1157
1,351,1151
1,345,1154
1,354,1145
1,355,1155
1,353,1164
1,349,1147
1,350,1152
1,359,1142
1,350,1154
1,355,1157
1,359,1150
1,350,1152
1,341,1151
1,357,1158
1,347,1158
1,349,1156
1,340,1166
1,350,1161
1,353,1159
1,344,1163
1,349,1163
1,341,1158
1,346,1157
1,366,1155
1,358,1163
1,370,1164
1,361,1165
1,359,1145
1,353,1155
1,360,1155
1,359,1162
1,362,1162
1,365,1163
1,355,1161
1,356,1157
1,381,1163
1,389,1167
1,382,1158
1,387,1170
1,392,1146
1,392,1160
1,374,1148
1,373,1159
1,393,1150
1,387,1155
1,377,1156
1,372,1163
1,313,685
1,415,750
1,352,679
1,312,689
1,326,670
1,335,689
1,300,703
1,380,647
1,355,650
1,409,736
1,396,674
1,392,627
1,383,638
1,448,622
1,420,743
1,389,720
1,331,675
1,376,655
1,481,591
1,403,706
1,355,698
1,342,685
1,425,638
1,369,729
1,350,656
1,420,765
1,432,643
1,431,642
1,377,684
1,413,701
1,397,640
1,406,631
1,432,742
1,459,618
1,362,665
1,376,656
1,446,636
1,415,755
1,442,745
1,303,706
1,379,705
1,370,654
1,417,748
1,445,636
1,399,691
1,383,724
1,370,715
1,380,616
1,375,627
1,401,660
1,380,676
1,383,660
1,367,726
1,331,697
1,307,664
1,407,692
1,313,683
1,315,681
1,376,669
1,402,705
1,362,659
1,394,691
1,374,694
1,310,699
1,414,691
1,395,764
1,381,697
1,394,766
1,416,704
1,458,604
1,463,613
1,379,696
1,430,647
1,392,770
1,399,630
1,384,736
1,382,739
1,386,737
1,383,735
1,379,743
1,386,747
1,388,738
1,384,748
1,372,736
1,377,743
1,383,745
1,382,742
1,316,687
1,311,687
1,322,690
1,327,686
1,321,685
1,316,676
1,322,677
1,315,674
1,318,687
1,322,675
1,317,692
1,315,688
1,377,707
1,396,700
1,391,704
1,391,698
1,379,686
1,394,704
1,396,703
1,378,689
1,382,705
1,390,693
1,393,694
1,390,701
1,304,691
1,316,687
1,309,679
1,312,687
1,308,686
1,314,683
1,313,698
1,313,691
1,313,690
1,307,695
1,315,689
1,312,684
1,314,1186
1,317,1194
1,311,1178
1,320,1191
1,316,1182
1,320,1180
1,298,1233
1,324,1190
1,334,1196
1,331,1183
1,314,1175
1,318,1167
1,309,1172
1,308,1170
1,307,1173
1,312,1174
1,317,1170
1,317,1172
1,312,1170
1,313,1178
1,310,1172
1,313,1170
1,327,1200
1,322,1203
1,319,1208
1,334,1193
1,331,1201
1,331,1199
1,322,1204
1,331,1195
1,319,1200
1,325,1194
1,325,1200
1,314,1206
1,331,1181
1,325,1186
1,325,1192
1,337,1188
1,330,1186
1,324,1185
1,328,1182
1,332,1192
1,330,1194
1,330,1184
1,331,1179
1,335,1175
1,309,1208
1,315,1208
1,307,1213
1,307,1204
1,317,1211
1,306,1205
1,319,1197
1,313,1206
1,307,1217
1,316,1208
1,303,1207
1,309,1200
1,334,1374
1,339,1374
1,299,1367
1,314,1376
1,312,1381
1,340,1389
1,336,1388
1,335,1387
1,341,1383
1,339,1391
1,336,1389
1,343,1384
1,343,1380
1,338,1390
1,333,1385
1,336,1387
1,342,1387
1,301,1369
1,305,1379
1,298,1365
1,302,1364
1,303,1372
1,300,1373
1,299,1369
1,302,1371
1,296,1366
1,295,1364
1,304,1368
1,306,1368
1,341,1381
1,337,1384
1,338,1383
1,340,1384
1,339,1374
1,343,1385
1,333,1379
1,340,1390
1,338,1386
1,331,1387
1,340,1379
1,341,1382
1,336,1381
1,328,1385
1,332,1379
1,331,1378
1,326,1376
1,327,1378
1,330,1375
1,335,1375
1,335,1390
1,335,1371
1,339,1379
1,338,1375
1,323,828
1,331,813
1,360,820
1,364,835
1,355,828
1,357,834
1,367,867
1,351,866
1,342,835
1,359,850
1,364,872
1,373,847
1,339,813
1,368,879
1,364,850
1,352,857
1,365,855
1,362,838
1,349,842
1,351,847
1,346,857
1,362,848
1,354,846
1,353,854
1,356,851
1,342,848
1,359,838
1,372,878
1,378,873
1,376,874
1,379,878
1,379,865
1,375,876
1,377,865
1,380,878
1,372,877
1,379,870
1,370,872
1,381,873
1,371,829
1,368,829
1,367,833
1,367,837
1,363,844
1,371,828
1,368,830
1,362,830
1,363,830
1,370,831
1,361,832
1,361,822
1,335,832
1,336,840
1,327,847
1,332,846
1,335,842
1,319,830
1,331,844
1,326,829
1,337,839
1,336,834
1,335,845
1,340,829
1,369,455
1,363,407
1,329,431
1,315,423
1,360,414
1,331,442
1,355,470
1,366,445
1,410,394
1,377,435
1,359,431
1,390,449
1,327,440
1,350,375
1,387,454
1,374,405
1,348,413
1,389,398
1,387,429
1,357,385
1,390,402
1,326,435
1,352,378
1,379,457
1,386,430
1,391,457
1,398,394
1,369,413
1,391,388
1,352,375
1,326,431
1,382,423
1,374,449
1,386,441
1,382,428
1,395,433
1,396,435
1,392,431
1,389,430
1,386,434
1,392,421
1,385,435
1,386,439
1,377,417
1,372,422
1,393,425
1,381,371
1,376,371
1,378,368
1,377,371
1,380,370
1,379,368
1,381,370
1,381,369
1,373,384
1,373,375
1,379,377
1,378,370
1,341,388
1,340,391
1,337,385
1,352,384
1,356,390
1,343,389
1,339,390
1,340,389
1,339,386
1,340,383
1,349,375
1,348,393
1,358,412
1,368,402
1,364,401
1,368,407
1,366,406
1,371,396
1,365,403
1,357,405
1,362,400
1,366,397
1,367,400
1,364,398
1,331,635
1,406,564
1,337,631
1,368,524
1,394,544
1,395,605
1,390,553
1,362,622
1,409,594
1,422,598
1,362,571
1,379,599
1,400,594
1,390,548
1,364,591
1,351,557
1,407,580
1,310,613
1,346,557
1,369,601
1,322,565
1,343,623
1,356,567
1,346,526
1,342,536
1,394,537
1,419,598
1,341,601
1,398,573
1,356,626
1,356,617
1,418,564
1,363,531
1,339,594
1,336,612
1,375,515
1,419,585
1,382,527
1,368,578
1,352,605
1,337,531
1,360,615
1,369,598
1,401,587
1,365,574
1,325,613
1,391,601
1,340,558
1,355,515
1,365,525
1,359,511
1,347,516
1,364,517
1,364,523
1,361,515
1,353,524
1,346,518
1,354,517
1,356,519
1,347,520
1,380,541
1,391,526
1,397,530
1,376,531
1,389,524
1,392,544
1,380,524
1,395,534
1,382,537
1,395,532
1,379,536
1,383,529
1,421,589
1,426,578
1,419,579
1,416,581
1,423,580
1,421,576
1,428,590
1,419,596
1,420,585
1,431,586
1,425,582
1,419,574
1,393,544
1,390,545
1,389,544
1,391,535
1,389,542
1,399,535
1,396,536
1,395,552
1,391,544
1,385,548
1,390,544
1,387,541
1,364,114
1,393,126
1,377,119
1,392,120
1,350,54
1,389,140
1,403,133
1,391,122
1,372,111
1,325,88
1,382,135
1,312,81
1,337,64
1,388,139
1,323,99
1,361,113
1,397,132
1,366,96
1,379,115
1,385,113
1,382,120
1,385,115
1,378,104
1,379,112
1,381,110
1,386,113
1,378,115
1,378,113
1,381,117
1,383,109
1,343,104
1,340,86
1,345,97
1,352,91
1,338,105
1,347,89
1,348,94
1,344,95
1,341,95
1,342,92
1,340,102
1,347,103
1,342,49
1,338,58
1,349,52
1,348,43
1,355,51
1,351,44
1,342,51
1,342,59
1,345,46
1,342,50
1,346,47
1,341,48
1,350,65
1,340,58
1,345,50
1,347,59
1,344,57
1,346,56
1,350,57
1,346,48
1,355,58
1,342,57
1,351,57
1,354,48
1,383,970
1,380,981
1,379,992
1,353,986
1,361,961
1,358,992
1,384,955
1,368,983
1,353,970
1,396,991
1,336,991
1,370,986
1,377,958
1,342,976
1,384,952
1,415,976
1,372,984
1,367,1005
1,386,981
1,399,991
1,364,1000
1,360,944
1,361,972
1,369,984
1,376,978
1,365,974
1,367,980
1,361,976
1,370,978
1,371,980
1,366,980
1,381,975
1,371,978
1,376,982
1,379,942
1,383,945
1,387,949
1,386,948
1,385,952
1,381,942
1,391,953
1,386,951
1,389,952
1,383,944
1,381,946
1,389,951
1,356,965
1,352,959
1,359,966
1,355,973
1,352,969
1,357,957
1,355,977
1,358,965
1,356,973
1,355,967
1,347,974
1,358,963
1,342,975
1,344,966
1,345,968
1,341,974
1,334,973
1,340,974
1,352,963
1,343,964
1,344,976
1,336,981
1,348,971
1,332,974
1,374,1039
1,374,1016
1,339,1031
1,387,1022
1,362,1033
1,353,1032
1,363,1032
1,387,1050
1,387,1047
1,358,1029
1,368,1023
1,342,1046
1,385,1035
1,395,1041
1,393,1038
1,395,1032
1,392,1040
1,393,1041
1,392,1036
1,391,1037
1,399,1033
1,396,1043
1,397,1036
1,394,1048
1,352,1036
1,349,1040
1,353,1046
1,356,1036
1,356,1037
1,349,1045
1,350,1038
1,348,1034
1,343,1041
1,352,1043
1,348,1042
1,356,1034
1,372,1042
1,382,1048
1,382,1052
1,373,1051
1,385,1043
1,381,1046
1,378,1050
1,368,1040
1,381,1052
1,377,1049
1,368,1050
1,380,1046
1,390,1039
1,393,1040
1,387,1034
1,397,1042
1,384,1023
1,387,1032
1,389,1035
1,389,1037
1,388,1035
1,394,1044
1,393,1043
1,386,1042
1,419,909
1,421,932
1,375,894
1,359,923
1,378,895
1,370,911
1,432,922
1,446,929
1,373,930
1,335,944
1,374,902
1,367,890
1,378,919
1,378,932
1,414,926
1,366,908
1,373,904
1,354,932
1,394,904
1,364,933
1,404,902
1,362,912
1,388,891
1,374,886
1,391,895
1,376,882
1,377,887
1,392,893
1,383,886
1,390,893
1,388,884
1,372,882
1,370,891
1,384,898
1,382,889
1,387,927
1,392,936
1,388,925
1,389,928
1,384,925
1,391,933
1,383,938
1,383,926
1,389,942
1,382,928
1,388,920
1,395,920
1,349,934
1,331,946
1,347,940
1,338,938
1,345,943
1,343,947
1,344,945
1,341,941
1,343,940
1,346,939
1,341,936
1,340,934
1,376,921
1,368,917
1,379,921
1,371,907
1,363,907
1,387,909
1,372,904
1,367,909
1,362,905
1,376,923
1,381,915
1,365,906
1,353,1191
1,353,1175
1,360,1175
1,359,1175
1,363,1194
1,344,1184
1,340,1196
1,339,1182
1,348,1195
1,343,1181
1,350,1187
1,338,1189
1,350,1190
1,344,1186
1,340,1183
1,342,1195
1,339,1184
1,347,1189
1,342,1192
1,341,1194
1,341,1196
1,354,1200
1,341,1195
1,344,1197
1,346,1193
1,349,1197
1,358,1195
1,344,1186
1,354,1194
1,353,1191
1,375,1177
1,386,1179
1,374,1184
1,385,1185
1,375,1172
1,377,1184
1,386,1189
1,383,1186
1,379,1179
1,382,1187
1,381,1176
1,378,1190
1,346,1195
1,344,1194
1,341,1193
1,347,1189
1,351,1175
1,341,1186
1,348,1191
1,352,1199
1,345,1178
1,343,1185
1,341,1182
1,349,1188
1,415,310
1,414,359
1,367,326
1,417,322
1,399,354
1,364,294
1,371,288
1,391,316
1,395,315
1,407,308
1,367,342
1,401,351
1,386,345
1,435,311
1,417,320
1,419,316
1,377,300
1,360,298
1,382,292
1,407,355
1,365,305
1,351,291
1,415,301
1,412,344
1,395,343
1,380,308
1,378,317
1,369,317
1,391,314
1,388,324
1,385,316
1,372,322
1,378,323
1,384,318
1,382,320
1,375,324
1,381,311
1,405,327
1,416,326
1,407,332
1,399,322
1,397,327
1,398,335
1,403,321
1,407,334
1,407,326
1,408,322
1,397,322
1,404,319
1,417,367
1,413,356
1,416,365
1,423,363
1,422,365
1,415,364
1,415,367
1,414,363
1,418,368
1,413,365
1,413,363
1,413,366
1,392,304
1,387,303
1,388,311
1,379,303
1,387,307
1,381,313
1,393,304
1,384,296
1,379,297
1,384,310
1,384,295
1,376,307
1,512,199
1,452,361
1,460,250
1,643,234
1,646,238
1,488,280
1,441,227
1,529,300
1,422,223
1,512,268
1,568,236
1,442,384
1,575,226
1,535,201
1,583,298
1,631,214
1,542,317
1,558,275
1,582,245
1,476,306
1,426,231
1,453,236
1,505,281
1,400,265
1,582,322
1,620,260
1,529,243
1,588,235
1,619,244
1,582,200
1,595,228
1,523,231
1,656,242
1,550,262
1,640,248
1,626,239
1,459,320
1,407,196
1,538,250
1,514,206
1,594,229
1,402,271
1,461,234
1,492,299
1,414,215
1,645,279
1,545,250
1,474,281
1,485,269
1,552,242
1,579,319
1,506,274
1,541,231
1,616,199
1,460,215
1,442,281
1,434,234
1,629,178
1,576,205
1,614,252
1,566,281
1,610,182
1,457,217
1,587,298
1,532,281
1,494,251
1,578,221
1,603,235
1,483,235
1,575,275
1,546,206
1,547,294
1,432,230
1,440,261
1,650,215
1,441,205
1,494,254
1,573,228
1,567,241
1,562,219
1,507,284
1,622,216
1,464,212
1,648,216
1,493,296
1,439,324
1,472,302
1,550,207
1,435,365
1,537,291
1,574,301
1,580,227
1,515,264
1,520,255
1,435,234
1,593,192
1,501,242
1,475,218
1,460,313
1,640,289
1,643,258
1,636,194
1,624,181
1,634,177
1,434,218
1,523,199
1,522,291
1,647,170
1,567,309
1,415,214
1,398,195
1,467,326
1,444,240
1,524,235
1,461,341
1,498,273
1,654,219
1,630,297
1,502,187
1,654,246
1,583,197
1,438,260
1,580,331
1,441,386
1,566,215
1,459,235
1,489,240
1,633,198
1,453,216
1,570,290
1,581,207
1,459,288
1,516,254
1,445,375
1,481,250
1,511,276
1,594,257
1,545,234
1,482,204
1,506,284
1,561,230
1,465,258
1,525,208
1,578,230
1,542,336
1,608,254
1,485,219
1,515,227
1,604,294
1,605,199
1,626,206
1,648,213
1,541,309
1,565,326
1,622,263
1,620,269
1,523,293
1,453,339
1,445,354
1,451,348
1,456,344
1,442,342
1,449,341
1,441,347
1,445,355
1,445,339
1,456,348
1,444,350
1,451,345
1,459,262
1,451,247
1,458,253
1,469,257
1,450,258
1,455,249
1,459,253
1,451,259
1,450,256
1,447,257
1,453,246
1,461,254
1,563,287
1,571,281
1,576,278
1,573,279
1,569,279
1,563,285
1,567,284
1,562,282
1,570,272
1,559,268
1,563,279
1,572,286
1,434,215
1,414,207
1,428,211
1,410,204
1,423,210
1,423,216
1,416,204
1,431,210
1,416,208
1,432,209
1,417,202
1,428,209
1,411,161
1,387,97
1,458,131
1,450,127
1,437,165
1,418,68
1,404,90
1,415,74
1,465,141
1,435,146
1,433,100
1,432,186
1,385,65
1,401,127
1,394,89
1,390,107
1,427,95
1,402,111
1,432,132
1,433,180
1,412,129
1,392,69
1,432,92
1,413,95
1,466,123
1,416,126
1,442,155
1,433,168
1,420,125
1,392,71
1,418,171
1,440,138
1,420,89
1,393,105
1,415,130
1,448,126
1,428,107
1,429,64
1,461,119
1,440,152
1,440,119
1,441,101
1,424,65
1,425,59
1,423,68
1,428,76
1,428,74
1,422,58
1,430,63
1,427,66
1,430,70
1,424,63
1,429,72
1,428,60
1,425,53
1,431,51
1,416,51
1,425,45
1,413,39
1,427,45
1,419,44
1,426,52
1,418,48
1,428,64
1,427,48
1,430,54
1,431,158
1,447,164
1,437,153
1,434,159
1,430,151
1,441,162
1,438,146
1,441,153
1,446,151
1,443,145
1,425,154
1,448,164
1,411,92
1,400,85
1,401,81
1,389,95
1,414,85
1,404,87
1,408,88
1,406,82
1,402,90
1,397,94
1,396,88
1,392,90
1,439,537
1,447,521
1,434,517
1,492,552
1,427,486
1,457,513
1,522,566
1,431,487
1,432,515
1,518,565
1,501,555
1,512,562
1,498,553
1,428,521
1,461,526
1,462,526
1,466,531
1,458,527
1,466,530
1,468,532
1,473,530
1,464,532
1,461,523
1,470,532
1,455,539
1,462,519
1,436,497
1,424,506
1,433,497
1,432,505
1,434,496
1,435,494
1,428,494
1,424,500
1,428,499
1,425,503
1,433,489
1,438,497
1,518,565
1,512,561
1,522,563
1,522,564
1,523,568
1,515,567
1,507,559
1,521,563
1,513,559
1,517,559
1,521,566
1,522,570
1,449,529
1,448,531
1,450,538
1,456,534
1,456,530
1,455,535
1,451,528
1,460,533
1,457,536
1,453,528
1,448,518
1,455,528
1,438,823
1,406,836
1,435,837
1,476,844
1,426,836
1,435,851
1,426,831
1,446,894
1,461,895
1,438,827
1,413,840
1,475,847
1,452,883
1,472,845
1,439,896
1,452,858
1,439,852
1,433,845
1,457,867
1,469,838
1,480,858
1,472,843
1,445,890
1,444,883
1,450,882
1,443,895
1,446,891
1,438,888
1,438,897
1,438,890
1,438,884
1,449,894
1,443,900
1,440,898
1,472,859
1,454,865
1,460,855
1,474,875
1,460,869
1,477,867
1,465,872
1,463,872
1,465,874
1,467,863
1,469,866
1,464,858
1,450,839
1,446,834
1,450,838
1,445,834
1,454,849
1,449,840
1,454,829
1,448,838
1,443,830
1,453,841
1,461,831
1,442,835
1,453,863
1,446,851
1,446,859
1,456,862
1,446,855
1,443,859
1,456,859
1,456,865
1,436,863
1,453,862
1,443,849
1,444,857
1,411,1054
1,420,1081
1,448,1077
1,406,1054
1,435,1060
1,420,1054
1,445,1088
1,438,1091
1,416,1068
1,447,1076
1,429,1060
1,441,1080
1,439,1095
1,415,1089
1,404,1069
1,418,1072
1,438,1067
1,426,1065
1,438,1072
1,442,1068
1,428,1060
1,433,1060
1,439,1071
1,439,1063
1,432,1071
1,440,1061
1,432,1063
1,430,1073
1,407,1015
1,411,1027
1,406,1024
1,408,1019
1,409,1015
1,405,1025
1,408,1014
1,410,1017
1,411,1018
1,403,1022
1,408,1017
1,402,1024
1,413,1048
1,420,1037
1,417,1052
1,413,1050
1,416,1041
1,417,1039
1,422,1045
1,413,1040
1,417,1040
1,420,1052
1,412,1034
1,422,1055
1,421,1044
1,412,1031
1,426,1034
1,424,1051
1,417,1031
1,419,1030
1,423,1044
1,423,1034
1,418,1038
1,422,1033
1,422,1047
1,421,1038
1,412,1176
1,443,1169
1,448,1173
1,425,1172
1,433,1192
1,424,1184
1,431,1169
1,402,1172
1,434,1172
1,426,1149
1,443,1189
1,438,1187
1,435,1188
1,435,1179
1,447,1188
1,444,1187
1,444,1186
1,438,1188
1,433,1181
1,442,1192
1,443,1193
1,439,1186
1,402,1178
1,412,1178
1,410,1184
1,405,1183
1,406,1189
1,400,1176
1,403,1182
1,416,1183
1,407,1182
1,409,1174
1,409,1175
1,411,1173
1,409,1181
1,417,1175
1,407,1176
1,421,1185
1,410,1170
1,413,1175
1,410,1183
1,419,1185
1,402,1172
1,407,1186
1,421,1176
1,418,1179
1,419,1188
1,407,1190
1,422,1184
1,414,1185
1,404,1187
1,422,1188
1,418,1191
1,425,1190
1,419,1185
1,413,1186
1,422,1192
1,414,1183
1,462,998
1,495,1066
1,469,1024
1,485,1040
1,422,1009
1,463,1001
1,499,1076
1,458,1000
1,506,1078
1,480,1029
1,445,1041
1,462,1019
1,492,1051
1,453,1056
1,451,1061
1,501,1080
1,453,1065
1,456,1048
1,449,1051
1,444,1038
1,475,1052
1,426,1028
1,473,1079
1,471,1033
1,486,1060
1,495,1052
1,488,1037
1,501,1046
1,506,1053
1,512,1058
1,509,1058
1,508,1051
1,517,1052
1,509,1048
1,512,1050
1,505,1059
1,516,1057
1,506,1055
1,507,1039
1,482,1051
1,473,1041
1,480,1034
1,469,1048
1,479,1043
1,472,1049
1,482,1040
1,487,1035
1,477,1055
1,478,1043
1,475,1038
1,485,1038
1,472,1078
1,460,1066
1,470,1066
1,469,1071
1,462,1071
1,473,1077
1,476,1075
1,473,1076
1,474,1070
1,470,1073
1,464,1070
1,455,1065
1,448,1058
1,458,1053
1,453,1052
1,463,1058
1,465,1056
1,465,1059
1,454,1051
1,458,1065
1,459,1071
1,453,1063
1,460,1047
1,450,1057
1,420,1125
1,443,1129
1,434,1125
1,458,1132
1,441,1126
1,457,1121
1,432,1138
1,437,1118
1,442,1124
1,449,1115
1,443,1118
1,445,1118
1,438,1121
1,452,1119
1,446,1116
1,439,1119
1,456,1125
1,446,1119
1,440,1118
1,420,1121
1,440,1127
1,439,1120
1,432,1127
1,423,1122
1,429,1125
1,429,1133
1,430,1121
1,422,1125
1,438,1127
1,430,1135
1,437,1133
1,431,1134
1,435,1129
1,432,1127
1,442,1133
1,430,1128
1,424,1124
1,435,1138
1,427,1139
1,430,1138
1,438,1131
1,419,1128
1,428,1134
1,442,1152
1,448,1149
1,442,1150
1,446,1153
1,451,1149
1,450,1145
1,450,1146
1,447,1152
1,454,1136
1,442,1151
1,455,1145
1,441,1152
1,461,687
1,455,718
1,453,693
1,472,690
1,458,697
1,483,698
1,435,705
1,453,691
1,491,704
1,458,726
1,482,753
1,439,693
1,452,702
1,463,741
1,468,692
1,454,728
1,451,717
1,481,749
1,478,664
1,483,656
1,470,670
1,473,673
1,482,665
1,476,671
1,475,670
1,474,668
1,479,673
1,473,680
1,475,669
1,472,668
1,476,669
1,475,664
1,482,662
1,478,663
1,478,661
1,479,661
1,478,665
1,471,665
1,478,662
1,483,663
1,477,663
1,473,665
1,474,664
1,449,696
1,450,689
1,443,697
1,445,702
1,448,699
1,446,701
1,442,693
1,450,682
1,452,690
1,463,696
1,460,688
1,432,694
1,461,731
1,460,735
1,458,727
1,458,737
1,466,730
1,464,744
1,466,736
1,455,733
1,457,734
1,460,728
1,467,738
1,460,733
1,481,795
1,464,804
1,508,780
1,470,821
1,477,797
1,447,772
1,447,811
1,466,821
1,492,814
1,505,779
1,468,790
1,469,828
1,448,813
1,481,812
1,472,828
1,483,780
1,481,780
1,483,773
1,441,781
1,480,772
1,495,797
1,505,800
1,494,789
1,506,786
1,504,797
1,500,794
1,499,795
1,490,806
1,504,790
1,494,800
1,499,793
1,510,793
1,473,830
1,466,826
1,478,826
1,481,831
1,473,820
1,485,826
1,485,829
1,482,825
1,474,821
1,483,826
1,488,826
1,474,823
1,489,803
1,485,804
1,483,804
1,498,808
1,494,794
1,497,801
1,489,790
1,487,791
1,498,807
1,492,808
1,493,787
1,483,800
1,484,789
1,480,777
1,477,773
1,478,771
1,486,778
1,479,778
1,480,775
1,475,783
1,471,778
1,476,773
1,482,777
1,481,781
1,488,1093
1,495,1092
1,486,1090
1,455,1110
1,483,1104
1,449,1101
1,469,1122
1,496,1111
1,480,1090
1,496,1113
1,508,1132
1,486,1114
1,485,1085
1,457,1105
1,455,1103
1,453,1111
1,453,1095
1,455,1096
1,464,1095
1,452,1096
1,456,1106
1,448,1096
1,460,1098
1,448,1102
1,465,1100
1,458,1102
1,497,1128
1,510,1121
1,509,1130
1,509,1128
1,508,1126
1,509,1113
1,509,1120
1,508,1118
1,502,1123
1,506,1118
1,505,1118
1,503,1119
1,469,1104
1,464,1113
1,476,1118
1,474,1110
1,473,1115
1,460,1118
1,474,1104
1,475,1113
1,480,1107
1,467,1112
1,478,1108
1,468,1112
1,450,1104
1,454,1105
1,456,1107
1,456,1099
1,452,1101
1,456,1109
1,451,1106
1,464,1095
1,457,1112
1,454,1098
1,444,1102
1,444,1107
1,514,1155
1,462,1185
1,493,1202
1,481,1187
1,491,1209
1,503,1154
1,460,1165
1,478,1168
1,505,1177
1,460,1147
1,507,1143
1,467,1144
1,511,1152
1,515,1159
1,458,1149
1,463,1160
1,516,1167
1,462,1181
1,461,1146
1,463,1181
1,494,1175
1,488,1197
1,479,1197
1,488,1196
1,501,1197
1,490,1197
1,490,1188
1,484,1190
1,480,1194
1,485,1191
1,481,1190
1,485,1196
1,483,1193
1,472,1205
1,474,1196
1,470,1183
1,480,1196
1,474,1190
1,482,1206
1,474,1192
1,483,1192
1,466,1198
1,475,1188
1,469,1193
1,479,1187
1,496,1211
1,497,1197
1,498,1207
1,491,1195
1,492,1197
1,485,1202
1,488,1194
1,494,1197
1,504,1198
1,495,1192
1,501,1193
1,491,1198
1,517,1169
1,517,1167
1,514,1168
1,507,1174
1,519,1172
1,511,1183
1,515,1173
1,515,1180
1,514,1163
1,511,1180
1,515,1167
1,519,1178
1,492,422
1,526,410
1,535,447
1,491,405
1,517,442
1,515,410
1,517,426
1,537,447
1,492,443
1,533,423
1,527,441
1,477,459
1,492,382
1,478,459
1,528,449
1,489,406
1,476,449
1,522,418
1,528,421
1,486,449
1,496,466
1,479,441
1,497,372
1,515,444
1,521,450
1,518,461
1,507,439
1,512,450
1,523,449
1,522,466
1,526,450
1,520,445
1,519,459
1,512,445
1,519,453
1,524,437
1,525,444
1,521,440
1,527,438
1,526,429
1,532,431
1,529,435
1,527,441
1,523,431
1,529,424
1,529,431
1,521,436
1,524,412
1,511,404
1,524,400
1,524,405
1,530,413
1,523,411
1,533,404
1,519,412
1,525,412
1,520,406
1,521,407
1,519,405
1,501,448
1,501,459
1,503,457
1,498,442
1,509,455
1,509,457
1,506,453
1,506,442
1,508,452
1,507,447
1,500,457
1,497,444
1,513,164
1,543,191
1,543,188
1,556,179
1,539,154
1,499,169
1,591,176
1,600,177
1,603,177
1,574,162
1,605,148
1,602,176
1,542,132
1,538,179
1,563,157
1,529,150
1,505,148
1,506,154
1,517,163
1,525,154
1,600,149
1,557,193
1,515,153
1,587,172
1,590,173
1,584,182
1,587,174
1,596,179
1,582,180
1,580,183
1,586,176
1,576,193
1,580,170
1,583,170
1,585,180
1,536,181
1,531,161
1,544,169
1,530,171
1,541,162
1,538,181
1,537,173
1,532,176
1,547,173
1,535,175
1,541,161
1,543,173
1,515,166
1,505,159
1,502,161
1,521,170
1,506,157
1,525,163
1,510,165
1,513,168
1,515,164
1,507,163
1,508,154
1,520,159
1,566,155
1,566,161
1,563,158
1,558,154
1,565,164
1,560,163
1,565,149
1,550,162
1,566,170
1,561,166
1,559,153
1,561,163
1,546,683
1,535,694
1,574,713
1,600,680
1,552,676
1,543,686
1,484,691
1,595,682
1,587,674
1,573,680
1,491,694
1,577,684
1,508,670
1,552,699
1,625,674
1,531,695
1,505,700
1,621,674
1,597,688
1,580,704
1,508,686
1,580,691
1,542,705
1,617,661
1,568,682
1,576,693
1,610,668
1,610,663
1,610,664
1,617,657
1,618,675
1,615,673
1,611,666
1,620,668
1,618,673
1,613,677
1,613,664
1,608,664
1,553,672
1,557,689
1,557,685
1,552,677
1,560,675
1,561,685
1,552,672
1,549,682
1,564,688
1,563,679
1,555,675
1,550,675
1,609,670
1,607,663
1,609,662
1,600,668
1,622,664
1,614,663
1,596,668
1,608,669
1,609,661
1,607,664
1,618,661
1,604,670
1,545,691
1,539,695
1,540,696
1,532,695
1,547,699
1,540,687
1,547,700
1,545,702
1,538,686
1,536,684
1,546,693
1,534,699
1,588,1131
1,592,1138
1,545,1170
1,546,1168
1,583,1123
1,544,1168
1,539,1086
1,545,1110
1,553,1171
1,554,1171
1,536,1164
1,535,1158
1,556,1203
1,589,1158
1,543,1127
1,546,1077
1,539,1182
1,554,1167
1,515,1137
1,551,1164
1,535,1142
1,544,1044
1,536,1170
1,541,1103
1,555,1162
1,559,1203
1,534,1138
1,526,1102
1,564,1161
1,511,1134
1,551,1212
1,535,1097
1,533,1139
1,529,1145
1,515,1140
1,531,1143
1,525,1141
1,529,1139
1,530,1149
1,519,1136
1,532,1132
1,537,1136
1,527,1152
1,522,1146
1,573,1132
1,571,1138
1,571,1144
1,569,1135
1,581,1134
1,573,1137
1,564,1131
1,585,1142
1,564,1138
1,580,1142
1,571,1133
1,578,1136
1,569,1140
1,575,1164
1,564,1158
1,571,1160
1,580,1148
1,573,1143
1,566,1150
1,566,1143
1,572,1156
1,565,1162
1,567,1146
1,587,1149
1,560,1198
1,555,1196
1,544,1194
1,545,1196
1,547,1193
1,556,1200
1,545,1204
1,549,1207
1,549,1200
1,547,1191
1,561,1200
1,547,1201
1,527,769
1,536,776
1,555,794
1,552,742
1,548,770
1,543,759
1,564,777
1,537,791
1,560,771
1,529,793
1,557,773
1,563,759
1,552,744
1,574,785
1,580,798
1,547,765
1,525,799
1,532,774
1,516,764
1,525,769
1,518,778
1,524,773
1,528,768
1,522,776
1,526,769
1,523,762
1,522,767
1,520,776
1,524,772
1,511,785
1,514,795
1,518,797
1,515,793
1,528,796
1,522,795
1,523,795
1,525,788
1,521,798
1,524,791
1,520,794
1,524,795
1,559,754
1,557,743
1,559,753
1,560,748
1,552,749
1,558,756
1,556,746
1,559,751
1,556,741
1,559,748
1,559,745
1,549,741
1,527,775
1,523,762
1,524,767
1,531,759
1,523,768
1,536,767
1,529,777
1,531,773
1,530,759
1,523,766
1,526,770
1,523,764
1,599,1003
1,592,972
1,643,960
1,543,984
1,647,953
1,644,953
1,607,976
1,649,973
1,605,987
1,597,997
1,581,1015
1,543,975
1,649,971
1,593,958
1,592,972
1,650,969
1,578,1003
1,567,1000
1,586,971
1,582,969
1,583,1018
1,546,974
1,557,971
1,612,973
1,587,1003
1,555,986
1,557,977
1,566,984
1,551,984
1,556,983
1,552,987
1,559,984
1,540,985
1,539,979
1,555,984
1,558,985
1,556,986
1,556,982
1,633,955
1,618,965
1,643,960
1,631,960
1,630,959
1,626,968
1,617,966
1,632,956
1,624,963
1,622,970
1,631,965
1,631,966
1,652,953
1,664,956
1,659,958
1,662,955
1,662,952
1,658,956
1,666,957
1,661,948
1,662,951
1,655,944
1,661,955
1,656,956
1,603,975
1,604,967
1,612,974
1,612,980
1,607,974
1,612,977
1,606,977
1,611,976
1,611,978
1,604,976
1,608,969
1,603,973
1,638,588
1,620,594
1,586,623
1,618,585
1,578,611
1,574,627
1,596,621
1,609,565
1,629,605
1,588,570
1,589,613
1,576,627
1,646,554
1,598,606
1,604,606
1,584,584
1,557,634
1,584,622
1,645,605
1,651,564
1,651,570
1,700,573
1,625,577
1,668,570
1,571,628
1,674,572
1,597,538
1,654,603
1,652,606
1,645,589
1,621,551
1,613,576
1,574,582
1,661,577
1,658,594
1,601,539
1,653,562
1,614,617
1,609,581
1,605,582
1,614,608
1,613,550
1,619,552
1,612,547
1,607,544
1,609,551
1,613,557
1,613,549
1,618,545
1,630,551
1,622,556
1,621,560
1,606,549
1,573,586
1,581,593
1,568,594
1,579,599
1,582,585
1,579,600
1,569,588
1,582,593
1,567,588
1,567,597
1,586,594
1,566,586
1,598,603
1,607,608
1,598,596
1,602,594
1,605,597
1,606,607
1,606,608
1,600,607
1,602,595
1,600,600
1,608,605
1,592,593
1,572,586
1,569,590
1,561,578
1,571,588
1,561,582
1,572,575
1,570,589
1,566,582
1,571,587
1,568,582
1,563,583
1,563,580
1,568,1226
1,582,1215
1,585,1227
1,655,1201
1,622,1192
1,592,1195
1,636,1200
1,563,1235
1,600,1205
1,597,1222
1,612,1194
1,641,1195
1,614,1211
1,631,1212
1,579,1221
1,568,1227
1,573,1226
1,571,1229
1,566,1223
1,566,1225
1,561,1230
1,574,1230
1,563,1224
1,570,1222
1,563,1225
1,565,1227
1,591,1212
1,593,1207
1,610,1210
1,600,1203
1,592,1218
1,597,1209
1,602,1207
1,596,1209
1,601,1206
1,592,1217
1,603,1211
1,598,1222
1,593,1204
1,590,1193
1,594,1201
1,593,1196
1,596,1193
1,594,1194
1,588,1207
1,589,1194
1,587,1206
1,597,1189
1,600,1209
1,587,1203
1,599,1217
1,606,1210
1,597,1219
1,602,1214
1,599,1215
1,593,1218
1,604,1222
1,603,1214
1,595,1213
1,587,1224
1,603,1211
1,596,1217
1,562,739
1,562,740
1,602,744
1,637,771
1,605,746
1,592,746
1,600,748
1,635,762
1,563,742
1,631,756
1,663,778
1,607,796
1,611,750
1,627,769
1,603,775
1,599,784
1,605,766
1,613,776
1,602,771
1,618,777
1,616,777
1,618,767
1,619,762
1,616,786
1,617,767
1,623,780
1,614,762
1,620,775
1,623,762
1,617,772
1,631,777
1,594,792
1,604,787
1,587,785
1,585,783
1,593,790
1,591,781
1,596,781
1,592,783
1,608,785
1,596,789
1,594,789
1,593,792
1,646,766
1,636,772
1,649,763
1,636,775
1,637,781
1,649,772
1,634,769
1,639,768
1,636,766
1,638,765
1,646,770
1,640,772
1,594,765
1,604,757
1,602,761
1,599,757
1,598,762
1,606,753
1,589,761
1,600,749
1,605,757
1,601,765
1,594,749
1,593,768
1,613,1292
1,614,1291
1,624,1243
1,627,1289
1,596,1233
1,624,1230
1,620,1232
1,651,1357
1,609,1262
1,630,1239
1,640,1294
1,617,1248
1,591,1233
1,581,1233
1,613,1288
1,635,1329
1,586,1234
1,593,1236
1,614,1262
1,618,1247
1,635,1279
1,608,1234
1,604,1263
1,612,1235
1,623,1236
1,617,1221
1,615,1224
1,608,1226
1,616,1226
1,622,1230
1,620,1219
1,616,1229
1,616,1225
1,606,1227
1,612,1233
1,650,1355
1,644,1354
1,649,1347
1,644,1358
1,640,1345
1,642,1355
1,651,1361
1,648,1361
1,640,1351
1,644,1346
1,646,1348
1,641,1342
1,627,1290
1,633,1293
1,629,1296
1,628,1294
1,626,1291
1,630,1295
1,627,1296
1,633,1300
1,628,1286
1,634,1293
1,638,1301
1,637,1296
1,655,1363
1,644,1359
1,653,1359
1,652,1360
1,651,1364
1,656,1365
1,644,1365
1,649,1365
1,652,1368
1,646,1361
1,649,1367
1,648,1364
1,660,1012
1,618,1008
1,644,994
1,636,1026
1,652,1015
1,633,1027
1,634,1016
1,631,999
1,658,1010
1,627,1013
1,666,1033
1,641,1016
1,624,1016
1,605,1006
1,645,996
1,654,999
1,666,1010
1,657,1004
1,643,1008
1,647,1000
1,643,1003
1,651,997
1,664,1003
1,655,1013
1,651,1006
1,660,1000
1,622,995
1,627,996
1,617,997
1,617,1006
1,634,999
1,615,996
1,619,993
1,619,999
1,624,1000
1,625,995
1,619,998
1,621,991
1,636,991
1,645,990
1,644,989
1,652,996
1,634,988
1,638,990
1,646,1000
1,632,990
1,650,999
1,652,1000
1,633,987
1,646,995
1,637,1000
1,633,996
1,632,1001
1,623,997
1,634,997
1,632,1003
1,641,995
1,634,998
1,641,1001
1,631,1000
1,634,1000
1,641,999
1,633,1073
1,623,1066
1,637,1048
1,619,1076
1,621,1050
1,629,1061
1,644,1040
1,629,1042
1,653,1044
1,662,1045
1,644,1070
1,618,1079
1,637,1154
1,638,1152
1,633,1143
1,634,1149
1,633,1153
1,638,1153
1,634,1150
1,633,1147
1,635,1154
1,637,1152
1,636,1152
1,636,1149
1,626,1056
1,635,1046
1,635,1050
1,646,1054
1,632,1060
1,632,1053
1,628,1040
1,629,1045
1,628,1043
1,630,1053
1,634,1061
1,626,1052
1,635,1125
1,636,1122
1,630,1123
1,635,1131
1,633,1125
1,633,1121
1,635,1132
1,632,1123
1,630,1118
1,634,1131
1,635,1130
1,635,1129
1,624,1066
1,620,1068
1,631,1069
1,625,1070
1,620,1078
1,618,1067
1,618,1064
1,629,1078
1,623,1066
1,628,1075
1,622,1073
1,630,1075
1,720,266
1,741,369
1,679,322
1,751,328
1,714,228
1,834,364
1,816,362
1,834,341
1,639,319
1,714,338
1,757,335
1,718,332
1,828,335
1,726,336
1,821,357
1,728,290
1,696,201
1,736,350
1,782,354
1,828,365
1,744,313
1,828,361
1,770,342
1,705,327
1,787,347
1,726,250
1,819,357
1,792,346
1,796,339
1,744,375
1,710,282
1,747,356
1,790,346
1,699,311
1,743,380
1,719,303
1,810,374
1,740,284
1,747,325
1,826,335
1,775,335
1,736,294
1,706,314
1,791,358
1,687,319
1,704,328
1,750,325
1,749,336
1,716,296
1,730,356
1,720,343
1,721,339
1,722,338
1,727,332
1,717,337
1,714,337
1,727,337
1,733,353
1,723,346
1,730,351
1,722,342
1,721,338
1,773,344
1,775,339
1,775,331
1,779,329
1,765,336
1,780,334
1,762,329
1,769,334
1,768,333
1,774,343
1,772,336
1,776,331
1,746,362
1,748,355
1,752,364
1,756,357
1,742,361
1,757,360
1,757,361
1,755,360
1,746,366
1,750,355
1,752,358
1,747,358
1,820,368
1,822,358
1,822,360
1,831,356
1,818,368
1,830,369
1,828,376
1,824,362
1,833,364
1,827,372
1,824,373
1,830,360
1,645,1190
1,680,1195
1,678,1189
1,661,1191
1,668,1181
1,653,1192
1,627,1182
1,651,1187
1,670,1167
1,680,1190
1,681,1190
1,668,1194
1,675,1180
1,686,1188
1,668,1196
1,677,1187
1,660,1188
1,684,1183
1,678,1185
1,676,1184
1,679,1187
1,665,1191
1,664,1192
1,660,1194
1,656,1185
1,662,1187
1,667,1192
1,659,1186
1,657,1191
1,658,1190
1,663,1194
1,662,1191
1,662,1189
1,658,1186
1,658,1180
1,651,1181
1,648,1188
1,657,1181
1,658,1172
1,646,1188
1,656,1186
1,649,1185
1,651,1173
1,654,1185
1,658,1179
1,668,1195
1,673,1184
1,670,1185
1,672,1193
1,671,1193
1,664,1179
1,668,1196
1,665,1187
1,670,1183
1,673,1194
1,672,1197
1,667,1185
1,726,514
1,698,417
1,719,477
1,752,558
1,705,496
1,752,522
1,743,574
1,718,522
1,692,464
1,709,501
1,727,529
1,706,504
1,667,429
1,661,411
1,701,495
1,716,425
1,663,422
1,720,497
1,745,576
1,663,465
1,745,558
1,714,513
1,697,406
1,723,533
1,692,443
1,669,454
1,684,432
1,741,479
1,674,460
1,737,482
1,675,480
1,702,489
1,665,450
1,750,567
1,746,567
1,741,486
1,740,539
1,705,520
1,685,492
1,673,471
1,638,438
1,759,564
1,681,446
1,734,499
1,692,494
1,697,507
1,716,497
1,671,450
1,684,455
1,708,406
1,701,439
1,682,461
1,665,419
1,707,511
1,649,451
1,693,484
1,659,451
1,753,535
1,722,506
1,722,435
1,727,439
1,726,441
1,720,449
1,726,443
1,715,441
1,721,435
1,725,438
1,721,433
1,726,436
1,728,434
1,723,439
1,707,438
1,703,432
1,702,434
1,705,431
1,713,440
1,700,439
1,700,433
1,700,438
1,705,444
1,706,426
1,694,429
1,694,426
1,661,423
1,668,422
1,669,425
1,662,424
1,673,420
1,672,429
1,660,422
1,667,421
1,666,408
1,665,423
1,669,421
1,670,412
1,676,443
1,683,451
1,689,434
1,686,449
1,688,447
1,688,450
1,691,454
1,684,445
1,693,450
1,694,439
1,687,443
1,682,437
1,672,699
1,652,697
1,670,695
1,691,643
1,723,659
1,669,697
1,681,702
1,646,710
1,710,660
1,683,651
1,679,662
1,711,648
1,664,706
1,638,698
1,637,704
1,697,678
1,669,682
1,689,698
1,670,692
1,714,629
1,692,696
1,672,729
1,726,669
1,710,664
1,690,685
1,693,626
1,664,684
1,718,639
1,736,669
1,730,650
1,735,650
1,732,648
1,730,648
1,734,657
1,729,648
1,732,651
1,718,644
1,731,650
1,729,640
1,735,655
1,728,652
1,722,633
1,713,634
1,716,631
1,719,627
1,712,637
1,704,637
1,715,623
1,717,628
1,716,634
1,715,642
1,715,638
1,711,644
1,736,670
1,721,669
1,730,670
1,728,668
1,726,673
1,719,672
1,728,679
1,724,668
1,733,675
1,722,674
1,725,676
1,734,670
1,721,674
1,720,669
1,719,668
1,723,662
1,721,675
1,713,671
1,720,665
1,715,661
1,707,676
1,730,658
1,715,662
1,714,676
1,676,787
1,673,801
1,657,817
1,675,761
1,699,817
1,713,731
1,676,794
1,705,807
1,711,761
1,670,765
1,704,730
1,700,798
1,723,747
1,690,809
1,710,732
1,695,752
1,697,808
1,693,751
1,701,781
1,684,811
1,705,804
1,694,806
1,681,811
1,688,801
1,673,798
1,689,808
1,678,799
1,698,808
1,688,798
1,695,800
1,692,820
1,687,803
1,682,811
1,683,781
1,688,771
1,678,786
1,684,783
1,685,785
1,686,775
1,674,775
1,679,779
1,681,775
1,684,787
1,687,777
1,687,774
1,694,739
1,684,744
1,688,744
1,697,747
1,681,745
1,700,738
1,686,743
1,694,748
1,695,742
1,689,746
1,695,740
1,706,733
1,684,766
1,686,769
1,674,778
1,678,769
1,678,767
1,669,783
1,673,770
1,687,777
1,669,775
1,670,775
1,679,780
1,672,774
1,684,1352
1,676,1360
1,675,1333
1,683,1355
1,682,1316
1,687,1313
1,687,1331
1,695,1326
1,685,1298
1,679,1319
1,679,1348
1,688,1306
1,696,1314
1,730,1276
1,684,1355
1,674,1355
1,742,1261
1,742,1265
1,744,1263
1,745,1260
1,740,1264
1,741,1264
1,743,1261
1,747,1259
1,733,1274
1,742,1266
1,746,1261
1,736,1267
1,721,1279
1,724,1284
1,729,1285
1,719,1279
1,723,1290
1,720,1279
1,722,1284
1,720,1287
1,716,1286
1,724,1294
1,718,1283
1,730,1287
1,688,1302
1,683,1299
1,676,1312
1,681,1299
1,675,1310
1,679,1315
1,688,1306
1,686,1311
1,674,1323
1,685,1298
1,687,1298
1,679,1304
1,723,1306
1,712,1300
1,712,1309
1,714,1304
1,733,1305
1,721,1312
1,732,1306
1,727,1309
1,716,1304
1,712,1311
1,724,1296
1,718,1304
1,742,1352
1,711,1385
1,696,1360
1,694,1363
1,748,1357
1,725,1363
1,726,1353
1,705,1377
1,714,1362
1,757,1359
1,707,1388
1,677,1387
1,701,1372
1,760,1362
1,702,1368
1,712,1356
1,704,1364
1,717,1367
1,711,1360
1,708,1359
1,704,1361
1,708,1369
1,719,1364
1,706,1375
1,712,1369
1,702,1375
1,733,1375
1,735,1364
1,734,1359
1,737,1368
1,741,1373
1,735,1366
1,738,1365
1,737,1360
1,731,1367
1,733,1363
1,741,1369
1,732,1367
1,718,1365
1,738,1368
1,733,1368
1,724,1377
1,740,1365
1,729,1368
1,729,1365
1,723,1374
1,727,1378
1,724,1381
1,732,1374
1,731,1377
1,714,1371
1,712,1366
1,706,1367
1,698,1361
1,692,1368
1,704,1360
1,698,1366
1,695,1369
1,702,1370
1,701,1366
1,707,1354
1,708,1362
1,719,1192
1,737,1219
1,702,1260
1,719,1205
1,737,1205
1,716,1208
1,728,1141
1,722,1196
1,752,1136
1,736,1163
1,725,1210
1,725,1159
1,735,1157
1,747,1200
1,726,1200
1,737,1179
1,718,1232
1,711,1232
1,725,1185
1,716,1240
1,732,1216
1,744,1133
1,726,1137
1,745,1132
1,725,1138
1,740,1132
1,742,1130
1,742,1133
1,743,1126
1,738,1137
1,736,1135
1,732,1132
1,737,1138
1,728,1196
1,723,1196
1,731,1181
1,716,1193
1,730,1198
1,725,1196
1,719,1188
1,722,1180
1,726,1178
1,714,1192
1,722,1190
1,723,1203
1,729,1213
1,733,1215
1,727,1218
1,724,1207
1,735,1201
1,730,1212
1,725,1215
1,725,1216
1,721,1220
1,726,1217
1,728,1214
1,732,1222
1,738,1132
1,735,1124
1,743,1129
1,736,1135
1,744,1139
1,735,1144
1,735,1130
1,737,1142
1,734,1136
1,745,1127
1,736,1133
1,726,1134
1,745,1056
1,739,1077
1,734,1035
1,733,1054
1,743,1066
1,731,1069
1,775,1052
1,771,1034
1,800,1056
1,784,1053
1,759,1072
1,760,1075
1,746,1059
1,772,1057
1,734,1032
1,745,1032
1,777,1066
1,754,1081
1,759,1084
1,759,1078
1,762,1065
1,746,1077
1,762,1082
1,746,1071
1,756,1077
1,757,1082
1,752,1068
1,750,1078
1,766,1073
1,737,1034
1,736,1030
1,742,1029
1,737,1027
1,729,1026
1,731,1030
1,744,1039
1,734,1027
1,732,1030
1,739,1045
1,735,1032
1,735,1033
1,749,1072
1,745,1075
1,744,1078
1,744,1077
1,753,1071
1,748,1073
1,750,1075
1,743,1079
1,740,1072
1,747,1069
1,753,1058
1,733,1070
1,772,1071
1,780,1065
1,763,1064
1,767,1068
1,762,1068
1,772,1064
1,773,1067
1,768,1069
1,778,1063
1,775,1069
1,771,1071
1,770,1068
1,770,1002
1,749,999
1,797,1027
1,780,1020
1,745,1003
1,762,1006
1,774,1003
1,770,1002
1,736,1012
1,742,1019
1,746,1016
1,803,1026
1,780,1027
1,785,1015
1,801,1020
1,787,1023
1,788,1022
1,782,1016
1,792,1015
1,793,1026
1,792,1019
1,797,1026
1,790,1022
1,794,1023
1,780,1014
1,781,1014
1,789,1012
1,778,1011
1,783,1020
1,775,1010
1,777,1016
1,785,1020
1,783,1014
1,789,1009
1,789,1021
1,786,1008
1,790,974
1,792,970
1,787,982
1,790,972
1,789,977
1,789,973
1,787,978
1,784,989
1,791,972
1,787,976
1,789,978
1,789,976
1,773,1023
1,765,1023
1,761,1030
1,766,1022
1,768,1031
1,766,1027
1,770,1022
1,765,1025
1,772,1029
1,776,1021
1,779,1026
1,760,1027
1,771,779
1,849,707
1,810,750
1,815,780
1,787,792
1,750,719
1,810,789
1,846,722
1,768,794
1,816,796
1,751,727
1,803,679
1,802,693
1,824,794
1,773,757
1,733,735
1,776,795
1,805,704
1,723,786
1,819,733
1,754,685
1,796,781
1,823,749
1,805,782
1,777,799
1,831,747
1,748,757
1,844,736
1,809,792
1,840,713
1,773,657
1,766,738
1,748,816
1,759,738
1,745,671
1,834,783
1,748,777
1,824,772
1,740,719
1,741,752
1,734,730
1,744,762
1,843,798
1,802,790
1,773,660
1,816,705
1,760,733
1,739,716
1,796,708
1,791,738
1,817,710
1,784,706
1,804,789
1,741,761
1,749,787
1,726,777
1,823,723
1,781,790
1,812,695
1,737,773
1,777,676
1,808,703
1,838,719
1,732,770
1,817,726
1,837,801
1,793,772
1,759,743
1,791,690
1,759,739
1,752,677
1,778,792
1,820,790
1,855,760
1,756,794
1,803,788
1,743,789
1,763,717
1,756,663
1,734,781
1,811,754
1,749,828
1,849,719
1,850,721
1,850,715
1,840,712
1,842,726
1,851,728
1,848,722
1,848,709
1,846,724
1,844,717
1,854,723
1,844,715
1,830,704
1,829,711
1,826,708
1,833,719
1,818,702
1,819,699
1,812,717
1,820,705
1,830,718
1,815,701
1,819,710
1,811,708
1,749,749
1,755,754
1,752,753
1,746,747
1,762,752
1,755,761
1,745,747
1,753,752
1,751,749
1,753,755
1,743,751
1,762,747
1,774,695
1,771,702
1,774,694
1,781,712
1,767,699
1,766,704
1,763,702
1,776,705
1,769,696
1,767,704
1,780,692
1,771,697
1,777,848
1,799,889
1,778,879
1,843,908
1,864,910
1,765,885
1,795,856
1,789,867
1,831,899
1,869,918
1,760,884
1,842,904
1,861,902
1,790,864
1,787,862
1,779,897
1,774,857
1,841,881
1,810,894
1,750,861
1,871,902
1,783,912
1,844,906
1,801,915
1,790,869
1,794,886
1,861,918
1,786,904
1,828,912
1,762,870
1,821,873
1,742,859
1,822,881
1,834,880
1,840,882
1,832,881
1,823,881
1,839,882
1,833,881
1,822,882
1,835,883
1,830,886
1,829,878
1,819,891
1,865,919
1,852,906
1,853,906
1,844,918
1,852,916
1,854,910
1,856,921
1,847,913
1,847,903
1,863,912
1,859,916
1,854,917
1,753,876
1,767,876
1,755,885
1,755,866
1,769,877
1,758,873
1,756,869
1,769,870
1,761,869
1,763,870
1,757,871
1,763,868
1,758,873
1,763,861
1,762,873
1,765,858
1,765,869
1,750,871
1,761,860
1,772,873
1,762,866
1,756,861
1,769,872
1,755,863
1,783,1105
1,792,1149
1,830,1102
1,778,1125
1,806,1141
1,787,1121
1,753,1115
1,790,1098
1,780,1112
1,797,1136
1,807,1118
1,774,1147
1,801,1114
1,779,1098
1,774,1125
1,770,1156
1,783,1087
1,781,1139
1,770,1111
1,788,1162
1,779,1114
1,789,1150
1,772,1099
1,763,1099
1,765,1114
1,814,1144
1,807,1129
1,801,1138
1,786,1134
1,803,1135
1,812,1136
1,793,1135
1,800,1122
1,803,1141
1,801,1145
1,799,1144
1,802,1140
1,812,1132
1,829,1094
1,829,1096
1,829,1093
1,815,1101
1,815,1096
1,826,1094
1,827,1093
1,826,1095
1,823,1095
1,823,1094
1,825,1104
1,825,1106
1,767,1136
1,775,1129
1,770,1143
1,766,1131
1,767,1129
1,764,1139
1,767,1123
1,774,1130
1,763,1123
1,768,1138
1,777,1141
1,779,1124
1,796,1124
1,794,1119
1,803,1122
1,800,1114
1,808,1113
1,795,1125
1,785,1112
1,804,1121
1,797,1109
1,783,1114
1,801,1106
1,788,1118
1,782,1274
1,755,1302
1,748,1298
1,770,1347
1,779,1375
1,735,1309
1,775,1269
1,786,1293
1,742,1320
1,811,1275
1,766,1320
1,785,1272
1,739,1332
1,774,1298
1,775,1278
1,779,1271
1,793,1319
1,749,1315
1,765,1303
1,768,1277
1,739,1312
1,779,1317
1,748,1343
1,788,1319
1,792,1318
1,787,1307
1,793,1310
1,790,1320
1,784,1323
1,790,1315
1,794,1318
1,794,1313
1,793,1321
1,795,1317
1,786,1325
1,774,1295
1,766,1279
1,773,1270
1,779,1279
1,775,1291
1,763,1285
1,774,1293
1,765,1292
1,776,1283
1,775,1285
1,777,1279
1,766,1290
1,784,1324
1,777,1308
1,779,1324
1,782,1318
1,778,1313
1,788,1317
1,784,1320
1,785,1307
1,777,1323
1,779,1311
1,775,1318
1,775,1322
1,785,1267
1,785,1273
1,795,1271
1,794,1269
1,792,1266
1,786,1274
1,790,1280
1,790,1266
1,796,1270
1,803,1274
1,797,1275
1,777,1261
1,913,764
1,877,735
1,870,721
1,875,767
1,897,738
1,870,790
1,878,747
1,886,719
1,913,799
1,860,822
1,820,850
1,893,685
1,892,732
1,903,818
1,900,760
1,858,647
1,896,790
1,907,824
1,898,755
1,910,793
1,906,829
1,863,828
1,884,717
1,900,783
1,909,736
1,911,770
1,863,808
1,842,815
1,874,752
1,870,677
1,894,691
1,906,807
1,833,850
1,921,827
1,888,673
1,854,829
1,846,820
1,892,754
1,914,832
1,847,822
1,885,803
1,871,683
1,860,830
1,874,716
1,853,663
1,835,830
1,894,759
1,832,840
1,871,786
1,902,801
1,891,683
1,886,701
1,891,691
1,893,812
1,839,817
1,873,813
1,855,652
1,897,786
1,874,835
1,874,831
1,866,840
1,862,833
1,862,830
1,855,833
1,862,838
1,867,838
1,877,832
1,868,837
1,873,837
1,870,830
1,882,796
1,884,795
1,879,796
1,887,798
1,883,794
1,887,810
1,885,802
1,882,805
1,883,804
1,884,804
1,879,804
1,886,794
1,882,706
1,883,692
1,874,699
1,875,702
1,872,710
1,880,707
1,874,712
1,890,711
1,870,704
1,877,697
1,880,699
1,879,703
1,896,819
1,893,816
1,881,816
1,889,817
1,884,821
1,888,825
1,885,813
1,896,816
1,888,818
1,888,815
1,880,810
1,896,809
1,823,947
1,882,1055
1,824,975
1,830,1035
1,827,956
1,841,974
1,862,1046
1,859,1050
1,864,957
1,837,979
1,835,1043
1,840,1029
1,854,1044
1,807,974
1,824,981
1,880,1054
1,851,1009
1,807,980
1,812,1006
1,838,1000
1,806,998
1,869,1036
1,814,1016
1,849,1010
1,858,960
1,814,962
1,847,980
1,839,1002
1,840,1025
1,830,952
1,871,1033
1,828,951
1,821,955
1,830,951
1,834,961
1,826,957
1,831,941
1,831,959
1,828,948
1,826,960
1,838,952
1,832,961
1,829,960
1,800,988
1,804,992
1,799,997
1,799,986
1,807,987
1,792,992
1,799,992
1,801,989
1,806,989
1,793,994
1,796,1001
1,797,988
1,805,987
1,806,984
1,811,998
1,817,997
1,808,980
1,811,987
1,811,995
1,831,983
1,820,981
1,820,998
1,823,988
1,826,989
1,836,1036
1,832,1018
1,830,1030
1,831,1016
1,825,1030
1,830,1024
1,836,1028
1,836,1013
1,834,1032
1,822,1022
1,833,1015
1,839,1026
1,889,1215
1,894,1188
1,897,1172
1,856,1217
1,917,1198
1,886,1229
1,899,1214
1,896,1199
1,901,1188
1,878,1211
1,879,1201
1,892,1185
1,826,1263
1,876,1192
1,908,1196
1,849,1222
1,899,1205
1,928,1202
1,879,1218
1,927,1194
1,845,1225
1,893,1202
1,861,1207
1,886,1193
1,884,1206
1,892,1201
1,882,1199
1,874,1203
1,890,1201
1,874,1201
1,895,1194
1,876,1211
1,882,1209
1,883,1201
1,887,1203
1,860,1220
1,861,1204
1,872,1216
1,862,1223
1,863,1205
1,861,1212
1,869,1212
1,870,1205
1,868,1217
1,861,1214
1,865,1210
1,872,1213
1,830,1249
1,831,1241
1,834,1245
1,828,1234
1,834,1241
1,829,1245
1,835,1240
1,826,1244
1,824,1246
1,828,1250
1,836,1246
1,819,1248
1,873,1229
1,885,1251
1,869,1235
1,879,1230
1,883,1245
1,877,1245
1,877,1241
1,871,1241
1,875,1231
1,879,1223
1,874,1229
1,884,1243
1,920,211
1,877,222
1,882,255
1,942,173
1,848,243
1,878,196
1,944,178
1,864,220
1,846,249
1,878,164
1,836,209
1,917,202
1,895,232
1,919,202
1,855,234
1,879,171
1,864,206
1,889,219
1,831,225
1,878,241
1,847,238
1,893,232
1,935,171
1,853,177
1,878,193
1,918,179
1,898,250
1,888,150
1,877,207
1,892,243
1,889,234
1,874,191
1,864,242
1,946,175
1,960,171
1,825,207
1,888,258
1,870,165
1,894,200
1,842,203
1,831,206
1,911,167
1,882,261
1,844,169
1,901,242
1,952,178
1,899,180
1,896,237
1,909,176
1,856,205
1,901,236
1,913,209
1,855,223
1,873,176
1,871,168
1,873,158
1,874,163
1,866,166
1,881,167
1,867,167
1,884,172
1,882,170
1,871,166
1,873,167
1,885,170
1,890,202
1,893,207
1,879,193
1,901,207
1,887,216
1,909,211
1,894,197
1,880,207
1,890,211
1,898,206
1,893,206
1,892,202
1,839,177
1,840,186
1,840,175
1,843,168
1,843,176
1,847,181
1,842,184
1,837,185
1,847,171
1,835,184
1,842,177
1,837,181
1,888,221
1,873,212
1,887,213
1,885,218
1,892,222
1,881,206
1,874,215
1,889,220
1,882,220
1,884,204
1,881,216
1,887,211
1,868,1349
1,875,1350
1,865,1382
1,843,1361
1,872,1386
1,894,1329
1,848,1354
1,886,1388
1,869,1342
1,851,1362
1,878,1321
1,895,1322
1,877,1384
1,851,1366
1,852,1362
1,838,1379
1,880,1338
1,928,1385
1,880,1339
1,901,1372
1,889,1336
1,897,1371
1,893,1374
1,890,1366
1,897,1373
1,895,1375
1,888,1366
1,897,1369
1,893,1369
1,889,1361
1,889,1363
1,892,1380
1,886,1372
1,881,1369
1,879,1389
1,895,1390
1,885,1378
1,881,1390
1,875,1389
1,884,1384
1,887,1385
1,885,1384
1,890,1383
1,871,1383
1,877,1387
1,882,1390
1,890,1338
1,888,1323
1,891,1337
1,888,1335
1,890,1335
1,892,1343
1,896,1322
1,893,1333
1,897,1328
1,895,1324
1,897,1332
1,894,1334
1,860,1372
1,870,1369
1,860,1355
1,863,1367
1,849,1364
1,851,1357
1,863,1355
1,862,1354
1,859,1360
1,870,1357
1,868,1371
1,852,1359
1,936,1061
1,908,1047
1,908,1125
1,937,1107
1,860,1123
1,907,1079
1,909,1102
1,924,1067
1,863,1149
1,927,1060
1,918,1085
1,887,1084
1,891,1142
1,885,1120
1,905,1096
1,867,1123
1,899,1106
1,887,1121
1,874,1115
1,915,1031
1,901,1134
1,918,1083
1,903,1078
1,852,1116
1,904,1034
1,911,1085
1,928,1062
1,921,1095
1,926,1107
1,925,1108
1,931,1103
1,929,1106
1,917,1106
1,942,1107
1,924,1099
1,928,1105
1,928,1109
1,938,1107
1,917,1112
1,919,1034
1,918,1038
1,918,1037
1,925,1044
1,914,1032
1,918,1028
1,907,1045
1,914,1041
1,924,1039
1,922,1044
1,927,1043
1,921,1037
1,925,1093
1,919,1083
1,924,1081
1,921,1087
1,929,1072
1,925,1070
1,926,1082
1,917,1076
1,920,1086
1,925,1075
1,921,1078
1,918,1086
1,888,1118
1,892,1114
1,885,1109
1,885,1110
1,886,1118
1,883,1102
1,886,1108
1,878,1122
1,885,1125
1,884,1120
1,891,1122
1,882,1123
1,933,889
1,881,886
1,899,882
1,891,868
1,960,838
1,955,876
1,885,862
1,930,857
1,901,899
1,958,879
1,963,846
1,960,860
1,917,875
1,924,881
1,935,859
1,925,874
1,929,902
1,903,895
1,985,836
1,979,861
1,978,866
1,880,876
1,906,873
1,964,872
1,963,844
1,982,838
1,904,902
1,899,924
1,914,869
1,983,838
1,902,904
1,936,875
1,946,847
1,954,869
1,952,863
1,953,861
1,948,862
1,945,870
1,943,863
1,941,856
1,944,854
1,942,866
1,947,866
1,948,857
1,946,872
1,972,859
1,985,857
1,979,857
1,980,861
1,991,866
1,982,859
1,984,867
1,989,858
1,980,852
1,978,867
1,976,855
1,980,856
1,931,864
1,923,859
1,934,862
1,934,859
1,925,859
1,933,872
1,928,863
1,926,859
1,926,860
1,925,868
1,933,862
1,925,863
1,962,848
1,959,846
1,960,847
1,959,839
1,957,840
1,968,838
1,957,849
1,964,844
1,956,839
1,959,841
1,953,843
1,958,839
1,916,981
1,975,907
1,990,936
1,993,954
1,944,966
1,965,941
1,937,972
1,1007,948
1,950,929
1,895,1013
1,999,932
1,965,911
1,945,987
1,994,938
1,963,911
1,935,948
1,936,939
1,944,1003
1,982,954
1,1002,961
1,947,980
1,977,919
1,1005,949
1,984,936
1,966,935
1,965,906
1,941,990
1,923,974
1,992,955
1,936,978
1,974,944
1,941,945
1,975,961
1,950,965
1,922,951
1,956,992
1,903,989
1,946,947
1,951,931
1,942,946
1,947,948
1,937,933
1,948,949
1,945,941
1,942,958
1,946,936
1,949,948
1,943,956
1,944,940
1,898,996
1,903,993
1,898,999
1,897,1010
1,907,993
1,904,1001
1,914,987
1,908,996
1,904,989
1,895,1011
1,905,995
1,906,995
1,950,920
1,957,911
1,950,927
1,957,905
1,962,921
1,968,910
1,955,918
1,949,919
1,952,922
1,959,923
1,963,909
1,964,913
1,904,996
1,905,997
1,901,991
1,915,993
1,903,999
1,907,989
1,901,999
1,904,988
1,912,996
1,899,1004
1,911,996
1,900,998
1,980,1271
1,953,1243
1,1017,1205
1,949,1261
1,1015,1176
1,1007,1186
1,978,1231
1,988,1231
1,970,1150
1,1006,1215
1,989,1208
1,1028,1180
1,966,1180
1,977,1300
1,1010,1192
1,976,1269
1,973,1159
1,1005,1164
1,951,1248
1,970,1249
1,972,1278
1,956,1243
1,946,1243
1,1039,1181
1,962,1220
1,983,1289
1,973,1285
1,969,1225
1,990,1189
1,980,1167
1,1013,1201
1,1037,1178
1,954,1270
1,969,1192
1,973,1264
1,953,1270
1,964,1216
1,1036,1191
1,1011,1179
1,972,1166
1,1022,1205
1,1033,1176
1,966,1143
1,992,1334
1,958,1275
1,989,1215
1,991,1191
1,997,1201
1,990,1193
1,982,1203
1,993,1201
1,991,1198
1,984,1204
1,989,1192
1,983,1208
1,995,1202
1,986,1209
1,963,1278
1,956,1270
1,962,1266
1,967,1267
1,966,1273
1,963,1267
1,958,1274
1,954,1268
1,961,1273
1,966,1271
1,964,1280
1,959,1261
1,974,1194
1,976,1191
1,986,1205
1,971,1202
1,975,1194
1,982,1184
1,976,1203
1,987,1194
1,971,1191
1,971,1196
1,970,1192
1,976,1193
1,981,1155
1,975,1156
1,980,1156
1,988,1166
1,983,1156
1,977,1152
1,980,1161
1,973,1157
1,982,1154
1,972,1156
1,989,1169
1,974,1157
1,940,764
1,1003,803
1,952,775
1,950,764
1,949,804
1,931,775
1,1004,786
1,936,800
1,950,775
1,935,766
1,1003,765
1,940,802
1,978,769
1,985,777
1,1003,775
1,1005,783
1,942,773
1,977,787
1,976,783
1,939,792
1,979,766
1,949,797
1,1001,779
1,936,751
1,929,756
1,942,753
1,928,748
1,934,758
1,929,747
1,928,754
1,934,754
1,937,756
1,930,760
1,938,758
1,925,758
1,945,805
1,947,796
1,940,797
1,943,796
1,943,803
1,948,797
1,943,799
1,934,799
1,945,799
1,946,807
1,949,791
1,943,798
1,955,806
1,961,810
1,960,810
1,955,807
1,958,813
1,970,802
1,962,808
1,963,807
1,949,805
1,965,805
1,961,807
1,955,813
1,1012,799
1,1005,800
1,1019,805
1,1016,800
1,1009,799
1,1013,802
1,1020,791
1,1007,787
1,1010,804
1,1009,804
1,1015,807
1,1017,808
1,953,419
1,1001,436
1,960,434
1,1000,448
1,980,460
1,952,421
1,1037,424
1,983,483
1,971,452
1,959,457
1,966,432
1,1011,441
1,976,472
1,983,471
1,1013,424
1,942,444
1,1013,413
1,1026,429
1,1000,406
1,947,455
1,966,426
1,937,460
1,1002,448
1,1005,423
1,953,445
1,942,460
1,1022,412
1,1039,428
1,976,443
1,1003,458
1,969,440
1,985,470
1,988,463
1,991,469
1,990,480
1,993,471
1,991,470
1,980,471
1,977,472
1,986,467
1,988,476
1,985,478
1,992,466
1,988,446
1,991,437
1,1000,440
1,995,442
1,994,446
1,997,441
1,999,440
1,998,445
1,993,436
1,992,453
1,981,441
1,989,452
1,969,397
1,970,404
1,968,404
1,964,398
1,960,409
1,967,401
1,966,402
1,957,410
1,962,407
1,968,405
1,962,411
1,967,405
1,972,446
1,973,459
1,980,451
1,981,455
1,981,456
1,978,450
1,980,464
1,981,445
1,975,456
1,988,456
1,985,465
1,980,448
1,1001,486
1,976,505
1,933,515
1,962,536
1,993,567
1,974,498
1,1014,577
1,1037,502
1,977,521
1,990,508
1,1001,536
1,981,535
1,1015,579
1,991,573
1,990,501
1,982,488
1,956,528
1,990,574
1,979,511
1,993,504
1,978,526
1,967,529
1,933,525
1,1005,492
1,1023,578
1,997,595
1,1006,587
1,1012,504
1,967,555
1,933,524
1,999,524
1,998,521
1,971,540
1,1008,531
1,994,525
1,987,532
1,1008,505
1,1022,559
1,972,534
1,964,524
1,1033,498
1,996,500
1,1015,547
1,1011,530
1,1020,528
1,1025,529
1,1021,533
1,1022,524
1,1019,530
1,1011,534
1,1023,530
1,1015,521
1,1024,531
1,1018,532
1,1020,537
1,1023,518
1,952,522
1,962,537
1,949,524
1,951,534
1,954,529
1,945,527
1,967,540
1,955,531
1,967,531
1,954,528
1,949,528
1,958,532
1,1016,479
1,1025,489
1,1017,486
1,1015,480
1,1020,479
1,1024,487
1,1016,485
1,1025,488
1,1019,487
1,1019,482
1,1002,482
1,1025,497
1,997,519
1,1000,520
1,998,527
1,1009,523
1,1009,530
1,1012,511
1,1011,525
1,1010,510
1,1009,513
1,1000,518
1,1011,518
1,1000,510
1,1000,1114
1,1036,1094
1,1023,1127
1,1030,1095
1,1034,1055
1,1021,1103
1,1028,1123
1,1025,1059
1,1028,1092
1,1014,1088
1,1009,1110
1,1035,1071
1,1029,1036
1,1013,1116
1,1035,1097
1,1013,1124
1,1015,1084
1,1016,1096
1,1013,1082
1,1011,1089
1,1017,1091
1,1023,1090
1,1021,1094
1,1004,1092
1,1011,1092
1,1013,1094
1,1021,1095
1,1005,1092
1,1030,1031
1,1033,1044
1,1031,1031
1,1034,1054
1,1029,1038
1,1028,1025
1,1024,1051
1,1026,1039
1,1029,1027
1,1022,1049
1,1024,1025
1,1034,1043
1,1039,1065
1,1038,1068
1,1032,1054
1,1029,1066
1,1029,1059
1,1035,1055
1,1036,1051
1,1032,1060
1,1036,1068
1,1035,1062
1,1028,1062
1,1034,1062
1,1037,1072
1,1029,1077
1,1035,1075
1,1026,1094
1,1038,1073
1,1036,1075
1,1038,1071
1,1028,1076
1,1035,1071
1,1038,1083
1,1030,1082
1,1034,1073
1,1038,738
1,1036,734
1,1024,749
1,1001,735
1,1015,729
1,1004,733
1,1029,775
1,1037,730
1,1026,748
1,1018,739
1,1022,729
1,1031,728
1,1020,728
1,1023,727
1,1029,727
1,1034,725
1,1024,731
1,1020,725
1,1021,726
1,1023,729
1,1025,732
1,1014,761
1,1015,749
1,1018,747
1,1014,758
1,1028,766
1,1015,761
1,1011,755
1,1021,755
1,1011,756
1,1009,747
1,1021,769
1,1012,754
1,1021,731
1,1006,734
1,1015,726
1,1020,723
1,1018,724
1,1022,727
1,1022,730
1,1023,723
1,1019,731
1,1021,725
1,1024,733
1,1009,726
1,1034,735
1,1037,727
1,1035,729
1,1034,739
1,1033,732
1,1034,727
1,1028,732
1,1035,732
1,1030,730
1,1031,729
1,1036,736
1,1032,730
1,1028,1254
1,1019,1274
1,1020,1305
1,1017,1274
1,1028,1229
1,1034,1224
1,1021,1276
1,1034,1290
1,1038,1254
1,1039,1239
1,1031,1289
1,1032,1281
1,1035,1284
1,1030,1273
1,1034,1269
1,1033,1272
1,1027,1288
1,1038,1280
1,1032,1272
1,1034,1276
1,1029,1278
1,1031,1283
1,1014,1296
1,1006,1293
1,1011,1297
1,1012,1293
1,1008,1286
1,1023,1291
1,1008,1293
1,1007,1294
1,1010,1291
1,1012,1297
1,1014,1285
1,1011,1289
1,1037,1244
1,1030,1233
1,1034,1245
1,1034,1238
1,1036,1248
1,1029,1240
1,1028,1234
1,1031,1235
1,1025,1241
1,1028,1235
1,1025,1233
1,1035,1240
1,1030,1252
1,1023,1243
1,1036,1244
1,1035,1241
1,1026,1254
1,1030,1234
1,1023,1241
1,1024,1254
1,1024,1248
1,1027,1251
1,1030,1244
1,1031,1241
2,7,157
2,40,175
2,26,194
2,66,27
2,108,88
2,19,194
2,21,184
2,67,102
2,14,146
2,43,99
2,51,143
2,70,30
2,102,82
2,62,121
2,33,42
2,31,124
2,52,151
2,42,106
2,60,109
2,91,52
2,49,153
2,28,13
2,45,43
2,33,17
2,49,55
2,55,63
2,26,141
2,47,175
2,21,139
2,23,186
2,35,116
2,54,66
2,48,52
2,101,61
2,36,129
2,52,23
2,20,14
2,54,164
2,63,115
2,55,117
2,50,89
2,69,30
2,70,103
2,10,190
2,19,188
2,40,109
2,90,88
2,27,141
2,105,84
2,26,9
2,120,77
2,100,90
2,3,159
2,0,170
2,54,101
2,8,163
2,50,132
2,113,75
2,93,70
2,46,27
2,50,85
2,41,45
2,26,678
2,5,750
2,33,695
2,111,697
2,89,706
2,31,683
2,119,690
2,81,698
2,35,700
2,113,690
2,53,702
2,36,754
2,26,696
2,103,696
2,74,719
2,74,713
2,95,704
2,39,749
2,61,706
2,26,690
2,102,693
2,74,720
2,91,711
2,74,704
2,53,701
2,6,749
2,37,757
2,61,733
2,22,719
2,53,735
2,47,722
2,131,683
2,35,704
2,9,1209
2,6,1229
2,20,1193
2,6,1210
2,36,1230
2,37,1232
2,7,1212
2,29,1197
2,33,1201
2,1,1240
2,7,1238
2,7,1201
2,29,1234
2,7,1211
2,15,1305
2,15,1314
2,12,1300
2,2,1290
2,5,1308
2,9,1291
2,21,1353
2,22,1347
2,9,1370
2,6,1338
2,12,1328
2,7,1330
2,18,1339
2,13,1371
2,19,1321
2,14,1329
2,18,1354
2,13,1335
2,6,1342
2,10,65
2,9,67
2,13,78
2,1,97
2,5,68
2,5,64
2,6,86
2,22,65
2,17,68
2,76,188
2,63,242
2,6,239
2,36,280
2,159,245
2,72,202
2,170,217
2,63,206
2,170,199
2,132,247
2,74,232
2,164,251
2,70,147
2,99,139
2,165,255
2,75,200
2,179,176
2,97,228
2,13,318
2,60,235
2,97,143
2,65,237
2,62,214
2,184,232
2,94,223
2,146,249
2,90,226
2,71,141
2,35,258
2,16,322
2,14,237
2,31,262
2,169,200
2,138,184
2,180,243
2,140,245
2,92,135
2,177,230
2,112,167
2,90,131
2,82,175
2,74,234
2,182,173
2,73,198
2,177,246
2,106,154
2,16,319
2,81,224
2,14,299
2,22,315
2,38,267
2,70,231
2,75,140
2,164,177
2,175,243
2,19,308
2,83,168
2,143,249
2,113,227
2,173,225
2,146,243
2,171,179
2,20,318
2,82,128
2,123,236
2,104,167
2,75,177
2,167,183
2,51,220
2,109,168
2,41,251
2,101,167
2,143,223
2,143,236
2,144,184
2,31,297
2,149,198
2,91,154
2,66,1373
2,75,1369
2,18,1382
2,75,1375
2,66,1391
2,36,1350
2,70,1371
2,22,1389
2,73,1379
2,37,1357
2,41,1362
2,37,1375
2,30,1295
2,50,1278
2,49,1281
2,72,1310
2,96,1291
2,69,1263
2,47,1288
2,80,1304
2,85,1277
2,31,1340
2,55,1275
2,59,1314
2,27,1300
2,95,1294
2,56,1314
2,102,1291
2,28,1305
2,66,1269
2,58,1261
2,51,1250
2,87,1286
2,28,1297
2,87,1299
2,44,1254
2,56,1277
2,27,1308
2,72,1282
2,39,1304
2,38,1297
2,79,306
2,38,309
2,63,254
2,72,246
2,39,337
2,61,249
2,84,295
2,38,336
2,85,285
2,38,311
2,28,322
2,47,295
2,56,258
2,44,317
2,74,314
2,47,327
2,53,265
2,67,257
2,44,296
2,36,335
2,41,353
2,62,254
2,92,291
2,68,317
2,51,259
2,54,324
2,46,290
2,65,326
2,42,271
2,97,1322
2,54,1328
2,83,1358
2,65,1351
2,66,1351
2,65,1317
2,87,1354
2,52,1338
2,80,1315
2,45,1345
2,85,1361
2,89,1319
2,90,1329
2,43,1348
2,90,1311
2,95,1327
2,114,26
2,140,6
2,144,20
2,115,37
2,140,31
2,141,18
2,151,43
2,150,18
2,49,3
2,84,11
2,145,9
2,102,19
2,49,5
2,52,1
2,156,43
2,94,13
2,147,31
2,131,13
2,53,3
2,102,22
2,95,1183
2,101,1179
2,122,1198
2,99,1183
2,122,1213
2,90,1195
2,92,1181
2,100,1177
2,80,1205
2,81,1218
2,124,1187
2,121,1167
2,105,1234
2,122,1207
2,120,1200
2,71,1217
2,114,1163
2,123,1224
2,128,1205
2,95,1189
2,86,1200
2,104,1223
2,111,1168
2,127,1212
2,179,342
2,85,310
2,149,387
2,136,375
2,165,358
2,157,387
2,79,313
2,107,365
2,100,315
2,147,385
2,140,377
2,168,339
2,170,338
2,172,343
2,162,382
2,163,361
2,101,319
2,124,336
2,157,330
2,86,315
2,87,348
2,75,337
2,90,307
2,154,367
2,78,335
2,96,312
2,140,329
2,175,339
2,174,341
2,152,393
2,154,392
2,109,326
2,109,352
2,153,360
2,139,377
2,122,450
2,76,363
2,113,433
2,72,353
2,99,373
2,100,372
2,101,372
2,118,441
2,75,353
2,82,428
2,93,366
2,104,390
2,134,456
2,79,393
2,107,400
2,121,444
2,108,450
2,116,453
2,114,441
2,107,423
2,111,406
2,72,367
2,72,394
2,76,364
2,67,351
2,80,408
2,97,371
2,78,410
2,105,425
2,113,442
2,82,1363
2,79,1372
2,92,1375
2,104,1377
2,87,1386
2,86,1389
2,94,1391
2,78,1388
2,159,1185
2,179,1077
2,110,1131
2,199,1163
2,206,1111
2,200,1134
2,190,1073
2,192,1134
2,193,1134
2,108,1137
2,118,1147
2,138,1176
2,180,1071
2,183,1172
2,176,1179
2,159,1078
2,192,1146
2,121,1093
2,189,1074
2,148,1186
2,112,1103
2,162,1079
2,98,1115
2,162,1077
2,201,1160
2,128,1087
2,97,1106
2,166,1077
2,207,1122
2,121,1140
2,193,1138
2,138,1179
2,119,1099
2,139,1174
2,184,1169
2,161,1186
2,205,1109
2,94,1116
2,202,1078
2,134,1075
2,159,1071
2,173,1150
2,140,1125
2,201,1098
2,154,1072
2,162,1160
2,190,1152
2,139,1113
2,141,1312
2,98,1308
2,160,1304
2,112,1308
2,149,1279
2,169,1306
2,107,1303
2,182,1282
2,109,1299
2,133,1309
2,113,1311
2,118,1291
2,144,1276
2,183,1281
2,125,1306
2,90,1307
2,170,1296
2,120,1285
2,123,1311
2,167,1291
2,102,1053
2,141,1060
2,121,1021
2,146,1059
2,111,1027
2,122,1015
2,155,993
2,156,1051
2,163,1060
2,145,1055
2,114,1020
2,149,998
2,125,1018
2,153,998
2,158,1008
2,160,1044
2,141,1007
2,120,1021
2,125,1012
2,99,1054
2,117,1022
2,143,1061
2,161,1051
2,107,1036
2,148,1058
2,158,1036
2,140,626
2,156,562
2,166,619
2,190,604
2,174,600
2,163,630
2,139,586
2,143,558
2,148,629
2,113,598
2,142,572
2,139,557
2,146,638
2,104,601
2,162,572
2,141,575
2,141,558
2,131,604
2,118,589
2,187,602
2,193,607
2,119,591
2,179,624
2,178,615
2,167,591
2,111,586
2,140,573
2,116,603
2,150,635
2,114,599
2,153,610
2,134,269
2,122,321
2,159,289
2,120,324
2,151,257
2,141,312
2,149,259
2,115,318
2,126,320
2,145,252
2,149,254
2,127,284
2,161,280
2,142,259
2,113,304
2,134,284
2,134,271
2,154,275
2,131,274
2,147,259
2,148,416
2,115,380
2,145,410
2,142,455
2,143,399
2,113,384
2,132,386
2,128,424
2,122,399
2,123,403
2,123,438
2,158,456
2,162,446
2,143,452
2,114,381
2,139,396
2,135,391
2,115,400
2,153,457
2,148,446
2,131,503
2,126,490
2,190,497
2,227,512
2,166,470
2,186,493
2,210,480
2,169,474
2,208,481
2,136,464
2,193,492
2,214,481
2,219,512
2,222,519
2,132,496
2,230,488
2,158,500
2,135,498
2,203,503
2,174,498
2,156,465
2,172,501
2,141,502
2,205,500
2,144,498
2,160,468
2,184,478
2,191,477
2,178,500
2,128,492
2,212,504
2,156,467
2,233,515
2,121,1380
2,118,1385
2,115,1386
2,116,1383
2,217,154
2,197,180
2,194,120
2,246,137
2,203,117
2,195,125
2,209,174
2,178,115
2,205,186
2,131,104
2,155,118
2,225,150
2,147,121
2,140,115
2,244,133
2,212,124
2,146,99
2,225,159
2,148,97
2,170,111
2,200,117
2,154,105
2,180,121
2,244,131
2,226,154
2,218,127
2,202,122
2,240,139
2,247,132
2,174,138
2,244,153
2,190,119
2,161,113
2,165,131
2,216,118
2,184,1230
2,201,1258
2,195,1278
2,156,1260
2,169,1241
2,168,1272
2,153,1268
2,194,1270
2,164,1245
2,196,1230
2,203,1248
2,198,1266
2,138,1252
2,155,1259
2,145,1264
2,166,1245
2,183,1243
2,150,1254
2,190,826
2,140,693
2,161,722
2,185,820
2,159,717
2,213,756
2,177,775
2,169,791
2,215,742
2,168,726
2,171,778
2,168,785
2,209,771
2,167,728
2,174,818
2,214,754
2,201,731
2,140,680
2,180,716
2,173,748
2,152,694
2,177,782
2,136,690
2,204,729
2,183,711
2,213,749
2,210,742
2,159,716
2,212,759
2,211,764
2,220,743
2,169,773
2,212,756
2,196,718
2,212,750
2,209,786
2,144,699
2,166,817
2,169,805
2,166,730
2,184,742
2,205,758
2,194,827
2,163,315
2,195,265
2,173,271
2,194,267
2,208,324
2,198,263
2,170,300
2,163,314
2,224,287
2,207,266
2,174,275
2,182,275
2,228,303
2,182,329
2,205,327
2,209,326
2,165,318
2,181,334
2,233,300
2,170,296
2,222,314
2,182,339
2,171,297
2,225,286
2,167,283
2,200,275
2,184,12
2,172,12
2,165,19
2,185,18
2,168,16
2,172,16
2,176,14
2,169,10
2,219,971
2,170,950
2,210,975
2,202,994
2,165,986
2,190,950
2,171,998
2,186,988
2,162,968
2,180,948
2,181,937
2,199,962
2,173,947
2,210,971
2,183,936
2,160,981
2,176,950
2,203,979
2,234,978
2,171,1337
2,199,1343
2,177,1324
2,205,1335
2,186,1318
2,176,1347
2,197,1326
2,179,1342
2,200,1328
2,197,1328
2,179,1329
2,194,1301
2,186,42
2,273,74
2,288,39
2,370,3
2,379,24
2,297,73
2,357,28
2,208,70
2,372,32
2,260,48
2,239,51
2,322,23
2,203,75
2,375,3
2,343,43
2,334,41
2,201,72
2,211,53
2,185,45
2,379,10
2,211,68
2,251,70
2,372,17
2,362,28
2,338,47
2,272,66
2,305,29
2,202,49
2,371,9
2,213,73
2,388,22
2,326,49
2,368,9
2,194,61
2,373,26
2,185,48
2,220,71
2,284,69
2,226,73
2,322,28
2,271,47
2,234,74
2,277,75
2,277,67
2,302,72
2,286,67
2,261,47
2,254,68
2,317,45
2,288,42
2,300,54
2,245,69
2,238,1160
2,228,1172
2,238,1188
2,200,1221
2,205,1191
2,234,1164
2,239,1184
2,245,1198
2,219,1178
2,214,1236
2,203,1228
2,241,1188
2,232,1224
2,213,1242
2,237,1182
2,239,1211
2,237,1183
2,240,1165
2,235,1171
2,212,1175
2,209,1189
2,212,1210
2,226,1217
2,233,1358
2,235,1350
2,216,1336
2,260,1378
2,268,1386
2,255,1360
2,237,1314
2,241,1329
2,208,1304
2,203,1310
2,231,1315
2,240,1339
2,235,1359
2,203,1301
2,197,1295
2,236,1349
2,238,1355
2,256,1384
2,243,1350
2,243,1358
2,206,1335
2,220,1301
2,246,1351
2,239,1336
2,236,1388
2,245,1386
2,237,1375
2,234,1378
2,229,1361
2,232,1371
2,205,1375
2,207,1374
2,211,1388
2,204,1352
2,223,1384
2,229,1371
2,204,1367
2,210,236
2,295,290
2,226,268
2,209,244
2,269,283
2,299,268
2,270,233
2,263,281
2,253,273
2,276,241
2,261,213
2,213,265
2,265,228
2,203,232
2,302,280
2,239,208
2,257,209
2,231,212
2,220,260
2,302,253
2,279,288
2,256,209
2,205,230
2,208,238
2,271,279
2,241,211
2,211,229
2,236,207
2,256,235
2,266,239
2,258,222
2,218,263
2,230,270
2,260,658
2,287,602
2,279,635
2,225,705
2,213,718
2,233,737
2,267,684
2,297,591
2,226,740
2,239,688
2,264,626
2,226,703
2,306,573
2,273,660
2,278,684
2,274,625
2,230,737
2,264,646
2,282,563
2,277,610
2,301,591
2,269,646
2,219,737
2,240,724
2,278,675
2,263,637
2,297,569
2,207,708
2,286,569
2,260,663
2,278,648
2,273,670
2,272,645
2,241,686
2,228,697
2,272,626
2,275,671
2,286,576
2,288,555
2,289,572
2,246,680
2,249,701
2,224,735
2,285,601
2,261,641
2,277,648
2,213,1258
2,214,1288
2,245,1284
2,223,1255
2,238,1262
2,248,1293
2,218,1258
2,231,1302
2,249,1293
2,234,1272
2,235,1259
2,243,1309
2,249,1281
2,215,1290
2,277,876
2,243,900
2,256,878
2,251,910
2,279,906
2,288,926
2,309,938
2,254,931
2,261,937
2,248,879
2,257,941
2,292,925
2,253,921
2,291,958
2,289,921
2,250,908
2,224,871
2,233,875
2,232,873
2,275,874
2,309,934
2,294,950
2,268,875
2,244,892
2,255,936
2,284,909
2,252,964
2,265,973
2,246,907
2,258,962
2,277,872
2,237,887
2,273,925
2,236,890
2,245,900
2,247,908
2,234,1100
2,243,1083
2,228,1121
2,230,1119
2,265,1066
2,232,1090
2,235,1111
2,272,1078
2,241,1113
2,257,1121
2,234,1115
2,220,1104
2,220,1116
2,228,1102
2,239,1087
2,242,1074
2,248,1120
2,251,1064
2,287,517
2,269,524
2,295,527
2,240,546
2,268,529
2,252,576
2,244,532
2,232,553
2,253,526
2,261,533
2,327,503
2,237,557
2,301,518
2,291,531
2,284,537
2,236,527
2,235,537
2,306,504
2,321,516
2,328,501
2,239,572
2,239,562
2,322,504
2,236,559
2,266,569
2,265,582
2,280,542
2,271,552
2,288,532
2,273,525
2,236,548
2,270,749
2,310,803
2,273,769
2,265,704
2,223,786
2,288,780
2,275,688
2,282,701
2,219,755
2,222,758
2,279,765
2,272,750
2,281,784
2,273,692
2,218,810
2,276,760
2,283,719
2,248,859
2,223,782
2,256,733
2,219,803
2,278,770
2,271,693
2,246,845
2,245,845
2,264,713
2,221,755
2,295,786
2,224,742
2,219,799
2,284,829
2,243,743
2,246,856
2,286,726
2,298,805
2,239,858
2,271,755
2,303,798
2,278,763
2,219,778
2,276,738
2,274,701
2,223,754
2,232,747
2,304,796
2,277,778
2,279,797
2,230,833
2,275,766
2,224,768
2,255,787
2,270,715
2,297,362
2,237,371
2,338,298
2,265,356
2,376,234
2,253,363
2,295,355
2,297,341
2,280,394
2,408,237
2,293,353
2,350,250
2,338,255
2,373,266
2,326,276
2,339,298
2,289,390
2,276,352
2,352,278
2,283,393
2,353,284
2,301,293
2,233,392
2,302,291
2,409,243
2,338,246
2,401,242
2,324,265
2,314,319
2,292,362
2,299,364
2,373,239
2,377,261
2,385,267
2,385,226
2,406,246
2,283,392
2,265,354
2,294,364
2,291,333
2,328,273
2,345,243
2,353,287
2,338,245
2,283,339
2,281,388
2,283,384
2,405,241
2,399,262
2,315,322
2,310,325
2,303,299
2,368,240
2,385,229
2,360,283
2,311,317
2,351,269
2,302,307
2,317,289
2,338,284
2,228,372
2,282,380
2,272,387
2,281,354
2,340,279
2,241,23
2,282,31
2,241,27
2,285,25
2,241,37
2,287,3
2,245,32
2,248,7
2,263,37
2,244,4
2,273,29
2,247,28
2,291,9
2,294,16
2,243,47
2,234,45
2,241,1258
2,245,1264
2,272,1263
2,264,1261
2,275,1232
2,243,1237
2,244,1254
2,260,1267
2,252,1222
2,283,1238
2,273,1207
2,257,1272
2,262,1206
2,252,1215
2,280,1222
2,263,1216
2,257,1224
2,277,121
2,252,130
2,331,111
2,258,123
2,328,167
2,271,129
2,340,114
2,297,109
2,262,121
2,277,130
2,298,115
2,349,126
2,295,115
2,309,150
2,296,120
2,321,115
2,326,165
2,299,116
2,346,167
2,299,144
2,305,118
2,284,114
2,295,136
2,276,120
2,297,112
2,278,121
2,345,121
2,309,117
2,304,120
2,319,128
2,341,168
2,338,148
2,255,1342
2,263,1350
2,276,1298
2,279,1283
2,283,1278
2,251,1322
2,290,1349
2,286,1344
2,251,1343
2,275,1313
2,279,1309
2,286,1362
2,282,1336
2,254,1311
2,248,1330
2,258,1321
2,256,1352
2,267,1291
2,263,1346
2,270,1295
2,272,1318
2,277,1017
2,297,1033
2,324,1043
2,301,1077
2,263,1031
2,290,999
2,258,1037
2,299,1071
2,273,1063
2,268,1030
2,264,1049
2,320,1059
2,289,1012
2,290,1019
2,311,1073
2,308,1033
2,324,1058
2,277,1082
2,314,1039
2,268,1040
2,304,1073
2,281,1084
2,316,1039
2,268,1050
2,332,1042
2,279,1053
2,268,1045
2,313,1067
2,307,1069
2,351,217
2,264,186
2,279,191
2,338,190
2,324,220
2,305,218
2,344,235
2,258,169
2,285,152
2,346,206
2,294,149
2,264,187
2,342,190
2,341,216
2,318,172
2,278,191
2,346,231
2,292,200
2,323,179
2,286,145
2,322,224
2,348,230
2,348,196
2,272,189
2,330,219
2,347,224
2,341,187
2,287,159
2,298,176
2,350,219
2,339,219
2,345,1148
2,299,1153
2,352,1151
2,346,1150
2,291,1136
2,359,1143
2,312,1162
2,343,1154
2,385,1171
2,396,1148
2,311,1144
2,370,1148
2,356,1162
2,308,1141
2,345,1168
2,349,1154
2,383,1168
2,285,1129
2,383,1151
2,375,1144
2,353,1153
2,300,1150
2,311,1156
2,296,1158
2,299,1132
2,296,1135
2,362,1151
2,408,1150
2,305,1165
2,366,1154
2,483,584
2,482,603
2,439,739
2,438,727
2,350,650
2,468,595
2,335,674
2,289,669
2,301,677
2,360,630
2,487,608
2,421,680
2,361,625
2,454,606
2,488,627
2,382,616
2,424,634
2,451,620
2,337,673
2,469,596
2,351,708
2,383,754
2,385,762
2,432,637
2,299,667
2,438,737
2,371,737
2,303,673
2,372,740
2,368,714
2,420,747
2,445,738
2,409,626
2,323,666
2,434,718
2,308,690
2,371,628
2,297,704
2,446,618
2,394,764
2,396,607
2,436,727
2,375,623
2,327,672
2,286,657
2,352,645
2,330,692
2,475,628
2,376,737
2,361,638
2,378,735
2,426,743
2,437,641
2,442,632
2,405,767
2,480,635
2,424,651
2,347,701
2,307,671
2,346,656
2,484,593
2,480,634
2,459,594
2,438,739
2,306,679
2,347,661
2,442,630
2,303,704
2,392,776
2,419,670
2,484,628
2,480,602
2,415,626
2,483,603
2,425,722
2,353,665
2,368,637
2,396,750
2,404,610
2,457,602
2,401,769
2,401,647
2,456,616
2,389,686
2,363,643
2,356,641
2,435,631
2,380,649
2,314,1206
2,334,1186
2,305,1185
2,310,1168
2,317,1205
2,311,1175
2,320,1205
2,330,1186
2,337,1185
2,295,1229
2,337,1175
2,318,1208
2,295,1233
2,301,1203
2,295,1226
2,314,1172
2,314,1218
2,328,1196
2,325,1382
2,321,1388
2,304,1368
2,334,1378
2,341,1386
2,316,1387
2,320,1374
2,342,1380
2,339,1384
2,297,1366
2,341,1378
2,337,861
2,328,846
2,339,860
2,328,839
2,366,840
2,336,810
2,329,839
2,365,829
2,321,827
2,328,829
2,328,841
2,329,835
2,332,836
2,358,883
2,335,866
2,364,815
2,372,839
2,367,828
2,380,874
2,304,823
2,341,861
2,367,881
2,367,845
2,342,850
2,376,872
2,341,419
2,393,405
2,334,425
2,405,401
2,368,375
2,341,416
2,342,445
2,353,464
2,402,393
2,393,459
2,381,457
2,344,390
2,392,427
2,411,464
2,340,442
2,393,406
2,403,454
2,399,442
2,328,422
2,393,414
2,384,388
2,348,375
2,397,427
2,404,396
2,387,454
2,315,425
2,355,472
2,310,433
2,339,425
2,373,462
2,368,470
2,340,422
2,392,386
2,318,448
2,403,440
2,314,424
2,347,392
2,399,393
2,332,424
2,369,423
2,355,469
2,366,427
2,317,428
2,397,597
2,340,531
2,403,539
2,345,553
2,327,564
2,413,597
2,326,587
2,411,605
2,368,611
2,338,536
2,387,526
2,356,521
2,419,571
2,396,544
2,413,558
2,396,541
2,324,588
2,409,550
2,364,517
2,324,586
2,322,571
2,358,612
2,330,628
2,346,629
2,381,606
2,413,552
2,337,631
2,329,561
2,420,568
2,427,589
2,427,585
2,370,519
2,426,596
2,318,589
2,382,524
2,367,516
2,399,568
2,392,539
2,323,594
2,343,625
2,358,564
2,358,569
2,348,598
2,352,522
2,330,609
2,325,64
2,393,120
2,386,124
2,323,94
2,328,63
2,319,74
2,398,144
2,320,67
2,395,132
2,329,98
2,352,80
2,320,99
2,396,128
2,356,41
2,402,146
2,394,148
2,329,67
2,376,103
2,349,57
2,355,114
2,347,52
2,378,101
2,403,149
2,379,111
2,345,55
2,341,112
2,405,139
2,368,116
2,355,55
2,393,124
2,396,149
2,350,65
2,343,79
2,398,981
2,372,999
2,399,983
2,389,964
2,326,978
2,363,945
2,337,980
2,353,1006
2,344,1002
2,335,1004
2,396,984
2,366,1004
2,383,1003
2,333,1004
2,328,987
2,418,972
2,405,970
2,357,950
2,351,946
2,378,996
2,339,980
2,399,988
2,352,945
2,323,999
2,332,1004
2,365,953
2,374,972
2,360,1049
2,375,1045
2,391,1056
2,371,1015
2,374,1047
2,384,1052
2,389,1033
2,383,1025
2,358,1014
2,370,1012
2,341,1044
2,361,1020
2,367,1013
2,393,1037
2,381,1017
2,370,1014
2,343,1037
2,358,1023
2,367,931
2,363,931
2,360,913
2,429,935
2,405,935
2,341,926
2,357,914
2,347,933
2,408,891
2,355,933
2,403,895
2,337,943
2,341,947
2,402,897
2,380,932
2,366,934
2,457,929
2,413,896
2,430,922
2,428,934
2,428,938
2,357,938
2,425,914
2,374,890
2,384,890
2,365,890
2,383,933
2,363,916
2,339,949
2,422,919
2,405,933
2,381,1180
2,373,1192
2,344,1177
2,344,1188
2,357,1197
2,352,1194
2,343,1175
2,339,1195
2,371,1172
2,356,1174
2,348,1176
2,359,302
2,375,284
2,411,290
2,351,331
2,347,333
2,380,284
2,409,355
2,422,328
2,403,354
2,416,358
2,353,336
2,398,348
2,356,298
2,429,307
2,360,293
2,391,286
2,415,337
2,413,341
2,419,294
2,432,315
2,388,342
2,387,345
2,407,298
2,370,341
2,386,284
2,430,301
2,370,327
2,357,309
2,362,314
2,386,307
2,372,310
2,474,203
2,616,154
2,542,206
2,487,188
2,533,298
2,428,227
2,645,250
2,637,279
2,409,205
2,422,274
2,491,187
2,587,195
2,467,205
2,638,175
2,483,298
2,568,330
2,527,294
2,637,177
2,470,326
2,385,273
2,426,284
2,632,292
2,594,296
2,612,289
2,429,283
2,438,370
2,592,309
2,515,195
2,539,311
2,423,223
2,453,207
2,479,192
2,548,203
2,392,195
2,507,288
2,575,201
2,436,335
2,446,328
2,648,209
2,436,363
2,484,303
2,406,261
2,647,210
2,586,317
2,645,202
2,370,279
2,468,335
2,573,332
2,542,304
2,415,220
2,498,300
2,537,306
2,421,274
2,546,314
2,466,333
2,509,185
2,641,198
2,462,210
2,374,274
2,424,285
2,437,295
2,647,281
2,546,315
2,512,294
2,635,268
2,438,326
2,548,336
2,566,336
2,445,346
2,440,384
2,616,175
2,540,200
2,437,341
2,593,196
2,445,304
2,471,322
2,437,209
2,622,163
2,640,265
2,443,312
2,439,300
2,614,290
2,439,385
2,644,259
2,609,295
2,656,212
2,596,198
2,660,243
2,480,191
2,547,346
2,612,183
2,436,334
2,540,203
2,432,299
2,658,219
2,564,339
2,437,293
2,483,199
2,441,342
2,643,205
2,463,333
2,526,219
2,601,201
2,638,235
2,424,270
2,517,212
2,501,231
2,528,263
2,440,327
2,414,204
2,607,229
2,520,201
2,636,293
2,624,238
2,569,268
2,499,298
2,541,338
2,432,337
2,628,297
2,543,342
2,538,259
2,601,260
2,504,268
2,606,245
2,544,325
2,571,248
2,422,207
2,456,267
2,503,200
2,610,182
2,399,195
2,615,148
2,425,182
2,383,72
2,382,90
2,426,78
2,442,109
2,385,81
2,401,37
2,416,43
2,435,98
2,425,64
2,454,113
2,388,66
2,386,88
2,452,182
2,446,170
2,458,148
2,391,109
2,469,119
2,396,26
2,398,27
2,455,159
2,453,116
2,463,140
2,404,127
2,462,151
2,452,117
2,390,45
2,435,97
2,391,111
2,425,78
2,454,171
2,409,42
2,408,137
2,415,163
2,410,152
2,401,31
2,386,102
2,389,99
2,395,61
2,423,174
2,395,48
2,412,139
2,413,70
2,411,113
2,445,182
2,397,84
2,467,527
2,476,532
2,478,534
2,425,523
2,410,509
2,513,555
2,454,505
2,447,505
2,428,487
2,408,505
2,437,531
2,460,534
2,458,541
2,447,508
2,458,536
2,485,548
2,470,529
2,440,540
2,471,537
2,434,527
2,475,534
2,409,495
2,471,528
2,435,498
2,505,559
2,416,512
2,423,853
2,435,861
2,425,829
2,477,878
2,401,834
2,405,837
2,475,884
2,431,828
2,425,846
2,465,836
2,481,899
2,461,833
2,475,897
2,443,879
2,478,894
2,453,893
2,462,888
2,451,891
2,473,894
2,416,832
2,433,861
2,418,841
2,471,881
2,463,897
2,487,865
2,448,849
2,437,899
2,487,864
2,486,862
2,442,1059
2,436,1057
2,442,1051
2,404,1038
2,443,1068
2,442,1058
2,435,1090
2,430,1046
2,406,1061
2,422,1096
2,451,1072
2,447,1079
2,447,1060
2,416,1033
2,406,1036
2,406,1059
2,446,1070
2,407,1028
2,416,1088
2,424,1086
2,405,1079
2,435,1049
2,433,1159
2,451,1181
2,414,1157
2,430,1196
2,414,1156
2,438,1196
2,441,1162
2,402,1175
2,443,1165
2,419,1154
2,433,1152
2,411,1165
2,435,1160
2,423,1161
2,430,1197
2,447,1054
2,497,1035
2,422,1025
2,450,1058
2,510,1059
2,455,1063
2,464,1006
2,451,999
2,479,1078
2,461,989
2,473,1023
2,483,1075
2,444,1043
2,463,995
2,431,1035
2,453,1058
2,505,1086
2,456,1066
2,441,1046
2,444,1041
2,425,1008
2,460,1062
2,510,1053
2,500,1041
2,441,999
2,439,997
2,508,1071
2,511,1081
2,428,1013
2,463,1052
2,497,1085
2,467,1027
2,507,1044
2,427,1140
2,461,1138
2,440,1148
2,457,1144
2,457,1123
2,441,1119
2,448,1141
2,444,1117
2,455,1122
2,430,1143
2,443,1117
2,454,682
2,452,729
2,436,682
2,470,714
2,472,694
2,478,760
2,471,716
2,446,712
2,473,679
2,463,754
2,452,726
2,436,706
2,432,685
2,429,682
2,446,677
2,470,739
2,423,683
2,470,688
2,466,755
2,477,702
2,472,739
2,472,675
2,445,682
2,470,665
2,472,758
2,465,746
2,447,685
2,471,735
2,471,723
2,495,800
2,500,776
2,446,793
2,450,795
2,444,767
2,438,768
2,477,776
2,485,815
2,450,804
2,446,777
2,462,821
2,455,818
2,441,759
2,453,812
2,450,810
2,512,772
2,450,763
2,501,805
2,458,824
2,451,808
2,459,769
2,445,796
2,460,819
2,476,824
2,436,755
2,455,793
2,478,830
2,496,1094
2,481,1130
2,477,1121
2,459,1114
2,498,1133
2,499,1127
2,461,1080
2,505,1103
2,474,1085
2,455,1110
2,512,1113
2,455,1113
2,465,1119
2,482,1130
2,453,1091
2,482,1123
2,463,1079
2,505,1102
2,444,1095
2,503,1146
2,455,1150
2,516,1194
2,464,1129
2,499,1140
2,505,1147
2,506,1148
2,512,1185
2,455,1151
2,467,1200
2,449,1159
2,519,1165
2,461,1155
2,464,1181
2,516,1183
2,463,1144
2,469,1139
2,467,1194
2,490,1143
2,483,1199
2,510,1152
2,499,1185
2,488,1143
2,488,1187
2,467,1128
2,496,359
2,501,392
2,526,402
2,536,443
2,492,369
2,497,401
2,539,448
2,474,424
2,468,439
2,505,472
2,502,466
2,470,438
2,493,387
2,500,376
2,501,368
2,496,357
2,486,418
2,495,360
2,507,352
2,507,360
2,496,461
2,498,400
2,496,396
2,493,407
2,501,350
2,474,427
2,499,379
2,474,456
2,467,449
2,503,349
2,473,442
2,478,452
2,505,426
2,514,173
2,597,146
2,583,174
2,571,197
2,554,146
2,545,135
2,504,159
2,531,145
2,532,116
2,566,190
2,593,174
2,545,133
2,534,184
2,492,161
2,539,129
2,607,146
2,569,148
2,513,155
2,549,136
2,611,144
2,561,144
2,518,141
2,543,192
2,597,170
2,544,189
2,603,177
2,552,191
2,545,136
2,608,138
2,547,187
2,511,169
2,608,150
2,555,173
2,576,153
2,530,673
2,567,715
2,495,690
2,519,698
2,586,702
2,568,712
2,562,713
2,563,709
2,532,708
2,597,669
2,642,663
2,508,670
2,588,706
2,555,673
2,530,676
2,561,680
2,557,678
2,640,663
2,570,714
2,575,679
2,490,697
2,549,711
2,526,706
2,545,719
2,503,668
2,589,703
2,589,670
2,637,668
2,616,673
2,573,705
2,554,673
2,500,679
2,551,674
2,594,691
2,600,689
2,537,669
2,505,677
2,554,1191
2,584,1138
2,547,1097
2,578,1169
2,592,1148
2,549,1068
2,521,1119
2,544,1096
2,546,1204
2,523,1152
2,544,1200
2,537,1175
2,545,1051
2,595,1144
2,558,1116
2,545,1078
2,528,1166
2,516,1153
2,565,1218
2,548,1111
2,518,1125
2,524,1118
2,554,1110
2,555,1118
2,540,1089
2,563,1171
2,578,1168
2,524,1154
2,595,1136
2,551,1210
2,528,1108
2,589,1131
2,530,1173
2,530,1102
2,587,1140
2,587,1158
2,581,1126
2,554,1183
2,541,1084
2,574,1125
2,570,1129
2,534,1087
2,552,1132
2,580,794
2,547,801
2,566,758
2,591,822
2,519,768
2,544,750
2,559,796
2,529,765
2,516,774
2,517,790
2,522,766
2,553,796
2,547,743
2,511,787
2,577,791
2,570,777
2,574,780
2,542,750
2,584,788
2,541,794
2,562,758
2,552,792
2,559,748
2,648,974
2,595,1008
2,584,1021
2,559,967
2,604,964
2,571,969
2,650,974
2,586,1037
2,653,938
2,544,985
2,587,967
2,640,952
2,553,968
2,614,964
2,579,1006
2,661,933
2,649,938
2,586,1020
2,533,981
2,602,994
2,532,976
2,638,953
2,528,984
2,554,976
2,532,982
2,561,972
2,653,932
2,537,974
2,624,979
2,554,983
2,578,968
2,663,961
2,595,1004
2,662,932
2,543,983
2,598,949
2,542,985
2,570,982
2,589,1034
2,566,968
2,558,968
2,588,1043
2,656,592
2,576,642
2,559,630
2,688,571
2,612,551
2,620,549
2,623,611
2,587,558
2,613,544
2,669,575
2,673,571
2,612,615
2,597,626
2,601,625
2,570,575
2,668,587
2,597,627
2,666,585
2,650,599
2,586,572
2,569,627
2,603,631
2,673,581
2,643,550
2,584,631
2,608,534
2,589,636
2,670,580
2,634,552
2,644,609
2,563,620
2,574,596
2,584,630
2,590,542
2,668,586
2,650,601
2,577,582
2,665,590
2,600,537
2,617,610
2,602,585
2,660,594
2,608,599
2,624,594
2,590,602
2,648,609
2,604,566
2,649,555
2,647,1210
2,584,1198
2,588,1198
2,589,1192
2,638,1197
2,604,1194
2,648,1198
2,553,1235
2,586,1222
2,634,1192
2,594,1200
2,579,1224
2,619,1191
2,645,1203
2,573,1223
2,626,1209
2,655,1202
2,646,1196
2,574,1215
2,579,1214
2,656,1199
2,579,1230
2,587,1213
2,621,1217
2,606,746
2,648,766
2,645,768
2,631,762
2,604,743
2,591,746
2,655,773
2,580,744
2,632,785
2,591,784
2,586,744
2,559,738
2,602,793
2,633,765
2,662,771
2,594,787
2,605,750
2,650,780
2,646,786
2,593,789
2,576,761
2,568,737
2,657,781
2,586,773
2,599,786
2,619,743
2,618,756
2,617,759
2,572,748
2,625,766
2,632,1241
2,626,1302
2,635,1244
2,583,1236
2,603,1262
2,630,1241
2,608,1290
2,623,1231
2,643,1329
2,643,1303
2,615,1298
2,635,1266
2,624,1309
2,603,1281
2,593,1227
2,585,1232
2,628,1262
2,595,1268
2,638,1337
2,644,1330
2,645,1366
2,627,1237
2,624,1221
2,627,1308
2,642,1337
2,619,1228
2,643,1354
2,624,1303
2,625,1235
2,628,1317
2,632,1266
2,651,1364
2,649,1352
2,596,1233
2,596,1257
2,634,1323
2,673,1029
2,634,988
2,625,989
2,639,1033
2,614,1004
2,644,1029
2,640,1032
2,613,996
2,638,1029
2,642,993
2,607,1025
2,628,991
2,666,1043
2,655,1032
2,609,1006
2,651,995
2,606,1011
2,662,1012
2,660,1038
2,631,1021
2,649,992
2,632,1099
2,635,1127
2,642,1060
2,633,1107
2,654,1043
2,637,1088
2,629,1046
2,630,1096
2,642,1040
2,645,1062
2,625,1090
2,626,1102
2,638,1043
2,638,1112
2,635,1107
2,626,1093
2,628,1087
2,630,1109
2,632,1124
2,650,1067
2,630,1076
2,713,277
2,762,349
2,790,336
2,817,379
2,665,328
2,739,292
2,730,344
2,759,352
2,670,327
2,797,336
2,709,207
2,834,357
2,659,323
2,822,338
2,822,336
2,716,273
2,748,365
2,738,278
2,760,312
2,651,318
2,716,267
2,762,350
2,737,384
2,735,381
2,695,321
2,795,356
2,694,200
2,749,313
2,695,311
2,721,272
2,716,248
2,638,318
2,749,303
2,700,200
2,673,321
2,716,274
2,720,262
2,834,363
2,730,265
2,738,289
2,800,332
2,758,355
2,781,332
2,834,368
2,741,289
2,808,334
2,710,207
2,806,328
2,729,344
2,735,378
2,799,332
2,736,266
2,826,382
2,833,343
2,749,305
2,735,403
2,625,317
2,636,318
2,718,266
2,674,190
2,758,315
2,807,371
2,761,349
2,742,328
2,809,341
2,837,350
2,693,316
2,647,322
2,797,356
2,790,333
2,698,312
2,836,367
2,796,364
2,625,1179
2,664,1167
2,628,1180
2,687,1176
2,679,1190
2,638,1176
2,623,1180
2,641,1176
2,693,1190
2,657,1170
2,642,1175
2,651,1194
2,672,1171
2,659,1195
2,644,1172
2,702,1182
2,636,1188
2,720,442
2,741,506
2,752,594
2,758,529
2,675,472
2,755,559
2,732,548
2,700,539
2,725,440
2,656,456
2,713,532
2,685,505
2,760,561
2,662,431
2,637,429
2,682,487
2,711,537
2,734,546
2,659,404
2,678,402
2,737,484
2,707,405
2,736,484
2,709,532
2,675,483
2,661,386
2,678,480
2,747,560
2,663,454
2,641,445
2,752,545
2,681,524
2,696,534
2,698,405
2,662,387
2,732,544
2,727,433
2,724,450
2,749,568
2,753,559
2,664,401
2,649,453
2,663,432
2,728,551
2,629,431
2,695,545
2,702,403
2,747,582
2,658,450
2,654,431
2,719,466
2,631,441
2,708,412
2,666,401
2,672,445
2,702,460
2,710,492
2,748,553
2,682,523
2,682,475
2,677,462
2,696,455
2,703,526
2,684,464
2,714,541
2,675,671
2,680,701
2,648,699
2,648,712
2,749,649
2,669,653
2,715,685
2,735,689
2,707,623
2,657,693
2,685,650
2,726,680
2,643,701
2,728,641
2,729,684
2,686,695
2,644,702
2,658,696
2,669,657
2,727,687
2,633,700
2,738,668
2,671,726
2,632,699
2,638,706
2,675,651
2,684,704
2,673,660
2,739,647
2,670,678
2,736,648
2,653,716
2,734,646
2,740,651
2,681,652
2,677,710
2,671,655
2,737,643
2,665,683
2,681,650
2,667,708
2,696,737
2,651,821
2,689,811
2,666,780
2,673,804
2,674,773
2,700,796
2,707,775
2,670,785
2,707,732
2,648,821
2,676,770
2,703,790
2,709,768
2,709,761
2,675,810
2,651,820
2,697,733
2,708,782
2,675,763
2,664,815
2,674,753
2,697,742
2,705,730
2,693,813
2,713,726
2,675,770
2,716,757
2,697,799
2,673,754
2,692,807
2,642,829
2,680,766
2,716,1278
2,734,1272
2,699,1292
2,682,1354
2,716,1286
2,675,1358
2,673,1360
2,727,1274
2,735,1291
2,666,1352
2,688,1300
2,700,1331
2,678,1306
2,733,1270
2,680,1335
2,706,1327
2,679,1340
2,675,1357
2,689,1344
2,710,1285
2,680,1309
2,716,1279
2,708,1330
2,671,1346
2,688,1322
2,711,1315
2,716,1381
2,714,1376
2,688,1386
2,721,1382
2,680,1383
2,691,1381
2,763,1371
2,681,1384
2,721,1348
2,701,1364
2,728,1375
2,708,1355
2,753,1360
2,713,1383
2,748,1370
2,739,1348
2,722,1373
2,675,1389
2,753,1372
2,740,1365
2,744,1349
2,729,1366
2,743,1345
2,744,1213
2,748,1142
2,744,1146
2,713,1190
2,718,1177
2,711,1178
2,714,1227
2,735,1165
2,707,1189
2,718,1247
2,710,1158
2,728,1129
2,738,1127
2,708,1226
2,741,1174
2,736,1167
2,754,1144
2,741,1192
2,748,1222
2,706,1239
2,705,1236
2,721,1244
2,726,1136
2,708,1222
2,737,1125
2,709,1215
2,737,1132
2,735,1170
2,714,1166
2,716,1249
2,719,1229
2,727,1155
2,713,1199
2,712,1171
2,708,1106
2,789,1064
2,802,1063
2,734,1029
2,709,1104
2,732,1048
2,739,1050
2,775,1034
2,719,1061
2,799,1062
2,740,1040
2,797,1061
2,731,1068
2,749,1082
2,799,1065
2,717,1061
2,718,1103
2,765,1034
2,768,1040
2,749,1035
2,779,1041
2,716,1098
2,715,1098
2,763,1037
2,736,1032
2,762,1082
2,729,1055
2,766,1044
2,796,1029
2,741,997
2,707,1017
2,757,992
2,773,993
2,755,995
2,727,1015
2,787,984
2,775,1027
2,765,1027
2,775,1023
2,743,1002
2,728,1010
2,804,1012
2,747,1025
2,744,1016
2,782,991
2,741,1010
2,739,1019
2,798,1026
2,769,1031
2,759,1001
2,791,1027
2,753,700
2,794,792
2,819,803
2,759,826
2,846,717
2,853,714
2,731,766
2,746,674
2,800,669
2,808,805
2,777,795
2,824,708
2,750,706
2,849,758
2,805,802
2,757,706
2,752,822
2,752,687
2,719,803
2,849,759
2,723,793
2,723,790
2,724,770
2,730,774
2,722,769
2,834,807
2,739,722
2,851,711
2,819,704
2,819,805
2,760,703
2,819,802
2,853,769
2,817,807
2,731,746
2,728,759
2,807,801
2,733,755
2,757,658
2,816,801
2,827,702
2,826,708
2,800,674
2,727,772
2,757,816
2,851,739
2,736,816
2,828,805
2,802,693
2,827,786
2,837,751
2,831,744
2,842,791
2,820,802
2,718,793
2,767,725
2,767,690
2,763,701
2,763,742
2,787,780
2,845,741
2,835,797
2,777,742
2,813,783
2,831,760
2,769,841
2,821,903
2,812,913
2,870,903
2,792,913
2,875,911
2,750,844
2,780,846
2,827,879
2,761,851
2,867,905
2,753,880
2,772,898
2,767,893
2,796,913
2,830,887
2,740,855
2,872,899
2,779,932
2,749,866
2,828,887
2,778,904
2,750,857
2,840,910
2,754,877
2,860,925
2,812,864
2,739,851
2,772,846
2,777,846
2,778,846
2,826,907
2,848,921
2,821,877
2,861,922
2,741,850
2,761,886
2,814,862
2,813,861
2,810,902
2,784,893
2,809,892
2,874,915
2,826,1097
2,790,1088
2,785,1158
2,779,1162
2,820,1124
2,803,1089
2,731,1107
2,749,1106
2,814,1094
2,832,1099
2,754,1112
2,749,1112
2,800,1082
2,769,1097
2,814,1097
2,763,1122
2,823,1096
2,803,1157
2,765,1098
2,780,1162
2,825,1115
2,764,1125
2,754,1102
2,748,1114
2,839,1095
2,804,1096
2,745,1099
2,769,1147
2,761,1121
2,829,1099
2,782,1124
2,810,1110
2,785,1089
2,789,1116
2,779,1085
2,759,1341
2,788,1270
2,775,1262
2,757,1296
2,768,1262
2,808,1286
2,781,1331
2,739,1305
2,805,1280
2,803,1279
2,808,1293
2,794,1312
2,745,1330
2,750,1305
2,802,1307
2,764,1341
2,742,1335
2,792,1270
2,749,1303
2,778,1323
2,765,1338
2,739,1336
2,806,1295
2,800,1307
2,811,1281
2,778,1324
2,752,1295
2,793,1314
2,813,1273
2,847,814
2,906,833
2,853,645
2,916,778
2,890,715
2,836,854
2,779,818
2,861,633
2,844,675
2,873,743
2,907,802
2,844,686
2,919,769
2,798,829
2,907,812
2,870,726
2,874,747
2,865,800
2,860,692
2,891,719
2,910,786
2,832,851
2,834,823
2,844,857
2,887,730
2,782,813
2,858,650
2,870,700
2,846,853
2,873,709
2,900,828
2,882,825
2,902,675
2,893,674
2,852,688
2,872,703
2,916,836
2,897,674
2,902,832
2,917,778
2,819,844
2,891,725
2,827,822
2,912,786
2,875,745
2,920,772
2,844,688
2,853,806
2,887,831
2,904,835
2,851,636
2,848,686
2,817,844
2,876,759
2,861,639
2,875,717
2,888,831
2,831,668
2,895,825
2,853,855
2,814,848
2,850,850
2,910,758
2,859,696
2,871,769
2,913,810
2,882,712
2,867,667
2,861,678
2,907,785
2,849,824
2,872,799
2,835,661
2,862,648
2,848,833
2,891,756
2,906,822
2,891,833
2,857,696
2,864,670
2,860,961
2,882,1040
2,823,959
2,828,1032
2,800,989
2,823,1021
2,846,1006
2,824,1013
2,801,959
2,829,1024
2,855,952
2,884,1046
2,796,990
2,868,1035
2,833,944
2,816,959
2,884,1051
2,815,1011
2,878,1053
2,814,964
2,803,996
2,857,1049
2,875,1033
2,840,990
2,859,961
2,876,1058
2,841,1043
2,846,949
2,842,1040
2,814,961
2,869,1023
2,852,1007
2,857,969
2,798,967
2,827,960
2,792,959
2,843,1003
2,837,965
2,856,957
2,813,1011
2,855,964
2,852,950
2,861,1048
2,901,1175
2,828,1247
2,838,1226
2,856,1215
2,899,1166
2,859,1245
2,919,1147
2,910,1150
2,871,1206
2,910,1147
2,903,1183
2,885,1228
2,874,1202
2,911,1193
2,823,1246
2,819,1264
2,831,1242
2,825,1254
2,887,1217
2,819,1259
2,854,1226
2,910,1193
2,909,1158
2,829,1257
2,912,1149
2,896,1176
2,896,1211
2,881,1190
2,911,1139
2,881,1238
2,856,1221
2,870,1204
2,841,1233
2,887,1248
2,906,1208
2,879,1236
2,917,1151
2,881,1248
2,886,1245
2,871,1241
2,870,1196
2,908,1147
2,853,171
2,948,160
2,893,265
2,931,192
2,853,256
2,881,159
2,895,264
2,846,240
2,844,180
2,945,178
2,963,170
2,962,168
2,879,260
2,929,193
2,926,208
2,940,163
2,871,257
2,901,255
2,902,272
2,899,260
2,921,234
2,893,159
2,873,160
2,856,173
2,905,159
2,887,150
2,924,209
2,846,241
2,842,262
2,848,242
2,960,176
2,925,169
2,961,179
2,920,166
2,908,242
2,942,164
2,924,168
2,904,158
2,840,229
2,828,226
2,948,161
2,907,168
2,845,183
2,921,169
2,861,182
2,901,201
2,894,191
2,915,234
2,902,278
2,905,235
2,894,164
2,867,241
2,866,248
2,958,175
2,855,1352
2,843,1360
2,893,1316
2,894,1342
2,888,1348
2,884,1318
2,861,1344
2,854,1350
2,838,1363
2,826,1377
2,903,1378
2,914,1382
2,899,1361
2,892,1350
2,827,1380
2,896,1333
2,867,1350
2,877,1336
2,830,1385
2,909,1373
2,885,1315
2,851,1360
2,835,1371
2,893,1324
2,889,1362
2,864,1353
2,845,1131
2,923,1102
2,857,1129
2,931,1057
2,867,1142
2,891,1088
2,891,1085
2,924,1095
2,929,1079
2,931,1047
2,841,1121
2,879,1102
2,863,1143
2,922,1050
2,885,1087
2,874,1142
2,905,1141
2,944,1110
2,829,1129
2,877,1100
2,900,1071
2,873,1110
2,934,1073
2,856,1125
2,901,1140
2,925,1097
2,865,1143
2,950,1108
2,844,1124
2,927,1039
2,901,1147
2,904,1134
2,902,1140
2,945,1109
2,862,1114
2,929,1059
2,851,1125
2,923,1047
2,894,1090
2,911,1116
2,911,1041
2,926,1080
2,835,1128
2,986,848
2,917,861
2,882,866
2,939,896
2,957,879
2,947,886
2,904,864
2,879,906
2,972,832
2,925,915
2,967,841
2,887,886
2,988,861
2,912,914
2,895,858
2,884,881
2,893,924
2,955,877
2,913,863
2,915,914
2,910,920
2,987,866
2,899,861
2,985,870
2,983,843
2,943,887
2,992,852
2,939,892
2,988,864
2,890,920
2,915,865
2,930,922
2,884,885
2,955,841
2,882,857
2,895,885
2,889,885
2,904,880
2,917,885
2,931,883
2,939,852
2,996,964
2,958,900
2,963,990
2,917,983
2,965,894
2,969,899
2,992,928
2,991,926
2,981,915
2,904,997
2,972,1002
2,955,988
2,924,951
2,983,965
2,925,963
2,971,981
2,1009,954
2,978,976
2,957,896
2,986,927
2,989,910
2,962,915
2,905,991
2,975,896
2,975,905
2,916,952
2,961,988
2,959,917
2,948,992
2,982,963
2,993,921
2,955,911
2,921,960
2,1011,932
2,978,1012
2,899,1009
2,945,1007
2,965,998
2,977,913
2,994,957
2,964,939
2,948,950
2,940,939
2,918,943
2,967,900
2,988,1158
2,992,1351
2,964,1194
2,946,1271
2,962,1143
2,993,1352
2,966,1195
2,1002,1171
2,1013,1170
2,966,1169
2,986,1289
2,1026,1210
2,968,1289
2,985,1241
2,967,1180
2,1038,1194
2,978,1284
2,993,1342
2,970,1277
2,980,1288
2,1005,1167
2,1010,1211
2,984,1302
2,982,1309
2,984,1162
2,1027,1171
2,974,1271
2,995,1333
2,1022,1213
2,978,1323
2,970,1161
2,1003,1165
2,989,1333
2,932,1270
2,1007,1174
2,962,1151
2,951,1272
2,978,1276
2,960,1204
2,963,1154
2,975,1254
2,1007,1169
2,966,1184
2,985,1341
2,966,1292
2,976,1160
2,971,1298
2,972,1281
2,965,1198
2,1001,1336
2,977,1238
2,945,1235
2,970,1168
2,1037,1204
2,984,1169
2,1032,1187
2,1004,1176
2,979,1300
2,1014,1212
2,976,1260
2,981,1313
2,954,768
2,936,799
2,959,804
2,1023,787
2,964,805
2,948,757
2,929,752
2,929,793
2,991,797
2,1015,800
2,955,813
2,956,762
2,982,805
2,983,766
2,990,808
2,1017,805
2,1009,800
2,1019,783
2,934,788
2,982,764
2,963,808
2,932,785
2,1016,801
2,988,799
2,960,809
2,1007,800
2,978,790
2,942,750
2,1006,804
2,988,809
2,1022,445
2,1020,449
2,982,475
2,964,395
2,1007,397
2,995,470
2,982,478
2,999,390
2,975,465
2,973,405
2,953,456
2,1019,452
2,942,425
2,943,457
2,993,469
2,1019,444
2,949,457
2,1037,409
2,1037,432
2,1013,458
2,949,423
2,946,418
2,956,421
2,1009,451
2,940,423
2,1035,424
2,960,451
2,940,450
2,940,425
2,946,415
2,1039,407
2,1006,398
2,984,401
2,964,444
2,936,452
2,952,443
2,963,407
2,1036,500
2,1034,559
2,984,561
2,1007,482
2,984,563
2,1036,570
2,992,570
2,989,580
2,1036,564
2,970,498
2,1022,468
2,992,572
2,1006,478
2,1015,477
2,974,492
2,988,486
2,994,597
2,994,485
2,948,498
2,988,583
2,972,563
2,1037,569
2,1024,491
2,939,531
2,976,488
2,1026,490
2,1005,586
2,1010,480
2,1019,472
2,1018,584
2,958,493
2,1016,582
2,1028,507
2,979,568
2,1021,470
2,1015,589
2,1029,527
2,977,554
2,947,506
2,1016,581
2,1004,519
2,1021,1029
2,1022,1043
2,1018,1023
2,1007,1104
2,1007,1089
2,1011,1084
2,1017,1027
2,1033,1026
2,1019,1046
2,1000,1122
2,1012,1084
2,1026,1048
2,1009,1109
2,1035,1126
2,1037,1064
2,1006,1114
2,1014,1126
2,1033,1034
2,1039,1060
2,1019,1030
2,1003,1094
2,1016,1023
2,1030,1070
2,1027,1073
2,1025,770
2,1028,775
2,1039,780
2,1036,726
2,1027,781
2,1032,725
2,1000,739
2,1019,765
2,1006,738
2,1011,742
2,1011,740
2,1037,762
2,1031,1237
2,1005,1302
2,1016,1276
2,1022,1256
2,1023,1253
2,1002,1310
2,1030,1285
2,1017,1268
2,1035,1281
2,1024,1268
2,1039,1233
2,1035,1262
2,1031,1276
2,1034,1222
2,1037,1230
2,1013,1282
2,1033,1216
2,1027,1240
2,1003,1296
2,1038,1241
